p1128,p1635
p675,p137
p1396,p1270
p1235,p285
p434,p785
p1163,p1117
p86,p1635
p1368,p1093
p23,p1550
p218,p267
p778,p1283
p773,p782
p244,p1270
p1210,p285
p1710,p285
p265,p1843
p268,p1500
p659,p1500
p1771,p782
p1790,p1616
p1028,p267
p177,p42
p468,p686
p167,p782
p1814,p1635
p529,p1117
p528,p1900
p1892,p1991
p996,p133
p836,p1550
p114,p782
p786,p266
p1341,p1434
p240,p341
p1266,p785
p921,p873
p336,p1900
p725,p341
p20,p1900
p1170,p1900
p8,p266
p5,p634
p1316,p1116
p718,p927
p569,p627
p1150,p785
p704,p1093
p1022,p42
p807,p499
p698,p133
p1408,p634
p1413,p782
p1618,p1560
p1585,p1991
p1609,p1900
p639,p137
p1014,p1116
p122,p266
p1438,p285
p362,p1117
p366,p1434
p1248,p821
p697,p266
p1841,p941
p1850,p314
p1148,p42
p1851,p638
p628,p369
p494,p1025
p1854,p1117
p1428,p1992
p1838,p1991
p413,p1900
p789,p1500
p1682,p1025
p1674,p634
p1691,p275
p748,p267
p269,p782
p1125,p1093
p1105,p1179
p1507,p1180
p1504,p782
p299,p1965
p1726,p1740
p1537,p1451
p1175,p1283
p436,p1616
p796,p1270
p1071,p279
p1561,p137
p1069,p1900
p313,p1500
p442,p471
p1215,p1900
p783,p1434
p1567,p1174
p1772,p1616
p1773,p137
p787,p1270
p205,p627
p1777,p1500
p1222,p1500
p1680,p1116
p109,p314
p1138,p1616
p1801,p1174
p513,p137
p845,p1472
p867,p1900
p949,p1451
p559,p1635
p94,p1616
p981,p1616
p923,p1991
p1379,p634
p1274,p1991
p1337,p1965
p966,p285
p972,p686
p1340,p1900
p1364,p1500
p1276,p941
p1289,p1991
p886,p42
p1387,p927
p103,p1965
p919,p1174
p606,p782
p1363,p1434
p1982,p1179
p1505,p1900
p1094,p1434
p1711,p1900
p1924,p1179
p1948,p1451
p755,p279
p258,p686
p259,p1991
p1923,p1093
p1510,p1965
p1512,p634
p944,p1991
p1050,p1117
p249,p686
p1342,p785
p1725,p1963
p1058,p873
p1488,p1270
p1748,p927
p1746,p1174
p446,p1093
p1936,p279
p222,p873
p1067,p133
p953,p267
p1766,p1500
p553,p499
p1073,p314
p874,p98
p1051,p1740
p49,p1635
p225,p1283
p552,p1560
p1114,p1708
p273,p1965
p694,p341
p1575,p1093
p375,p239
p1626,p1740
p1624,p638
p333,p279
p1976,p1179
p13,p1635
p1977,p848
p1320,p1354
p920,p1093
p1589,p550
p714,p941
p1981,p627
p588,p1472
p1590,p782
p1597,p941
p1162,p373
p1988,p1616
p1167,p1708
p560,p1449
p1570,p285
p1299,p1472
p1521,p98
p562,p782
p1113,p373
p1522,p163
p1523,p1635
p742,p1992
p1964,p275
p1966,p1093
p412,p1093
p1672,p1283
p676,p1116
p1670,p1180
p409,p267
p295,p927
p929,p314
p1652,p782
p310,p471
p572,p279
p1972,p1180
p1332,p1174
p1774,p927
p1492,p777
p1418,p1270
p1392,p1560
p124,p927
p503,p1965
p465,p1500
p355,p1965
p1863,p1991
p1019,p1500
p810,p499
p467,p1270
p1003,p1117
p486,p1179
p1806,p785
p128,p42
p1828,p634
p470,p279
p485,p1992
p168,p1117
p861,p279
p129,p1635
p151,p821
p1813,p1025
p1420,p785
p1907,p285
p970,p1093
p1269,p279
p1481,p266
p637,p1117
p969,p499
p1812,p267
p136,p341
p182,p873
p73,p1963
p847,p1900
p110,p550
p1407,p1635
p535,p1093
p790,p267
p509,p1616
p1233,p1500
p113,p1500
p534,p1117
p463,p1449
p195,p941
p1785,p927
p1399,p275
p117,p1900
p838,p137
p1414,p1451
p1893,p1550
p507,p389
p187,p634
p158,p785
p1033,p1963
p461,p275
p1468,p1451
p1469,p314
p1252,p1116
p1429,p1025
p1552,p279
p1272,p1616
p1545,p314
p1173,p1900
p1542,p1708
p496,p1354
p394,p267
p684,p1900
p1365,p627
p593,p1093
p1406,p1965
p360,p1117
p1317,p1180
p1164,p1025
p1304,p1965
p367,p1560
p618,p1117
p1165,p1991
p1416,p1180
p1578,p137
p1540,p1180
p374,p314
p696,p279
p377,p1472
p1166,p1740
p1263,p782
p1271,p1635
p383,p1560
p1325,p314
p1328,p1965
p525,p1117
p564,p499
p402,p1117
p558,p1093
p557,p133
p531,p1900
p1343,p1900
p1344,p1434
p533,p638
p1347,p1991
p1211,p1116
p1464,p267
p599,p1900
p656,p1740
p1201,p1740
p1494,p1500
p458,p1174
p1214,p42
p1470,p782
p1234,p1740
p1484,p1174
p1230,p1992
p537,p266
p1483,p314
p538,p1116
p608,p638
p1476,p1708
p1291,p1900
p1536,p1900
p643,p1270
p425,p1093
p1333,p267
p1181,p373
p1534,p42
p1532,p848
p1435,p279
p488,p627
p1335,p1708
p1377,p137
p1531,p499
p527,p785
p1245,p1434
p1509,p1174
p1530,p1500
p479,p1616
p1446,p1560
p477,p1991
p1454,p1283
p1196,p1560
p1197,p1708
p597,p1472
p642,p1283
p1457,p499
p1514,p267
p1513,p1560
p563,p1900
p1593,p1963
p1312,p1270
p1156,p1117
p155,p1900
p152,p1900
p1833,p1963
p1010,p1093
p827,p1116
p1839,p627
p829,p133
p1015,p275
p1998,p279
p134,p1472
p1855,p42
p1856,p1991
p1866,p1963
p839,p638
p841,p314
p115,p1500
p135,p1116
p1822,p785
p814,p627
p165,p764
p1064,p1965
p1056,p764
p1765,p1900
p1054,p1449
p215,p1708
p209,p279
p206,p1843
p788,p785
p196,p1900
p193,p686
p1038,p275
p1031,p1117
p1793,p137
p808,p133
p174,p499
p173,p1963
p1810,p1174
p1873,p1635
p844,p275
p990,p1708
p1883,p1116
p45,p1991
p1946,p1270
p41,p1991
p1951,p1991
p1953,p341
p943,p1991
p942,p1635
p939,p279
p933,p1963
p1967,p373
p28,p1635
p27,p42
p22,p777
p19,p98
p1975,p1116
p17,p1174
p912,p471
p1944,p1965
p231,p1616
p945,p1963
p880,p1991
p1884,p369
p99,p133
p1885,p1434
p96,p686
p1894,p1740
p1896,p1740
p854,p1093
p77,p1843
p75,p275
p74,p1965
p70,p634
p1919,p369
p68,p341
p1920,p369
p869,p1270
p954,p873
p1937,p373
p51,p1616
p232,p1708
p1816,p98
p272,p750
p1131,p275
p1107,p42
p1129,p267
p291,p777
p1644,p1093
p1612,p1560
p1145,p1180
p1615,p1093
p338,p821
p344,p1451
p1688,p1116
p1657,p750
p1686,p133
p331,p638
p1627,p266
p1143,p1900
p324,p1616
p280,p782
p1662,p42
p1638,p1472
p1656,p163
p1699,p638
p726,p1117
p752,p634
p1151,p750
p767,p777
p1733,p239
p765,p1093
p1075,p1283
p1076,p1116
p1649,p1283
p734,p1963
p1639,p137
p287,p42
p1671,p1900
p1651,p638
p350,p777
p1602,p1270
p1704,p1635
p315,p1635
p307,p782
p731,p627
p1701,p821
p304,p927
p1280,p1472
p959,p1283
p957,p1991
p772,p848
p1139,p1116
p1140,p782
p1169,p1025
p960,p686
p1171,p1179
p1137,p133
p963,p782
p860,p1116
p870,p1965
p1281,p42
p884,p927
p951,p275
p905,p1963
p1307,p1963
p903,p1963
p901,p1434
p1302,p634
p709,p1449
p1301,p137
p926,p1635
p702,p764
p897,p1900
p712,p1434
p1147,p1965
p930,p1093
p596,p267
p931,p1117
p1144,p266
p717,p782
p977,p42
p720,p137
p881,p1708
p721,p782
p1298,p133
p1297,p1991
p952,p1434
p688,p373
p846,p1991
p1177,p785
p1242,p764
p1195,p1472
p815,p1740
p1241,p1740
p641,p133
p813,p1093
p705,p1616
p1112,p137
p1018,p1740
p1098,p98
p1240,p1991
p1024,p373
p673,p1708
p753,p1116
p1041,p782
p754,p133
p795,p1180
p1044,p1965
p791,p137
p1095,p1900
p1205,p873
p1086,p785
p1220,p1283
p1082,p1174
p1065,p1900
p658,p389
p1039,p1708
p1136,p1616
p635,p1270
p741,p1354
p852,p1354
p983,p1900
p1178,p98
p986,p638
p1268,p1093
p617,p275
p1133,p1616
p770,p1708
p991,p1560
p842,p1550
p1130,p279
p992,p1708
p818,p1560
p837,p1270
p993,p1449
p620,p1434
p995,p137
p1184,p634
p1259,p285
p679,p266
p735,p42
p998,p285
p626,p1843
p828,p42
p630,p686
p1121,p314
p1183,p1093
p999,p785
p1475,p1740
p583,p373
p260,p499
p1703,p1174
p1705,p1635
p1719,p1635
p1731,p785
p242,p1963
p1737,p267
p236,p1116
p235,p1472
p1738,p1560
p1739,p1635
p1760,p1740
p223,p1708
p220,p1174
p217,p550
p1767,p1117
p212,p1991
p208,p1117
p1783,p499
p200,p638
p199,p1093
p198,p1560
p1784,p1843
p262,p764
p1787,p1616
p1700,p1283
p274,p341
p363,p373
p358,p1472
p1594,p267
p1596,p1116
p352,p1635
p1601,p1093
p347,p1472
p1605,p314
p1622,p266
p1633,p1451
p1637,p1451
p323,p777
p1641,p848
p317,p848
p308,p927
p305,p471
p303,p1174
p1664,p1992
p296,p499
p282,p275
p281,p777
p1689,p1500
p1690,p1283
p1693,p1180
