p999,p1217
p1336,p83
p1335,p1605
p1334,p465
p1333,p121
p1330,p915
p1329,p1027
p1328,p410
p1327,p1684
p1326,p491
p1325,p170
p1324,p1583
p1323,p68
p1322,p445
p1321,p1537
p1320,p1847
p1319,p1920
p1318,p469
p1317,p1852
p1315,p1739
p1314,p1088
p1313,p1469
p1312,p1889
p1311,p641
p1310,p313
p1309,p374
p1339,p713
p1308,p196
p1341,p1492
p1344,p1958
p1372,p1098
p1371,p1803
p1370,p1501
p1369,p1587
p1368,p646
p1367,p1349
p1366,p420
p1365,p995
p1364,p1407
p1363,p837
p1362,p999
p1360,p609
p1359,p1904
p1356,p1186
p1355,p637
p1354,p17
p1353,p281
p1352,p1826
p1351,p1251
p1350,p1528
p1349,p388
p1348,p1444
p1347,p1287
p1346,p719
p1345,p642
p1342,p583
p1307,p1494
p1306,p1876
p1305,p1948
p1267,p1380
p1266,p437
p1265,p1096
p1264,p1110
p1263,p1860
p1262,p1713
p1261,p1223
p1260,p1228
p1259,p1419
p1258,p1160
p1257,p1273
p1256,p1853
p1255,p826
p1254,p1540
p1253,p302
p1252,p769
p1251,p777
p1250,p1265
p1249,p303
p1248,p1922
p1247,p1854
p1246,p1981
p1245,p1460
p1244,p942
p1243,p520
p1268,p657
p1269,p1729
p1270,p395
p1272,p774
p1304,p1966
p1303,p1455
p1301,p1611
p1299,p1519
p1298,p1487
p1297,p1191
p1296,p600
p1295,p1763
p1294,p816
p1293,p554
p1292,p1827
p1291,p726
p1373,p969
p1290,p496
p1288,p608
p1287,p37
p1286,p1793
p1285,p1241
p1282,p187
p1281,p1953
p1280,p1053
p1279,p1996
p1277,p1377
p1276,p148
p1275,p173
p1274,p1003
p1289,p50
p1374,p1135
p1375,p914
p1376,p114
p1470,p295
p1469,p1606
p1468,p1022
p1467,p1578
p1466,p4
p1464,p27
p1463,p1816
p1461,p1674
p1460,p1628
p1459,p1511
p1458,p1324
p1457,p394
p1456,p1369
p1455,p1510
p1454,p1666
p1453,p1314
p1452,p386
p1451,p745
p1450,p1478
p1449,p300
p1448,p1127
p1447,p923
p1446,p1902
p1445,p947
p1444,p1514
p1471,p847
p1472,p1112
p1473,p1480
p1474,p500
p1500,p1133
p1499,p1938
p1498,p1927
p1497,p981
p1496,p1548
p1495,p941
p1494,p382
p1493,p905
p1492,p381
p1491,p434
p1490,p411
p1489,p891
p1443,p1838
p1488,p871
p1486,p549
p1485,p470
p1484,p48
p1483,p1442
p1482,p858
p1481,p1283
p1480,p1344
p1479,p671
p1478,p1195
p1477,p1254
p1476,p1298
p1475,p132
p1487,p888
p1242,p1420
p1442,p11
p1440,p373
p1403,p405
p1402,p1095
p1401,p1954
p1400,p1255
p1399,p1741
p1397,p524
p1396,p425
p1395,p1590
p1394,p1373
p1393,p598
p1392,p910
p1391,p1411
p1389,p707
p1388,p347
p1387,p1311
p1386,p1874
p1385,p1256
p1384,p553
p1383,p1005
p1382,p257
p1381,p810
p1380,p1055
p1379,p1382
p1378,p1334
p1377,p344
p1404,p1943
p1405,p177
p1406,p57
p1407,p711
p1439,p1001
p1438,p1443
p1437,p574
p1436,p636
p1435,p159
p1434,p214
p1433,p1301
p1431,p898
p1430,p1451
p1428,p427
p1427,p1296
p1426,p234
p1441,p1679
p1425,p1734
p1422,p310
p1421,p890
p1420,p926
p1419,p1141
p1418,p994
p1417,p1961
p1416,p654
p1415,p357
p1414,p796
p1413,p1984
p1411,p685
p1408,p679
p1423,p499
p1501,p744
p1241,p1109
p1239,p272
p1047,p931
p1046,p269
p1045,p1150
p1044,p1299
p1043,p206
p1042,p169
p1041,p934
p1040,p1714
p1038,p737
p1037,p1154
p1036,p1683
p1035,p1531
p1034,p477
p1033,p666
p1032,p379
p1031,p512
p1029,p450
p1028,p1913
p1026,p1316
p1022,p922
p1021,p55
p1020,p432
p1019,p1040
p1018,p1747
p1017,p1801
p1048,p305
p1016,p1815
p1049,p1166
p1051,p724
p1086,p644
p1085,p1231
p1084,p591
p1083,p1972
p1082,p766
p1081,p729
p1080,p958
p1079,p1437
p1078,p751
p1077,p1240
p1076,p296
p1075,p1472
p1072,p1691
p1071,p236
p1069,p336
p1067,p1807
p1066,p404
p1065,p1304
p1064,p1951
p1062,p945
p1059,p349
p1058,p276
p1056,p1081
p1055,p1212
p1054,p1225
p1050,p1215
p1014,p1840
p1013,p1060
p1012,p1986
p975,p243
p974,p596
p973,p962
p971,p1004
p970,p1137
p969,p1394
p968,p1277
p966,p1209
p964,p1155
p963,p1844
p961,p337
p960,p325
p959,p1189
p957,p40
p956,p25
p955,p1144
p954,p1035
p953,p851
p951,p1551
p949,p788
p947,p1765
p945,p1319
p944,p928
p942,p1535
p941,p1694
p977,p672
p978,p360
p979,p1418
p980,p602
p1011,p1192
p1010,p1248
p1009,p1268
p1008,p407
p1007,p70
p1006,p1814
p1003,p1267
p1002,p1678
p1001,p129
p1000,p46
p1998,p324
p998,p1148
p1087,p87
p997,p430
p994,p579
p993,p1105
p992,p865
p991,p398
p988,p949
p987,p1475
p986,p791
p985,p653
p984,p418
p983,p640
p982,p346
p981,p222
p996,p1078
p1088,p1453
p1089,p1102
p1090,p1635
p1198,p901
p1196,p526
p1195,p1450
p1193,p1905
p1192,p838
p1191,p525
p1190,p572
p1189,p1607
p1187,p1940
p1186,p471
p1185,p138
p1184,p1523
p1182,p1179
p1181,p1781
p1180,p803
p1179,p1386
p1177,p1227
p1176,p23
p1175,p293
p1174,p1572
p1173,p699
p1172,p990
p1171,p1074
p1169,p1800
p1168,p753
p1199,p1402
p1200,p676
p1202,p1945
p1203,p1794
p1238,p872
p1237,p504
p1236,p175
p1235,p1949
p1234,p1810
p1232,p1023
p1231,p1187
p1229,p1759
p1228,p1608
p1227,p812
p1226,p42
p1225,p323
p1167,p1152
p1224,p1662
p1221,p319
p1217,p1362
p1216,p727
p1214,p184
p1213,p456
p1212,p449
p1211,p1388
p1210,p621
p1209,p1665
p1207,p833
p1206,p795
p1205,p1389
p1223,p230
p1240,p13
p1166,p843
p1163,p1631
p1121,p1612
p1120,p1797
p1119,p1101
p1118,p472
p1117,p322
p1114,p518
p1112,p1075
p1111,p565
p1110,p1989
p1109,p1599
p1107,p232
p1106,p1968
p1105,p1039
p1104,p1106
p1103,p584
p1102,p463
p1101,p1483
p1100,p462
p1099,p1888
p1098,p1286
p1096,p992
p1095,p1199
p1094,p341
p1092,p238
p1091,p710
p1123,p1651
p1124,p475
p1125,p49
p1126,p633
p1162,p212
p1161,p697
p1160,p877
p1159,p1370
p1157,p1884
p1156,p1559
p1155,p963
p1152,p33
p1151,p1235
p1150,p335
p1149,p1119
p1148,p34
p1165,p886
p1147,p1671
p1145,p1857
p1144,p1757
p1143,p677
p1141,p1259
p1138,p607
p1137,p1051
p1136,p278
p1135,p1730
p1133,p1049
p1130,p106
p1129,p1581
p1127,p1339
p1146,p166
p940,p1230
p1502,p893
p1504,p1512
p1847,p345
p1846,p550
p1845,p451
p1844,p352
p1843,p1390
p1842,p1011
p1841,p1995
p1840,p377
p1839,p533
p1838,p1438
p1837,p687
p1836,p1937
p1835,p786
p1834,p270
p1833,p828
p1832,p634
p1831,p1609
p1830,p527
p1829,p1887
p1828,p22
p1827,p1650
p1826,p1915
p1825,p974
p1824,p1787
p1823,p389
p1848,p481
p1822,p1532
p1849,p544
p1851,p5
p1877,p1681
p1876,p1446
p1875,p1308
p1874,p1182
p1873,p714
p1872,p1820
p1871,p1497
p1870,p165
p1869,p532
p1868,p387
p1866,p402
p1865,p311
p1864,p1579
p1863,p1573
p1862,p28
p1861,p1973
p1860,p267
p1859,p201
p1858,p1104
p1857,p537
p1856,p1916
p1855,p1159
p1854,p329
p1853,p1047
p1852,p987
p1850,p1042
p1821,p1654
p1820,p417
p1819,p203
p1788,p461
p1787,p1647
p1786,p822
p1785,p199
p1784,p368
p1783,p1282
p1781,p1994
p1780,p1737
p1779,p1116
p1778,p1703
p1777,p757
p1776,p431
p1775,p416
p1774,p1976
p1773,p1648
p1772,p96
p1771,p370
p1770,p167
p1769,p183
p1768,p611
p1767,p1516
p1766,p20
p1765,p152
p1764,p1409
p1763,p367
p1789,p1094
p1790,p521
p1791,p907
p1792,p619
p1818,p478
p1817,p435
p1816,p1782
p1815,p1697
p1814,p1400
p1813,p339
p1812,p1280
p1811,p1306
p1810,p1836
p1809,p1260
p1808,p275
p1807,p66
p1878,p582
p1806,p211
p1804,p1802
p1803,p1224
p1802,p869
p1801,p1423
p1800,p739
p1799,p1367
p1798,p632
p1797,p1435
p1796,p1614
p1795,p892
p1794,p485
p1793,p1372
p1805,p149
p1879,p771
p1880,p1582
p1881,p297
p1967,p1849
p1966,p1065
p1965,p136
p1964,p233
p1963,p706
p1962,p906
p1961,p1805
p1960,p1742
p1959,p1018
p1958,p793
p1957,p163
p1956,p1108
p1955,p1196
p1954,p1974
p1953,p718
p1952,p913
p1951,p1925
p1950,p1252
p1949,p1151
p1948,p137
p1947,p1991
p1946,p198
p1945,p1727
p1944,p560
p1943,p283
p1968,p1529
p1969,p1427
p1970,p1988
p1971,p709
p1997,p105
p1996,p1408
p1995,p866
p1994,p578
p1993,p674
p1992,p119
p1991,p1115
p1990,p209
p1989,p1264
p1988,p444
p1987,p741
p1986,p112
p1942,p1914
p1985,p265
p1983,p1048
p1982,p453
p1981,p1353
p1980,p1692
p1979,p497
p1978,p1206
p1977,p1613
p1976,p340
p1975,p1859
p1974,p1401
p1973,p1743
p1972,p1197
p1984,p643
p1762,p764
p1941,p1755
p1939,p1124
p1908,p920
p1907,p1928
p1906,p601
p1905,p186
p1904,p1706
p1903,p1016
p1902,p1811
p1901,p728
p1900,p443
p1899,p940
p1897,p1677
p1896,p1596
p1895,p704
p1894,p683
p1893,p1738
p1892,p1792
p1891,p754
p1890,p1602
p1889,p966
p1888,p1632
p1887,p806
p1886,p548
p1885,p1669
p1884,p439
p1883,p384
p1909,p1796
p1910,p1213
p1911,p755
p1912,p1819
p1938,p811
p1937,p809
p1936,p1520
p1935,p850
p1934,p1083
p1933,p1664
p1932,p1070
p1931,p818
p1930,p277
p1929,p111
p1928,p746
p1927,p857
p1940,p1313
p1926,p1111
p1924,p317
p1923,p1912
p1922,p208
p1921,p3
p1920,p254
p1919,p664
p1918,p1505
p1917,p575
p1916,p78
p1915,p681
p1914,p1909
p1913,p258
p1925,p1696
p1503,p1799
p1760,p1310
p1758,p722
p1599,p220
p1598,p1589
p1597,p933
p1596,p1142
p1595,p1491
p1594,p146
p1593,p1107
p1592,p19
p1591,p972
p1590,p936
p1589,p1544
p1587,p1456
p1585,p1957
p1583,p1458
p1582,p1588
p1581,p852
p1580,p392
p1579,p765
p1578,p1783
p1577,p229
p1576,p511
p1575,p358
p1574,p1484
p1573,p164
p1572,p950
p1600,p1499
p1571,p797
p1603,p1153
p1605,p1354
p1631,p1471
p1630,p1750
p1629,p1723
p1628,p1125
p1627,p321
p1626,p396
p1625,p1616
p1624,p86
p1623,p1046
p1622,p383
p1621,p889
p1620,p1335
p1619,p842
p1618,p193
p1617,p1655
p1615,p1044
p1614,p127
p1613,p1342
p1612,p356
p1611,p1433
p1610,p1642
p1609,p422
p1608,p1809
p1607,p1249
p1606,p1969
p1604,p979
p1570,p1636
p1569,p911
p1567,p1172
p1531,p715
p1530,p284
p1528,p678
p1527,p29
p1525,p813
p1524,p1882
p1523,p1833
p1522,p658
p1521,p1863
p1520,p535
p1519,p1615
p1518,p673
p1517,p566
p1516,p948
p1515,p155
p1514,p1780
p1513,p1340
p1512,p801
p1511,p1557
p1510,p351
p1509,p955
p1508,p876
p1507,p536
p1506,p1482
p1505,p1621
p1532,p515
p1533,p282
p1537,p545
p1538,p424
p1566,p1262
p1565,p785
p1564,p1061
p1563,p246
p1562,p1687
p1561,p61
p1560,p1326
p1558,p586
p1557,p1459
p1556,p1504
p1555,p1644
p1554,p1823
p1632,p1099
p1553,p1771
p1551,p1502
p1550,p912
p1549,p1778
p1548,p1673
p1547,p921
p1546,p47
p1545,p1072
p1544,p225
p1543,p244
p1542,p380
p1540,p839
p1539,p760
p1552,p792
p1633,p1465
p1634,p946
p1635,p400
p1726,p71
p1725,p675
p1723,p682
p1722,p1748
p1721,p1894
p1720,p1806
p1719,p542
p1718,p1479
p1717,p1715
p1716,p194
p1715,p568
p1714,p1019
p1713,p1566
p1712,p1577
p1711,p117
p1710,p487
p1707,p965
p1706,p1699
p1705,p605
p1704,p1552
p1703,p1146
p1702,p534
p1701,p393
p1700,p1238
p1699,p195
p1727,p1963
p1728,p561
p1729,p1253
p1730,p541
p1757,p1509
p1756,p1789
p1755,p81
p1754,p91
p1753,p854
p1752,p181
p1751,p669
p1750,p1246
p1749,p1358
p1748,p320
p1747,p1735
p1745,p547
p1698,p576
p1744,p1320
p1742,p1138
p1741,p775
p1740,p799
p1739,p1464
p1738,p1824
p1737,p143
p1736,p1052
p1735,p1356
p1734,p1118
p1733,p1176
p1732,p1695
p1731,p247
p1743,p1861
p1759,p1082
p1697,p1903
p1695,p557
p1662,p1174
p1661,p1634
p1660,p1653
p1659,p294
p1657,p252
p1656,p734
p1655,p494
p1654,p365
p1653,p977
p1652,p879
p1651,p800
p1649,p957
p1648,p1374
p1647,p1530
p1646,p927
p1645,p834
p1644,p1667
p1643,p627
p1642,p723
p1641,p79
p1640,p1682
p1639,p376
p1638,p873
p1637,p659
p1636,p1424
p1663,p390
p1664,p613
p1666,p808
p1667,p1764
p1694,p717
p1693,p498
p1691,p1545
p1690,p409
p1689,p423
p1688,p798
p1687,p1663
p1686,p513
p1685,p8
p1684,p1716
p1683,p758
p1682,p185
p1696,p1597
p1681,p1561
p1679,p1143
p1678,p616
p1677,p1936
p1676,p1593
p1675,p1221
p1674,p925
p1673,p274
p1672,p1625
p1671,p1944
p1670,p1384
p1669,p142
p1668,p100
p1680,p680
p939,p1013
p1999,p1993
p502,p603
p584,p261
p583,p831
p582,p1024
p581,p43
p580,p1754
p577,p190
p585,p592
p576,p12
p573,p217
p572,p1848
p571,p90
p567,p1997
p566,p1661
p560,p1058
p574,p1079
p559,p650
p591,p378
p596,p1825
p616,p421
p615,p1998
p613,p1933
p612,p342
p609,p467
p607,p1960
p595,p551
p606,p1381
p604,p1481
p602,p200
p601,p1568
p600,p975
p599,p661
p598,p1090
p605,p1327
p617,p26
p558,p288
p553,p887
p523,p133
p522,p510
p521,p492
p516,p620
p513,p77
p512,p1835
p524,p626
p511,p1002
p507,p482
p505,p60
p503,p1872
p501,p998
p500,p787
p497,p1029
p508,p253
p556,p883
p527,p624
p530,p92
p552,p161
p551,p221
p549,p426
p547,p1711
p546,p1865
p545,p684
p529,p961
p541,p1924
p536,p1093
p535,p1897
p534,p1733
p533,p1813
p532,p372
p531,p805
p539,p686
p496,p1837
p618,p82
p620,p1399
p690,p123
p688,p1410
p686,p1911
p685,p1175
p684,p52
p683,p141
p691,p651
p682,p1629
p679,p455
p678,p1200
p677,p506
p676,p530
p675,p182
p674,p1999
p681,p1203
p673,p219
p692,p256
p695,p1638
p713,p1448
p712,p509
p711,p1322
p710,p623
p709,p569
p708,p1947
p693,p440
p707,p558
p704,p1620
p703,p1416
p701,p1546
p700,p630
p699,p1030
p697,p249
p705,p174
p619,p69
p672,p1660
p666,p860
p640,p399
p638,p1790
p637,p580
p635,p99
p633,p953
p631,p62
p641,p1387
p630,p849
p627,p1361
p626,p1397
p625,p56
p624,p1618
p622,p1718
p621,p1880
p629,p1868
p668,p701
p642,p354
p646,p1637
p665,p1239
p663,p489
p662,p215
p661,p458
p660,p690
p659,p846
p644,p299
p655,p1604
p653,p1752
p652,p1554
p651,p523
p650,p562
p649,p1685
p648,p590
p654,p703
p714,p290
p494,p1617
p492,p638
p306,p1831
p304,p1906
p303,p959
p300,p997
p298,p271
p296,p1232
p307,p171
p294,p546
p289,p160
p288,p1641
p286,p1194
p283,p1404
p280,p899
p277,p767
p290,p1488
p272,p1828
p317,p298
p326,p338
p359,p1158
p356,p1121
p351,p454
p349,p1461
p348,p131
p347,p1211
p318,p1786
p344,p968
p342,p21
p340,p162
p337,p529
p334,p156
p331,p180
p330,p242
p343,p1237
p361,p1123
p271,p1773
p263,p1305
p169,p1850
p166,p1592
p25,p1208
p162,p1774
p157,p1134
p151,p1726
p173,p867
p141,p1132
p127,p130
p103,p1468
p84,p446
p72,p1879
p52,p1321
p60,p429
p132,p1317
p268,p588
p180,p820
p186,p606
p256,p1007
p243,p1698
p242,p807
p240,p1315
p238,p1570
p236,p780
p185,p1640
p230,p519
p221,p595
p215,p227
p205,p1601
p203,p1331
p195,p725
p193,p1656
p225,p507
p493,p260
p362,p930
p365,p1307
p459,p1856
p458,p599
p455,p1575
p454,p645
p453,p255
p452,p408
p461,p308
p446,p1513
p442,p207
p441,p75
p437,p1476
p435,p235
p434,p1595
p432,p528
p445,p693
p430,p1136
p462,p150
p465,p1378
p491,p929
p490,p938
p489,p202
p486,p954
p484,p1128
p483,p250
p463,p1982
p482,p1598
p480,p213
p475,p1939
p474,p364
p471,p581
p469,p1686
p467,p501
p481,p903
p363,p332
p429,p505
p426,p1486
p389,p652
p388,p1348
p384,p1900
p383,p414
p382,p1980
p381,p403
p390,p1562
p379,p743
p377,p824
p376,p7
p374,p1076
p373,p1921
p368,p880
p367,p1295
p378,p176
p427,p1652
p392,p1183
p395,p622
p423,p1089
p422,p306
p421,p1406
p420,p790
p419,p1204
p418,p1103
p393,p1704
p415,p752
p412,p909
p411,p476
p409,p1558
p403,p1341
p402,p1550
p398,p1126
p413,p1668
p715,p1910
p528,p401
p717,p1495
p929,p1929
p928,p1812
p911,p1032
p787,p1015
p864,p490
p863,p1279
p788,p988
p862,p371
p789,p1526
p866,p1841
p790,p733
p913,p457
p860,p1033
p859,p1037
p926,p1832
p858,p259
p794,p904
p856,p327
p853,p884
p852,p1129
p791,p908
