p787,p1734
p1256,p35
p1705,p1462
p176,p559
p823,p593
p173,p176
p1692,p76
p1161,p448
p1628,p1519
p585,p1090
p247,p568
p1919,p1683
p340,p677
p341,p1360
p387,p846
p1382,p469
p1381,p154
p744,p236
p263,p115
p1237,p852
p137,p32
p596,p1639
p1896,p670
p1341,p1717
p366,p1374
p1998,p1339
p1836,p397
p282,p1292
p979,p740
p333,p396
p789,p1201
p1621,p181
p307,p28
p111,p782
p1996,p1800
p1746,p399
p121,p361
p1802,p1398
p321,p1849
p1062,p273
p556,p1417
p1734,p121
p1923,p1560
p451,p827
p1488,p1304
p1048,p1663
p868,p1222
p1830,p721
p1272,p1986
p1417,p1627
p1961,p1534
p1323,p1756
p930,p722
p946,p866
p943,p1567
p1312,p1980
p918,p786
p1339,p137
p926,p1290
p285,p156
p1338,p1994
p1821,p1879
p919,p1056
p929,p1336
p1335,p405
p296,p1350
p1319,p1536
p289,p26
p516,p1927
p878,p706
p1877,p1562
p917,p1989
p879,p63
p236,p517
p1408,p1311
p872,p1314
p551,p190
p866,p1912
p554,p1053
p226,p655
p1807,p1425
p224,p817
p860,p661
p559,p1694
p1801,p1650
p857,p218
p1797,p1446
p1444,p1972
p1446,p357
p851,p458
p1076,p755
p881,p1179
p883,p1592
p244,p1108
p1347,p42
p914,p1418
p274,p360
p273,p607
p1355,p1644
p1356,p158
p1358,p1647
p308,p1089
p262,p963
p1368,p1768
p1376,p1946
p256,p941
p254,p510
p1385,p1861
p1389,p376
p891,p1281
p890,p953
p886,p1719
p1808,p591
p1345,p61
p950,p1684
p962,p9
p312,p287
p1152,p1317
p467,p1294
p402,p1038
p401,p543
p1845,p737
p1039,p1349
p1160,p1661
p397,p619
p466,p1758
p395,p457
p1165,p477
p470,p493
p1167,p814
p390,p57
p1037,p1844
p1171,p147
p1035,p1845
p1174,p1126
p1860,p923
p1032,p331
p1043,p1051
p460,p794
p1081,p630
p1072,p634
p1084,p1103
p1067,p1921
p1094,p1082
p1095,p91
p1103,p1868
p431,p1240
p1145,p572
p430,p1026
p1113,p1732
p1854,p170
p1055,p1386
p1129,p680
p1050,p237
p1851,p1183
p1135,p1700
p1136,p174
p428,p1044
p1179,p1531
p1029,p803
p1028,p946
p1240,p1565
p494,p187
p338,p66
p980,p88
p498,p1361
p332,p1192
p331,p483
p975,p1613
p1239,p1673
p963,p1301
p323,p1949
p1273,p23
p1828,p1431
p956,p1803
p1284,p1830
p1930,p889
p315,p1358
p1295,p1641
p565,p383
p985,p1003
p990,p597
p991,p1273
p380,p1678
p1950,p379
p1189,p987
p375,p1138
p1198,p1063
p1200,p491
p1015,p1905
p1003,p1288
p996,p293
p361,p1746
p1217,p198
p1222,p1945
p357,p1326
p1954,p409
p1223,p1635
p1224,p1118
p1835,p1407
p994,p353
p1864,p869
p510,p1897
p1458,p1127
p221,p1607
p1462,p142
p632,p1605
p1634,p1743
p634,p391
p1984,p1542
p1641,p557
p1904,p992
p740,p1802
p77,p266
p749,p810
p76,p746
p1905,p183
p1650,p876
p72,p880
p1652,p652
p1655,p107
p642,p1432
p1658,p1441
p66,p699
p736,p1032
p644,p847
p94,p1230
p1775,p556
p126,p1489
p1577,p228
p120,p2
p1584,p209
p770,p773
p1590,p1184
p618,p1931
p114,p565
p1623,p1870
p765,p1477
p764,p1860
p622,p947
p1601,p970
p1778,p594
p760,p548
p1608,p790
p759,p284
p1776,p1741
p1594,p1066
p1573,p48
p1660,p1958
p61,p1456
p1706,p431
p703,p1541
p697,p1231
p1913,p1915
p1721,p1395
p1722,p1637
p1723,p551
p1732,p756
p31,p1160
p17,p122
p693,p1959
p10,p824
p1743,p1113
p1994,p1538
p685,p1774
p671,p855
p680,p587
p1,p1077
p15,p1297
p1661,p1454
p33,p1950
p656,p1327
p1665,p436
p59,p245
p647,p1882
p1673,p909
p1987,p1092
p1676,p1754
p1988,p1735
p1682,p268
p1702,p257
p47,p31
p45,p1666
p652,p129
p1767,p1831
p716,p153
p1689,p1599
p654,p86
p39,p1246
p715,p1096
p1683,p184
p774,p760
p102,p1877
p194,p1435
p841,p1825
p794,p168
p821,p481
p1539,p584
p828,p303
p1494,p742
p579,p1604
p165,p1615
p196,p1823
p597,p573
p792,p1529
p1537,p1257
p830,p1109
p1487,p960
p1976,p407
p1480,p1834
p1519,p490
p834,p1550
p1894,p377
p835,p1061
p800,p1188
p157,p388
p154,p1689
p169,p576
p571,p157
p780,p934
p1503,p1874
p607,p340
p1498,p704
p1788,p1428
p201,p1878
p179,p1010
p1561,p249
p843,p712
p136,p1730
p200,p1493
p593,p644
p1553,p1540
p142,p857
p181,p18
p143,p1843
p1551,p1544
p1496,p440
p601,p1935
p825,p1150
p713,p883
p880,p679
p869,p347
p717,p540
p833,p1348
p827,p1623
p714,p1974
p874,p1554
p865,p1037
p1883,p637
p920,p688
p709,p957
p847,p15
p848,p1513
p1911,p1856
p1069,p1721
p844,p1965
p1065,p1430
p853,p1244
p1063,p1094
p854,p954
p686,p1406
p691,p285
p692,p1085
p1060,p1378
p711,p1953
p1058,p1449
p1054,p1375
p1053,p1172
p1051,p528
p694,p328
p840,p1325
p1859,p632
p721,p34
p836,p1764
p862,p1572
p1046,p651
p1045,p1977
p1044,p583
p708,p542
p1885,p131
p1908,p1552
p1006,p33
p1907,p588
p748,p1884
p906,p1898
p978,p308
p753,p1842
p907,p1881
p971,p874
p758,p466
p846,p1645
p1876,p402
p1875,p989
p1903,p219
p955,p1490
p791,p610
p1902,p1749
p953,p1532
p951,p636
p782,p341
p1901,p1944
p944,p101
p1870,p1123
p1898,p1709
p1872,p355
p772,p792
p931,p489
p778,p16
p1897,p1024
p773,p703
p747,p658
p905,p1190
p903,p1775
p982,p1324
p1027,p516
p1025,p204
p729,p984
p1017,p1255
p1016,p1675
p1882,p354
p1891,p622
p1010,p1873
p776,p539
p731,p1107
p1863,p1393
p997,p1364
p1892,p924
p882,p1078
p815,p1867
p1906,p609
p893,p806
p811,p499
p807,p1060
p804,p1737
p897,p1467
p899,p1620
p741,p993
p1893,p897
p745,p1004
p984,p1238
p902,p375
p746,p1692
p995,p1381
p1073,p1153
p1251,p103
p1082,p430
p1522,p1385
p1523,p818
p1525,p1343
p1532,p890
p1533,p1682
p1534,p1509
p1538,p1141
p1540,p640
p1785,p958
p1784,p1111
p1783,p1559
p1548,p720
p1552,p1987
p1556,p1992
p1557,p271
p1560,p1866
p1565,p1486
p1566,p229
p1567,p1794
p1568,p1300
p1571,p1389
p1572,p75
p1579,p1932
p1580,p1790
p1581,p1433
p1521,p1984
p1586,p1893
p1520,p770
p1516,p582
p1445,p1186
p1447,p256
p1448,p943
p1452,p686
p1453,p19
p1454,p1815
p1795,p1234
p1463,p1545
p1466,p1247
p1468,p1284
p1470,p928
p1472,p255
p1477,p1100
p1790,p1248
p1482,p1405
p1486,p1161
p1490,p1715
p1491,p1453
p1495,p200
p1789,p1367
p1500,p408
p1506,p743
p1508,p39
p1509,p1611
p1514,p930
p1517,p1403
p1800,p315
p1589,p1399
p1592,p186
p1768,p734
p1675,p279
p1678,p1052
p1684,p94
p1686,p1
p1690,p1046
p1691,p823
p1694,p552
p1698,p180
p1707,p538
p1708,p258
p1710,p1934
p1711,p1105
p1714,p1985
p1717,p395
p1760,p1232
p1724,p99
p1758,p796
p1736,p842
p1738,p1269
p1740,p294
p1749,p358
p1750,p1840
p1751,p182
p1753,p1095
p1769,p1629
p1591,p113
p1668,p1894
p1663,p925
p1595,p1973
p1779,p1886
p1600,p1786
p1604,p1318
p1607,p1630
p1609,p160
p1613,p1362
p1616,p877
p1624,p150
p1626,p1900
p1627,p241
p1629,p1612
p1633,p53
p1635,p808
p1636,p41
p1637,p620
p1638,p1579
p1642,p1501
p1644,p802
p1645,p25
p1648,p826
p1649,p93
p1656,p1767
p1657,p550
p1659,p1180
p1666,p836
p1075,p1356
p1439,p1412
p1434,p1382
p1182,p62
p1186,p1209
p1842,p1268
p1197,p359
p1199,p452
p1841,p522
p1203,p1999
p1207,p1081
p1208,p1695
p1209,p1459
p1210,p1783
p1211,p403
p1212,p1776
p1220,p1170
p1228,p628
p1230,p555
p1233,p761
p1235,p850
p1238,p729
p1241,p1551
p1242,p1991
p1248,p1302
p1912,p443
p1254,p272
p1257,p683
p1180,p1070
p1260,p994
p1175,p447
p1170,p1702
p1086,p1810
p1088,p1031
p1089,p1610
p1100,p1106
p1105,p863
p1108,p406
p1110,p438
p1853,p1376
p1852,p627
p1124,p128
p1125,p68
p1128,p577
p1130,p976
p1133,p1206
p1138,p902
p1140,p270
p1142,p1864
p1849,p1624
p1848,p643
p1148,p1354
p1150,p1074
p1846,p1574
p1158,p571
p1162,p602
p1166,p512
p1844,p592
p1435,p800
p1262,p1129
p1269,p1646
p1365,p714
p1366,p46
p1375,p1789
p1810,p372
p1383,p544
p1809,p1603
p1391,p301
p1392,p70
p1394,p837
p1397,p1968
p1398,p979
p1399,p1504
p1400,p281
p1405,p1080
p1406,p1452
p1806,p798
p1411,p98
p1413,p165
p1415,p29
p1420,p816
