p0,1.0531377016555443,482.4620868541793
p1,1.797390835585675,267.12081293931715
p2,7.21834215978631,436.8943232398595
p3,11.281356376786178,366.67956302359295
p4,19.197842691653843,281.4885841584429
p5,14.291628379192954,25.259370575480887
p6,3.3587001020042573,109.68878325978638
p7,0.8009935069071883,1.905974638888086
p8,5.0774313704511265,270.70337346141616
p9,1.91061685159311,393.3382612307969
p10,4.523440321449417,47.82478559073217
p11,8.339007481043012,385.8144599565755
p12,17.385952335285356,131.90804723501859
p13,9.318952748844726,196.08989684329114
p14,17.3511537751829,134.0746805500791
p15,0.14917161029427417,72.52911382171028
p16,5.055535202642285,281.3216398060859
p17,11.152090725433473,419.9032335032849
p18,9.848583226710648,339.19986417988616
p19,19.764904070449518,475.3474140448324
p20,5.649309629620996,401.32277741811777
p21,16.859062095788268,75.93242679001445
p22,10.159318047295221,110.08091656032542
p23,13.72953370062853,281.9688235935962
p24,2.100364725223467,32.127532025139516
p25,11.769253005831766,484.6798223786857
p26,9.623266180136449,391.141198928179
p27,17.602801720837164,16.551262877432805
p28,19.09316963189225,111.47059384710933
p29,6.925286008009985,209.40002463546696
p30,4.41898996176886,499.3728710479009
p31,8.475844804653434,52.05781784429514
p32,5.279607931327719,33.26534917952767
p33,13.32685015707171,7.647252974561258
p34,19.598976408783297,109.2801918060668
p35,0.4503235833506469,446.63047553739784
p36,9.241718524872443,23.41889444711359
p37,7.1278340246026595,19.196398851777374
p38,18.154960999018176,307.5316369213936
p39,11.318399354905209,444.97634330048
p40,7.856602618868473,384.6633236969645
p41,10.642132130800679,473.582127877204
p42,7.011927782879839,308.071727227777
p43,11.569783429629961,377.6013262457298
p44,17.887568663223306,361.99427322135693
p45,19.640973748949143,43.85127856598786
p46,0.5184113062783147,162.6087561652102
p47,4.128924823151046,244.50970598239996
p48,7.698512184649163,233.20047306045717
p49,12.297648784806936,352.3785543385937
p50,13.679785527195442,211.02208707742147
p51,6.018482141593822,253.5062057620513
p52,7.866099682285319,406.34612678374845
p53,6.359239073523075,183.0360815415368
p54,13.327976689467514,172.32669229565312
p55,7.11332819723856,369.7822077180897
p56,6.706004228847052,470.5253402450537
p57,18.359813078286326,92.85717415933931
p58,2.1833347137947867,400.65472214968224
p59,19.246456811430857,200.2475984850709
p60,8.675410867325219,385.8038026370777
p61,6.729651045313276,259.73625017150414
p62,12.435600132085314,137.41807881814455
p63,10.081991772616668,429.6110529963655
p64,6.962795254723268,409.87426307038106
p65,16.887650408649844,355.77342853166436
p66,19.322038458148654,121.58295685962383
p67,14.104347134490268,292.8174857816128
p68,0.862505018137647,386.8074361718549
p69,18.655583774830394,367.4450003688645
p70,12.579645369593042,384.2909605694281
p71,5.373812961399665,18.28361322129124
p72,17.67806723767987,76.44169538498014
p73,8.009147410501276,415.85349930156207
p74,4.71887951497024,128.34013834933322
p75,1.441038137835604,460.3271482215626
p76,11.523974729226081,259.7045021021221
p77,4.959224134011606,54.729088555468984
p78,0.4858164905209561,349.927379127069
p79,19.82845982952516,184.05302407212292
p80,15.21034156972373,470.7148648215931
p81,7.977397453206894,111.54487145538639
p82,7.3165356330183755,8.962482840748631
p83,12.253429563923158,283.41181528676714
p84,6.587828474836526,217.54917667748825
p85,16.665374283812504,15.950269398850025
p86,18.94258776505377,212.8949001198978
p87,0.02908070052078937,37.98094397044044
p88,11.024652269019022,27.82402365303588
p89,3.6291484966150778,142.1728328416591
p90,4.8298886116655515,180.55906661182524
p91,16.821249749612047,227.6763164575588
p92,4.484599029786742,138.2338134625698
p93,15.145677973484004,333.3969791772321
p94,19.244221179234287,94.74465732271825
p95,16.455882410956754,255.50764181836738
p96,12.993677638746057,389.40879666712686
p97,16.52852599693241,134.55069487826725
p98,16.638580268281828,330.67352505906996
p99,8.238963030099667,281.84694894118775
p100,4.492447582339709,11.640611768112041
p101,3.831541349971801,277.7986620310835
p102,12.968670369460089,435.3145291983699
p103,6.496321986762621,113.80527074339297
p104,1.6866366317781534,258.1735116481537
p105,8.05952782101604,164.1443767103155
p106,9.513143849981066,484.2233651219496
p107,9.979096806872738,139.82061542219603
p108,14.388781850139047,49.82510046596561
p109,17.518314953675453,484.965492631076
p110,19.028638655508324,429.01115018406546
p111,0.9760013889718056,116.13416147757633
p112,5.016824338771013,321.7406867568912
p113,18.48550981098154,40.65556166167117
p114,0.806228536068947,467.69733057522603
p115,7.379662067185187,226.98301970837238
p116,15.713368964943317,39.76444711730331
p117,9.050180120416396,171.46368821034486
p118,13.95566338191919,58.122782898590465
p119,9.347159905463307,441.1832249860969
p120,17.738435348462804,323.744842682536
p121,10.727567427664743,334.53233305032086
p122,6.408836812456107,410.5756017433953
p123,11.120401981785445,115.20760769946004
p124,13.427478172581086,385.2913081237107
p125,2.2387220383076234,409.8318910996598
p126,10.597004449524519,360.2144582682723
p127,15.773859434218219,487.2884387930229
p128,16.975623895575133,170.9927110851217
p129,1.0496858555056887,209.39672593018233
p130,4.386314756072327,254.3839528881181
p131,18.868149545706203,131.41771264774405
p132,10.41898817362674,241.12500730825786
p133,17.949648664678634,448.1710324470817
p134,18.515194222583077,97.96259364906184
p135,7.426316566581505,155.05621217827758
p136,19.904199715226408,353.08584463970755
p137,15.638284406389797,166.2283752432294
p138,9.537891307253147,9.324547616863743
p139,1.1999070513911914,131.02561405721292
p140,4.505997896848455,216.99408947433673
p141,1.0877330516039319,80.72364263696808
p142,13.546322212772937,78.33287877450834
p143,15.15829306199329,183.6968964757541
p144,3.6457711579819874,57.34537946013174
p145,19.865859848141806,6.612414292419211
p146,3.2036488425794363,55.80392454320299
p147,7.167242911739271,318.70858730254673
p148,6.246904801167171,204.06830689324707
p149,7.143409598089681,475.6330780498601
p150,9.83284380990767,150.88200055893637
p151,13.389753490133852,196.84207427893847
p152,10.644405603467966,12.790049799559833
p153,12.340823514594696,11.37525361641556
p154,1.9217684984227135,323.51427552744127
p155,0.5127465601514603,262.4563125585947
p156,17.18692162723831,107.75810232964106
p157,14.770313505638072,166.43981300775522
p158,9.667899900856458,244.52909806526358
p159,9.794976751452502,378.6380704517254
p160,6.09850624224115,161.26040061168263
p161,13.740946077161789,442.72275409730895
p162,14.483919680579183,76.6118952778494
p163,3.9164902350369957,188.16299086980482
p164,0.304417783616151,180.58529909889305
p165,0.26662132187289966,294.7187092457194
p166,10.848902716861613,193.20840272726215
p167,10.719272139201944,472.94830085888293
p168,9.121737951582027,319.8530665678366
p169,1.0464805192627202,493.8277982983034
p170,19.51561615653129,176.81699149156043
p171,9.333643323365305,106.8012121615723
p172,13.254769419599493,306.22974430554115
p173,18.4729276810855,491.2903490452373
p174,6.055280234644041,202.75078945224817
p175,9.776088127202748,402.6905448142829
p176,8.17689806512355,91.35497749429521
p177,13.212155476292946,114.60201403761239
p178,1.5246904732553168,159.04517798013956
p179,10.481080670662177,344.056123615706
p180,8.307061900630524,372.15775494837703
p181,12.819409210169718,54.9459620525663
p182,7.72106927045872,249.19125433558747
p183,3.232607052779539,426.28451215187437
p184,13.839996918027959,372.7367334147407
p185,7.536102607875033,210.33433194651911
p186,14.154747379493923,78.04668773054286
p187,10.519318858096485,248.88038456595746
p188,6.925593982244842,174.3489827152111
p189,1.220842446598911,244.0344126243908
p190,3.270734133948132,363.95523023491165
p191,8.19176362882336,132.44419254784523
p192,7.568226874702233,205.9127791926076
p193,1.4222133009269222,60.941284719716215
p194,5.952874247358797,318.8940428716201
p195,18.71227061054733,326.0744750153733
p196,8.144153176307203,274.8808761201091
p197,3.6106762493751665,436.88937142550844
p198,4.963346909216025,107.66950012746219
p199,7.200435661255455,166.41067184293402
p200,8.76546834085307,343.7160689852204
p201,15.541575710097248,330.488677604403
p202,13.593125745333083,225.91218506660843
p203,9.468585719914572,4.4808914106932995
p204,13.142430499510297,374.9322677824527
p205,8.908789394756074,457.3179301779909
p206,14.628987526123161,74.45160092127051
p207,2.8657603933117115,325.25242077708356
p208,15.812206170202614,121.8099271269777
p209,13.771128118846786,105.71462301739987
p210,3.090083572046134,259.1613020743355
p211,9.845411399807135,373.31811659881447
p212,14.675162586827849,100.48149266025614
p213,17.412077978268794,478.8602653265899
p214,11.887109299106942,419.72120572775
p215,2.455501574539085,454.39083948727773
p216,16.69290042138051,298.4332132074863
p217,19.133437450945763,347.8628382870812
p218,19.870985946860152,281.10769398256156
p219,8.30655667084037,438.8265130726974
p220,19.649455303709637,403.6938445389355
p221,4.454706339858381,405.51982377837163
p222,8.40260219466558,447.40784530925976
p223,5.070914238809823,120.51860413570704
p224,12.59034455905202,142.9939301207994
p225,2.6552643930761044,354.78448933095007
p226,13.229425316479695,373.900863645004
p227,6.750803937593409,29.390330944782217
p228,13.087480998160784,176.9894454367178
p229,9.208459369530122,202.6748171589065
p230,6.665071849971813,26.369015029965414
p231,19.73582626866743,8.974271398505762
p232,19.854511850090855,152.94782789781635
p233,17.252383708586663,46.29020686508056
p234,6.118207527592736,82.74001084960275
p235,9.988618506140677,29.109321029554657
p236,18.32365691058297,310.2933811163768
p237,3.465907525069838,129.8397198743666
p238,2.1383833402576347,388.54885238615464
p239,10.732926997656518,173.23853714976994
p240,7.618371524528007,378.09048148491485
p241,19.29098428031659,146.55302690357186
p242,0.9621512680874278,290.3235475416759
p243,4.753928028151655,13.398543129933604
p244,8.016513546980146,373.1389679248684
p245,17.97286497817373,218.34290242087167
p246,11.02593723051607,56.673783538126685
p247,17.44131085835001,66.27189801538758
p248,1.883389599672487,102.63587084481479
p249,3.755561362231634,205.85953902635023
p250,10.968476542869134,73.47602546372673
p251,19.027943530684958,36.85001934821064
p252,1.242932048466876,68.74387039007013
p253,2.156554005737823,300.081591252727
p254,19.306203881608226,362.48978630049055
p255,13.685638143654955,329.03028799579965
p256,10.630898070047989,172.06396130169006
p257,5.22814655119435,45.000639601230965
p258,5.277892360705061,234.25395201247161
p259,14.508979319994467,93.07253869714167
p260,0.8337333873667352,429.51491941737095
p261,15.57239982227583,398.52801785488555
p262,9.824891568453909,208.39385723272562
p263,14.922495495461028,423.9563117544367
p264,11.224195293825606,69.29317775945371
p265,19.703944259397044,31.829695114423572
p266,17.73653869393007,231.50144030641368
p267,1.8836284870797892,275.5442187934329
p268,10.808851688224985,63.440755875311226
p269,1.242227020362816,66.73563457351256
p270,2.340757947798453,250.07376446401324
p271,14.638433794749012,214.84168871128696
p272,11.007510796107361,0.921770064669869
p273,7.705930291407106,51.761080377088156
p274,8.274646594714854,203.25110549703717
p275,2.849986767139452,465.2125029333722
p276,18.925180199277392,58.38931105012096
p277,17.454291397300516,71.43889882760546
p278,3.8389925661030277,182.28147912680336
p279,6.111530720905181,99.96178193548538
p280,16.374524694877845,158.44202095936072
p281,10.601916032175724,482.9114295707865
p282,2.8105533111304037,447.44617776238823
p283,8.15440831696182,105.94112593642524
p284,16.156808339525966,497.33890621551274
p285,13.778540609154387,406.5132731920193
p286,1.8044357592912297,127.33624127220116
p287,19.1496087233272,190.5175104939401
p288,3.9242285350839334,48.77871760142283
p289,1.7816698874296333,190.54288421675204
p290,4.532224505883047,499.0032357184941
p291,8.804273792902782,312.44994872395
p292,1.7880088119231208,65.11656093604296
p293,7.956005159529611,42.43311399292688
p294,9.525442942080304,298.72694801517207
p295,10.449484374769016,484.298836781117
p296,2.837536917892234,373.3137831153863
p297,5.968256883878087,152.58548587112207
p298,16.550783145364566,105.20770409060731
p299,2.133266837863017,23.671902421496917
p300,13.420693438547724,326.43137334910205
p301,8.577224311747626,73.17245897826852
p302,14.031248235235266,374.7200607494813
p303,17.309335727882086,93.14954266223823
p304,6.034320438471785,451.4478853269387
p305,5.890835214829115,217.1083734307297
p306,0.16945195552206416,166.94830526859366
p307,2.5932374183717988,422.4076181355906
p308,17.69115702777014,181.4732251226665
p309,14.473609142818201,464.30268496652087
p310,13.435429655645173,432.14331258481116
p311,7.925239937123296,209.05521654087528
p312,19.818830371922687,139.5711284131943
p313,4.591157368829315,259.4517927275732
p314,19.086528901565593,442.1984439487208
p315,17.810089251372908,216.8926654863904
p316,11.51579633366962,234.34080160825926
p317,5.079244171281911,264.56762608050957
p318,5.3024287926211855,59.457110420465085
p319,19.78611086969062,377.6125946482771
p320,6.7558204868940175,187.2092021563232
p321,6.35757435757927,220.0546334109622
p322,3.7374479070809596,147.7440851916741
p323,3.5836440268647873,301.5053464250048
p324,6.374250434756517,464.2892001200591
p325,5.107882407001498,239.65831604770554
p326,15.436749425185301,149.61431035487144
p327,4.265194297490056,353.6763305894756
p328,18.394984037739842,28.0854519476752
p329,18.624074664642187,57.69935747015032
p330,16.236148726666613,251.39458957547933
p331,17.531332704453323,159.97676092048806
p332,15.094483471457401,396.62077021117665
p333,16.50191571917545,167.46426906089474
p334,3.4785112497562842,406.32430050951183
p335,9.376336775100288,185.08626117836542
p336,0.15314319026598966,61.991274935490836
p337,19.22420277281119,345.8804316858999
p338,18.84132995428358,68.16288454811308
p339,17.31180258698821,402.3853355712943
p340,18.10799777099041,232.71545995100945
p341,6.868639155290941,90.1431011685665
p342,14.332225484567855,493.35347161836256
p343,18.774352912789027,53.51076138509636
p344,15.890981422651722,266.8614175635472
p345,12.636681747099122,269.4713223200319
p346,18.1055226932624,169.01656006432998
p347,10.304726152531178,356.41714853865
p348,3.58117481684316,207.74964511566645
p349,0.7233375487305094,330.95656093773124
p350,3.009817159004018,36.68827974754735
p351,5.608872051581826,18.390111662673846
p352,7.76807340086314,359.95226250139893
p353,13.527920741795485,153.75040446717952
p354,3.1380044549609187,108.68029257611778
p355,14.944886518266884,272.7076855090634
p356,13.757588964639513,247.59717667666914
p357,9.314373901812353,419.8616375878496
p358,3.6646800183601247,189.1245976061361
p359,12.292644726957537,481.4556576814767
p360,17.912027465183982,239.23018274009112
p361,2.150056270403733,377.41836615116637
p362,12.426329614801778,122.1383342564456
p363,5.937525354995157,79.79410389204583
p364,3.3043674126600986,251.0826741771725
p365,13.769076500798903,29.695594035514805
p366,4.29434141058252,279.76634240595604
p367,11.613929327179624,25.49861307457446
p368,14.88576785141987,481.6993528060216
p369,2.022997265408264,126.74091862403714
p370,11.837803407312489,423.69719183660385
p371,16.75744376022269,41.684561431488746
p372,0.7648885759645685,128.5365330278131
p373,15.351426793016408,279.9005816610225
p374,3.7745545530671354,398.30026146684423
p375,3.6249093329295157,365.2953803398867
p376,15.444106840707128,210.70195498214127
p377,11.077636844372556,482.9782060600685
p378,6.7695333915616,288.2268878194782
p379,13.061324668431757,41.856626734656786
p380,4.013940812388497,465.6796815306255
p381,9.717841114402503,298.13256400095173
p382,14.573060458951046,169.6600864876865
p383,5.93274552229766,450.6534032750455
p384,3.2719664540214843,163.32078615815075
p385,9.51862252899845,59.95156971236737
p386,19.27722329773626,29.50457924456529
p387,16.622991203942828,149.17511771630282
p388,15.607102581518493,20.406975017718153
p389,14.241037495238402,140.09682864890243
p390,18.483328760795857,385.25828851581474
p391,15.132926402093887,284.19792602708674
p392,9.010484191775053,462.23744788928065
p393,1.0301048548611957,304.28633478647737
p394,15.76601745613879,211.7645195073598
p395,0.7885048639772729,222.83925348516516
p396,3.7296713159679284,399.9187967721518
p397,7.133129259774307,292.2763644966253
p398,13.860477706512608,288.80707148358533
p399,9.528019797415626,114.11837146017861
p400,2.712869168231875,486.7407274464921
p401,11.417390755698841,138.7427804168867
p402,15.566842991450773,26.549275202669364
p403,12.461113635826589,56.05276997850378
p404,8.792739802464789,307.9354208983554
p405,6.205537935612517,468.87976335760885
p406,3.5118774064520464,397.23893013663076
p407,3.9041136297244194,128.42827336645578
p408,0.4424040122532036,453.83966105617304
p409,17.04335060586099,399.4455507686429
p410,12.284387702437243,35.65835262367123
p411,5.606814288142392,379.5081631505771
p412,8.834046754993883,335.4354614454933
p413,12.134982910702695,170.2001432696832
p414,8.11745900901635,286.279616085069
p415,6.3187871870190975,457.5916198013159
p416,13.202060775289034,366.6948902554712
p417,6.290571717739235,27.685087646085794
p418,8.122899671450414,239.19476047445693
p419,15.824443122480504,191.7919834541256
p420,7.357573704122656,264.7620259407588
p421,13.533796844056747,458.22696737050444
p422,17.278741596118735,335.05267532954645
p423,11.765514478799243,413.579241438702
p424,13.89936552314712,448.3245989510436
p425,13.804728880545696,215.0999171431892
p426,14.105675243687475,323.6947620003757
p427,18.40676143374043,70.07774860299287
p428,13.241813741048158,358.5202307898635
p429,13.993371547137563,113.5649370434355
p430,6.126880322226538,498.58203169215795
p431,17.89515938236058,347.94510454848523
p432,13.824308474540668,160.62784716442823
p433,17.147075741949813,350.2758095594947
p434,2.8844635679689246,220.8016304158321
p435,3.673330098889447,132.0714257944719
p436,2.635569848185495,246.7792540482015
p437,15.877725471841357,115.83642568318226
p438,10.67796337784218,496.5501153015091
p439,16.51128756675254,185.88061134927597
p440,4.872741327692529,235.91822713631134
p441,19.860012150905273,362.113859825267
p442,17.96607160526395,418.81224864109095
p443,10.406852465969083,16.102557329406743
p444,4.682726365825891,297.626330619338
p445,7.335606451270744,268.95809319809047
p446,12.383695722616919,156.6218510699265
p447,13.224234747584687,313.99047897745385
p448,18.223966939038668,368.6783459313477
p449,19.629785680215853,104.98772427042152
p450,1.71297611966172,198.1906892280504
p451,2.3470244223148384,196.25843072079562
p452,10.16239691495578,121.29961424373403
p453,14.450569113311927,413.3063743490347
p454,6.259441454040491,131.8630116088918
p455,2.5451965778116548,425.00332553751986
p456,14.79242910255465,41.19836295201923
p457,11.479900413762671,114.43558200555421
p458,7.366143136703778,359.3143107663186
p459,2.179393315813516,312.20633591406363
p460,8.913393954594813,240.42727348476072
p461,1.3000384748640292,26.918886744859428
p462,0.15898732861834297,263.75727200258865
p463,17.356924434756365,427.4528759372082
p464,16.84852246129121,127.05022891994739
p465,3.2364813012589932,233.01795436780094
p466,15.189772449526115,167.2187192999584
p467,1.3384703255363606,261.2030318371881
p468,2.3935664219649144,396.96456957601725
p469,14.333484165407155,196.5657726233165
p470,18.34588669860289,92.2470926458439
p471,2.6919662015918977,89.46264267195897
p472,8.390963268896384,379.5478747878392
p473,1.6192190769555248,46.05429556783858
p474,1.5879928551156741,145.63095468815297
p475,2.339447797783847,1.3700006112196683
p476,8.244129017323143,431.9369952811024
p477,19.627375269655367,117.03221245606049
p478,15.70615130818581,332.87416341342146
p479,9.418515620239665,112.00325785406179
p480,7.452888064653294,251.22483158920127
p481,3.117764817902484,13.20778486261559
p482,6.246139069256471,472.2278159707807
p483,4.176054063503654,168.38955493889767
p484,1.9772947031960952,190.01938273016222
p485,5.323633344518093,258.91627407490057
p486,13.332633185192087,136.52558972907025
p487,5.686036607160783,85.88733449699681
p488,19.60689280858122,67.68390745889474
p489,4.735260044300327,97.92576865720831
p490,9.67894434529156,288.226667498958
p491,16.886208133217966,411.0940261015428
p492,5.9144767913494185,228.2321386577188
p493,9.686615725852024,432.6192661919816
p494,0.49287848036526416,11.475546323389374
p495,1.4350203535296946,353.34579926164673
p496,11.102302390971708,171.09053040302962
p497,3.070406539396635,236.30532926602572
p498,10.983288593225884,309.32087831506766
p499,11.783835494051718,85.53731700296935
p500,4.5559494063145305,160.2194851788722
p501,14.500133044518895,33.369847892772476
p502,13.43778000557029,99.01065109475415
p503,11.30541394016019,358.0464145419181
p504,14.342508903419295,451.3974317929884
p505,15.53148055651791,0.7095464235735705
p506,4.881836119157832,366.8984679330142
p507,10.698990319929065,347.98575396186254
p508,16.675428540628282,37.96589774853787
p509,3.853002586936871,411.85505671358317
p510,5.820009258346208,17.588529354641114
p511,9.62796519360108,191.8220738464062
p512,9.91861236508589,104.04987246389891
p513,10.393181139885337,88.26444219721175
p514,8.111430884605104,408.57658116703544
p515,17.353050817778943,162.09495675754692
p516,5.893039499618833,404.5244532002641
p517,19.19722275780512,301.1166256161968
p518,3.6501989968102366,413.433354086739
p519,11.11080133382301,112.75473388508361
p520,3.8107701596828103,410.7231038348477
p521,13.627924501524324,15.665738704797484
p522,14.849855276194482,439.70426971014695
p523,12.18425372634872,299.8336754814549
p524,6.047377488322779,324.0101944643278
p525,1.5898172210373374,296.9966053103678
p526,7.785791521066403,401.5248700687311
p527,12.364941698363419,167.27302513484548
p528,17.508009728635862,338.22475258779997
p529,4.122937513917675,333.32483381903154
p530,6.031360599932265,416.3872326254176
p531,14.033404140573394,194.92580580638446
p532,8.398000303366125,358.2232361873793
p533,15.744471293886054,165.31350188651479
p534,17.01409370558849,155.01920762316857
p535,12.023646310321096,319.66950272609745
p536,10.851270142546435,441.0176424533582
p537,7.918030103271376,467.13218663146364
p538,17.47381318420603,56.750299555744895
p539,10.961607637051426,327.6167612295322
p540,16.853279204513893,498.5417041292962
p541,3.6349790714792096,246.81979281497252
p542,9.988408705323245,249.41313179729096
p543,1.1524159714154747,84.8542850100179
p544,1.7939821325785221,38.44458717401417
p545,14.958226027406864,216.89653929141113
p546,15.817275200805017,445.99819813793954
p547,19.741077911096077,5.046303973239407
p548,10.440053759607732,299.7052955265276
p549,11.649773789128714,325.10785309586447
p550,2.1472043515926353,476.4221738106315
p551,8.005933217248256,258.3899703844803
p552,11.818873674803879,421.64679866799895
p553,6.431066043347268,2.2799168725343155
p554,2.0844390729576645,474.57029381511734
p555,3.1254952275702896,334.6640974514854
p556,15.113865618707935,54.84853089229219
p557,19.776191639466823,395.9639643403058
p558,1.974517751432474,317.05752545790074
p559,12.879841753878324,57.93062790061254
p560,9.279734033142756,143.75370183887753
p561,8.330749040355748,212.69678739957442
p562,10.274444048297005,338.2665911632903
p563,6.752301724941637,159.18536302481812
p564,7.630185829607181,447.01523616499964
p565,16.945454144350162,78.76130407475002
p566,9.117097153372896,250.72130861458942
p567,19.839327426754657,268.5687909043952
p568,10.605785824364983,11.397712795372772
p569,13.454820644378282,165.81032126648432
p570,16.142056703643547,349.6863819055975
p571,12.664006550204716,27.87494278177838
p572,0.46803733144247683,93.8950114849128
p573,3.0504147170434948,311.43822554021637
p574,8.546182232684636,97.6293768203303
p575,9.502310854703424,4.497407091667959
p576,11.944713368215016,317.150172567831
p577,13.583581742531681,26.21138411234908
p578,14.981615700520388,349.0861938851742
p579,10.451138566805572,242.13963497094082
p580,10.463181553196481,58.77130187007229
p581,5.109489795602893,16.71011377405679
p582,18.878795692854407,428.3707831336739
p583,8.98007236091959,478.76168975631407
p584,10.101887278598216,3.432357062097491
p585,5.812097683664343,434.2777905454581
p586,17.441400790874052,266.2953398310489
p587,4.421053596717012,261.2547254921078
p588,7.133989287696025,394.467334134171
p589,5.248998106114858,165.6202130485236
p590,8.39991628123947,216.50752535652052
p591,18.937104021578342,484.8949553663619
p592,19.463850799901298,345.363309237541
p593,2.278807540385719,262.486308999699
p594,4.886887094605492,448.4170611144886
p595,0.379354837221324,390.22471994777163
p596,6.376338398289814,497.2065228786547
p597,1.12785971983552,149.1719446227312
p598,7.322973995859002,281.6928467831785
p599,16.1812777039164,293.7499507127847
p600,19.340419446859848,430.9667703219286
p601,19.27465864180782,213.93720047858494
p602,0.883328745041867,494.14891574324605
p603,7.861667017713563,5.325921236705722
p604,0.8368650876023542,199.9959631645975
p605,11.627295419547112,471.39622717248517
p606,16.019321005922535,166.02995605358572
p607,0.5605013435501549,27.844340472703955
p608,7.948500107738592,251.5968966419392
p609,9.753002725544146,224.43982714576217
p610,1.4471437342313043,109.57591142193806
p611,15.679249394096129,123.79492990975116
p612,2.4948088969021254,238.45367086213233
p613,19.056655411990143,244.48994908415804
p614,14.284118712145792,363.6899657453912
p615,11.476792322732582,116.53780306092071
p616,5.607841875003967,394.609541496583
p617,0.44387975855668227,336.93172727605224
p618,13.866220410860022,151.37331406794326
p619,8.175707530153888,440.17575455303876
p620,1.7901577072693375,363.5669436781293
p621,10.542426429085232,297.25663530769333
p622,16.967268395963945,444.6176993161431
p623,19.161516847593006,232.05768468819156
p624,3.0519858326523286,325.8496107524126
p625,14.905967544140239,75.88372805307058
p626,4.924672559218564,474.7902379418047
p627,15.360703897739576,36.845312991288125
p628,14.565609999264936,223.48975052241477
p629,17.515374225684205,321.2551110506717
p630,14.792954677388192,188.27635938537995
p631,12.527144215953692,241.38052293516571
p632,11.787335455634363,343.5024651482908
p633,18.69522465894298,372.6148624753281
p634,16.167608961837217,185.6833825490219
p635,11.317600328006876,159.05325042839658
p636,4.819064230660017,410.95688294190717
p637,18.35689451498877,429.9449761329176
p638,2.5300890532024645,18.77305063718748
p639,2.807246604504947,121.68345617135812
p640,15.839203728579678,345.2863750405402
p641,18.240774268415315,357.82091405493645
p642,4.78569214705558,233.56202596582
p643,1.0258967616519632,458.6987387271855
p644,11.394215485315629,393.231559019248
p645,17.913692687510117,160.3434353660318
p646,10.306214567515186,131.10373915569824
p647,6.5570214397129885,93.06722076902545
p648,18.11013439668901,27.799865048011018
p649,17.976039816222816,298.02627232096114
p650,13.350172476533498,175.5779065430471
p651,1.1543453514989022,16.024253141522614
p652,13.5510436336722,449.9408514949154
p653,0.15885767418443608,12.051036861322196
p654,3.3971685603122936,256.68183398480437
p655,12.76767893782585,400.35135710718583
p656,15.20649138645216,481.24301447812866
p657,3.0394039259630223,71.64771740474013
p658,13.010328840057504,141.27440060214676
p659,10.244641987302476,210.25123447045345
p660,1.455923610420533,167.4555539846902
p661,10.698471736457984,294.1608563311163
p662,15.264301878008318,44.399374089686916
p663,18.72377208284349,111.83108873327524
p664,18.042346929485927,68.18057493537366
p665,8.443302235946746,132.9404885507573
p666,8.44926186555117,3.92036522195105
p667,19.19277355773198,71.8279159253582
p668,19.57784841742432,197.3252897513792
p669,6.300348454088054,227.08813381275516
p670,16.176545930388937,101.1984739083836
p671,16.29466106628947,8.412145675070926
p672,1.430110528596138,263.59132375303574
p673,8.234462226557973,207.94616781516422
p674,7.927370334227932,368.4712903058719
p675,11.641846431261412,68.56237124708481
p676,0.392235087066779,9.928392249271056
p677,9.86318769942022,463.65799498383
p678,9.651172360525052,38.45654286510436
p679,1.5767470470244738,349.1758176041051
p680,3.7805084670692746,67.43296721490633
p681,17.21016000049122,127.22492721385481
p682,14.285551301016211,206.4534030742563
p683,17.284722037527015,195.34281669038543
p684,0.8578559919024253,191.5884959002374
p685,15.755289283807812,448.4921094953872
p686,13.075994813006574,442.79646898792384
p687,2.1628719369559013,315.6054915729199
p688,5.37419209568645,316.54757510515
p689,0.8125574015347681,374.09561762772165
p690,5.01279714468385,473.3727057749694
p691,2.052559625978545,1.5838217049314318
p692,9.762248057392696,9.648420744508556
p693,13.737225731595084,360.44178107371135
p694,7.8439133783018296,255.19747521482822
p695,13.978503834040803,293.87059066213766
p696,5.362921391515421,25.122309122844467
p697,19.637579566154262,104.63590300900117
p698,1.0220200137637936,335.5192291516877
p699,7.099352403487888,130.71915774054582
p700,7.784608894526228,489.849273185769
p701,11.514777318744358,438.18094228633583
p702,12.591837350642487,305.787547946627
p703,10.482032068613911,443.63271375407356
p704,19.945962137606152,142.51648727872617
p705,7.938114910398928,288.7837866947932
p706,18.926430448597525,117.532992304688
p707,11.421788482886848,333.6650780800796
p708,5.370265037236209,159.09108503824655
p709,6.089443428342514,128.66936644039467
p710,6.002082305144992,219.98079283506777
p711,12.280975743358022,201.58860932992945
p712,5.452707367598036,167.09369091377252
p713,5.80020883838216,46.21966564348134
p714,16.386444375634753,352.69776155597344
p715,0.7832679535240805,104.9879469299792
p716,11.232361903981808,347.4956383635057
p717,4.433379942370184,65.37699226604654
p718,14.240364260076074,20.397718189896054
p719,10.43603789687538,163.80900737475545
p720,13.292289944042388,121.98455215872795
p721,16.135862635978356,177.60802145356146
p722,13.468073454491751,427.9346572506494
p723,4.5780099238084615,397.8054228618205
p724,0.7242653523224418,421.5028626904212
p725,7.997314015156789,381.2238389863145
p726,15.599792191850643,205.8062459046382
p727,1.3012882450750807,67.97969663990567
p728,2.7888183121020504,305.8340974751588
p729,2.387463622397381,262.3422954946742
p730,9.421857000720799,343.66697019037036
p731,17.15551672509551,134.25384127956934
p732,5.1355709097761455,47.49392563244509
p733,13.220936508501207,456.94089991299285
p734,1.8208377174844692,309.82502481411194
p735,2.3817629268041762,446.05261338603606
p736,17.553975631952394,151.135009580592
p737,17.668784315220208,459.6024232485112
p738,1.7004971583082384,337.6145716082912
p739,0.8740984952742847,406.3528860916044
p740,16.634864211168413,344.7852217042107
p741,10.297700502332141,459.1515218448366
p742,3.412974481977642,260.0364993604587
p743,18.899763210787906,90.19012458137033
p744,13.72989114782396,237.80374598520848
p745,11.532602788192879,339.35783066380094
p746,4.266603895383274,311.1849555884512
p747,10.182809937321256,28.669058437003734
p748,4.936159673149419,451.31176469528987
p749,14.882942890112616,453.70710985196956
p750,8.449376196698903,134.78613212928087
p751,14.72740492284489,397.57978177369824
p752,6.259252942212172,384.4010898803161
p753,15.098421802984138,168.1332163866287
p754,6.701801962241058,474.89242436476155
p755,16.889236797274936,367.845288153677
p756,19.465748566316307,248.5554186370571
p757,8.70914141735496,139.114797211062
p758,4.578602160626513,262.6518578833881
p759,7.321501634830305,3.8052277093474918
p760,14.543120453569303,2.1300080540704314
p761,16.653001399884932,495.03410948180743
p762,10.71609401203837,122.91467810375534
p763,9.13655720930443,366.0739507303728
p764,2.510981074623304,142.5735560890083
p765,12.963185629622584,334.19746227224516
p766,17.425098173926735,312.12422449391846
p767,3.211295652891224,495.19402919907304
p768,17.981000450064396,30.677872829545095
p769,16.394299827160495,338.3381241356901
p770,15.10405710558192,393.9723828292335
p771,1.1592754878322187,201.08051866986176
p772,4.12645001020663,268.0003421113128
p773,7.8105379948362845,470.7435489269283
p774,15.533845914029312,239.19394106191032
p775,19.372799366523548,289.82790872005063
p776,1.472685000129721,129.15145488865042
p777,15.10804104924862,343.3094845106088
p778,3.832594515627319,11.760139205830022
p779,0.9477464378242795,98.02868107114281
p780,4.477902234042728,492.2237775214447
p781,8.420543746374287,413.978732461169
p782,7.790716101495145,393.60268186084147
p783,18.94451010215411,1.5335229235359238
p784,8.646625374051109,206.614190331186
p785,11.810196834085588,84.46738851034897
p786,16.007302661376567,440.9176890118719
p787,19.18959009465837,138.04756299262084
p788,9.700014063742593,482.3970619599737
p789,15.276951931020463,146.4319370528766
p790,12.601743289491306,430.4445830250688
p791,5.806569770094747,279.41055720502425
p792,5.348704678450589,291.6376351461534
p793,16.319561777216776,82.45453259307328
p794,1.016454098968893,103.57624858789582
p795,8.918982396483612,348.36572210727275
p796,17.208096042123092,45.92482030166528
p797,17.855583836955223,338.64746903739075
p798,8.076111911044501,222.88412930554102
p799,6.277063980666151,136.77743166175006
p800,12.69636975445821,57.79747854577422
p801,6.881829038295075,25.994098363456565
p802,2.208219522044248,482.83853237085634
p803,6.609949618696065,289.6345901203495
p804,14.05612937778217,348.412520108517
p805,11.196441096935732,472.71369203648504
p806,5.544352293978207,338.11915631756176
p807,18.414056636191777,66.47398867657789
p808,15.341915922499222,100.09574855577397
p809,7.786813038965727,386.32045398122875
p810,7.282794919154085,302.18048075549115
p811,17.18622773124306,178.75924002308875
p812,0.8226117783052111,356.6063239048852
p813,13.838136831651266,11.176382889786007
p814,7.341260352753595,47.550509868199256
p815,16.7032312636244,86.29537541459142
p816,13.388692406580203,443.2156370034323
p817,18.24815767666513,0.0681401893730671
p818,6.74367558212734,375.7029594834176
p819,11.042779602017724,212.81869548864807
p820,5.417108703319531,16.80324183317411
p821,12.70541067476531,38.496456668545285
p822,4.738379954479539,135.96739451140405
p823,3.804205257696336,125.91991648337847
p824,9.58041828659702,277.0183775005565
p825,14.870240434619381,178.28035033333956
p826,2.0005448948243254,55.307816816834496
p827,6.56564028997221,434.9124311263594
p828,6.831438138136616,86.66817692878077
p829,19.58836453626438,273.638619295645
p830,2.0086473174022523,456.4981172294353
p831,7.027268691448274,253.0792770051533
p832,12.650818212616793,393.9990815665455
p833,3.0073083684420743,471.53773441730755
p834,15.496302346493248,276.46564590235613
p835,13.855489324687332,9.176900264646015
p836,0.7830297306973955,383.36747259191407
p837,4.789941556516397,75.48217324543266
p838,12.449586923930816,369.91795215619635
p839,4.258517896506298,38.28068752191422
p840,18.528939467240342,130.3543002246703
p841,16.577425573546304,158.6156875841811
p842,14.55975028760507,474.6683864883175
p843,15.277704956385893,439.13908415313654
p844,18.03605034421594,176.4874129969196
p845,9.226088449763367,434.5931565251157
p846,4.490547988452738,407.3035930603641
p847,7.366464407468724,97.02563933419644
p848,7.125504933386146,5.841822268560948
p849,5.604325537837687,266.1917931576228
p850,2.888753743659007,491.61479559619977
p851,9.323874865023093,42.24868613185517
p852,11.657538333065913,57.47023204729834
p853,5.04770054985851,122.1593991517264
p854,19.817877982258945,275.1449441977041
p855,5.7248870196902635,357.85228248644506
p856,11.913381634880679,237.31099911298298
p857,15.955389804878582,10.529819171560428
p858,14.083855144342326,325.0082643276635
p859,13.39052866461544,323.92918445650366
p860,13.706665259336642,412.24670119169326
p861,11.702007970173405,26.91802613097155
p862,0.8838269866383275,451.698453606581
p863,16.72804113730103,175.8395811565823
p864,2.7955520416913315,64.6391802034888
p865,8.864781245653209,83.34435251936596
p866,3.169623241680317,478.88683993928015
p867,12.707029767261776,373.4998640396174
p868,9.016691935776572,133.8016724989869
p869,15.274383078407459,30.385198552562887
p870,14.665992443488939,325.34800032263684
p871,18.82481389050162,172.94943607494633
p872,5.13539618115283,287.7855644262339
p873,15.080421244199297,484.8814788081785
p874,0.6810658086390053,215.31931867423853
p875,15.740015721063036,275.632980516488
p876,11.014288110660937,497.9149081333792
p877,9.270241046186115,313.8841264721141
p878,3.010740236943197,59.9215127953856
p879,19.813649079673564,444.2791939290105
p880,3.045318440242457,67.07507913711352
p881,0.8832456559204216,285.9622266075912
p882,10.703193674001854,373.66120752586625
p883,3.2014994326425317,251.1696609432576
p884,2.5928731237290226,1.6469912208008086
p885,6.214124210436173,237.18727691442248
p886,0.37030107877210616,329.02858644333025
p887,15.701226125543988,183.93106813877318
p888,12.566663834068951,4.942298996780781
p889,10.141447607236216,144.4806229560534
p890,11.916004186883411,205.07784973655384
p891,1.5639618439105019,385.9873745092389
p892,7.193494187515288,171.06624152129868
p893,17.596113156064444,35.32890776444903
p894,5.762215780406961,485.2386039036713
p895,0.9454261967798971,283.9150766791859
p896,10.65772108596917,474.30834736315035
p897,10.57694892283289,111.41543174555896
p898,17.993935559516473,225.9979040076563
p899,10.326065610539377,29.174174959741674
p900,19.040399552391627,398.10057096675666
p901,19.645933699788593,158.51750384386887
p902,17.411790387235442,9.196615985103296
p903,19.090062430309334,416.7035764502625
p904,19.349285382148267,69.83916851493166
p905,17.052417179842035,443.1726197846269
p906,3.018071980271928,361.5465887664964
p907,16.989714024288244,1.1280019049430545
p908,10.841647427759671,366.9199695707895
p909,19.54550302449203,60.09977717053838
p910,15.080284908218225,177.4037693794295
p911,8.797784434757752,426.2678448362579
p912,12.518872866462033,114.24008265691631
p913,6.852098051125255,430.80849595125784
p914,8.184245747990955,374.3881429390337
p915,11.077863629309308,221.1640672513102
p916,17.675839473379426,371.9293526239592
p917,7.55774109462878,156.2990511316475
p918,8.820946958372197,269.7319928917475
p919,17.486236120332105,50.74319733950572
p920,10.414717176072214,26.626326537198096
p921,8.499700427933996,75.95514999499132
p922,16.342196513468565,209.68947696698663
p923,13.981351016216067,436.2134390217492
p924,18.756877543144753,99.51080680446944
p925,11.280005728364724,31.838005358674703
p926,4.694779675800438,291.11118596695536
p927,14.64468108587742,105.2485331300526
p928,0.673408082537228,92.75376978669425
p929,8.84877738486685,229.7904951134505
p930,12.677412270465346,83.04571086643259
p931,14.021877544676224,456.1379143112628
p932,4.696359374801508,219.23906847336283
p933,3.897960483075733,15.963056137280995
p934,9.83643164144397,15.90135851741642
p935,6.371930529911685,341.27197189263745
p936,13.45499080262432,26.04581142633361
p937,12.39209451965422,253.22472328960578
p938,6.987105655067511,485.06137276065806
p939,3.6154244311278494,20.855886316621387
p940,14.828621108036648,110.61512845376569
p941,6.330420782314969,407.9591183616277
p942,15.774776410361708,463.6809635529693
p943,9.224366503898818,335.69296391355016
p944,13.382549980339022,143.11652130074137
p945,3.8580165644983633,373.7559060716624
p946,16.228968388765797,120.70051151831146
p947,4.5283623537620565,160.26040214865216
p948,2.451400329580362,379.43273634514486
p949,7.229451958969191,276.33567468463804
p950,15.81934541025047,122.53049678399036
p951,1.4535737842157581,392.25105335058885
p952,8.208652795663431,317.10182109081353
p953,10.586448877822804,464.10763452346816
p954,7.18391974419458,364.3666498715447
p955,8.899753161205942,430.0639463714855
p956,2.7835715423379903,376.4409215191037
p957,14.740803401633588,317.8388605897805
p958,5.332489269689946,411.0366684610382
p959,3.436646672287944,370.23754208305957
p960,18.657973437383156,67.9819629777224
p961,3.8985275971017375,283.5833415064398
p962,7.5088130764243814,371.58227425401924
p963,17.161337768454384,249.40555962022947
p964,2.2005293193130515,315.4219092730802
p965,5.128157558360808,270.9526142088873
p966,10.173481978372095,68.43575708801364
p967,6.844727187445319,452.5894942735009
p968,10.103339355666826,362.51675897070214
p969,10.354596737042785,480.13125771904055
p970,4.633728124209789,76.53457948750342
p971,5.9104608553953515,413.1280798186224
p972,10.59771178119939,355.16166065963176
p973,8.302347053711083,385.0977373270542
p974,3.4110067478860207,129.77417279161742
p975,6.417578869609959,37.76200742937763
p976,8.695480542343432,340.5452392473963
p977,10.437240210955673,347.57393223831457
p978,9.591393690289141,109.2240050231092
p979,3.1922068137615756,491.26222243329556
p980,3.2701788890072536,255.18866657660143
p981,2.4252534557184147,56.377178531933694
p982,8.816049367860977,375.97731102969703
p983,3.428968506441741,493.62241233405405
p984,18.741466602632972,272.8580842009125
p985,16.77010463868297,132.16536395299138
p986,19.13352368017862,424.4447566359787
p987,19.615207162118036,31.799147211281355
p988,17.589638765219604,258.7872176378454
p989,4.0196255823035765,251.92198615807558
p990,9.613181090211938,237.19423590732552
p991,5.166787216224604,37.813108559784816
p992,1.809834581138996,122.75628459816384
p993,18.061796164722118,153.26954205922993
p994,0.23801756135509056,442.3061211527101
p995,14.916627336330722,248.37925166141872
p996,19.332091736929545,294.53435043919256
p997,19.1902686704707,477.3462680932093
p998,9.38073690159353,21.56182879152624
p999,8.232914213221708,482.6394045641077
p1000,2.0345886976399075,454.0442931539145
p1001,12.15556719493334,472.63341422673597
p1002,11.02679348733573,354.2674487643846
p1003,7.066851371664635,142.57499381393302
p1004,3.0960326658847404,379.55604048763087
p1005,15.44908754629255,325.4046462838655
p1006,13.281484041346827,0.5450626443848083
p1007,13.983721056101876,415.73774864630093
p1008,3.464406180216626,99.27700868974027
p1009,19.1221379973832,260.96557848707675
p1010,0.48229657873483767,112.67851898483033
p1011,17.23920007187882,200.55860536906818
p1012,18.20981766824094,73.98387894558967
p1013,0.8079155993037168,382.63634785900604
p1014,12.349654554597375,292.2799172771477
p1015,14.35314626151565,7.696003277291085
p1016,7.615612503217271,402.78736743924844
p1017,12.93851681807942,129.13932470893553
p1018,8.673057648992824,267.0935175119793
p1019,19.600401357037246,390.1816680620509
p1020,18.33692776292106,496.2701036388343
p1021,2.583745656161489,72.433133384323
p1022,7.394216153185996,373.88419062751353
p1023,0.17832407308650655,431.5436600296376
p1024,13.220001393701784,164.7512878287416
p1025,2.098593109010727,121.19470083109785
p1026,0.8505530721894217,178.4726581644074
p1027,12.65528330615374,101.7143261145903
p1028,18.908436977052073,262.7007230084111
p1029,3.2982560398627436,371.9273375643501
p1030,16.803019379509927,193.7472568383522
p1031,10.228097369403372,127.9287701671219
p1032,10.523831503098663,181.31200627573503
p1033,5.043642908242621,249.29848909791102
p1034,13.806770556878616,295.18094555126515
p1035,2.2834868726675217,136.97749765481854
p1036,18.728049604379482,443.7040842146144
p1037,2.758061148062625,106.43370037270827
p1038,12.358746258316275,201.45594497950208
p1039,11.832172342999412,164.78990043642307
p1040,7.487146814699502,170.70061317780622
p1041,7.098168599013091,255.60606719478778
p1042,17.090689058895055,486.02524491048507
p1043,9.420681239752346,20.471239088616034
p1044,9.982727367785504,101.62380915056401
p1045,15.650938307856162,214.48098489569867
p1046,18.172648607922472,358.1696704404905
p1047,8.550902355149486,257.13238793486977
p1048,5.504248095954665,287.27904441236984
p1049,10.76343972590614,195.38083379028777
p1050,3.5678244276833304,136.5269781570228
p1051,4.14240571908967,237.10136337619065
p1052,3.6833711817425807,441.3607133160399
p1053,19.833757256929193,18.01223887064757
p1054,5.656095950335267,371.1381322645594
p1055,16.96602964191776,325.0261539945589
p1056,16.799168821490486,453.2285630901038
p1057,18.04441044354925,152.75542705709944
p1058,4.29653468462819,106.22131089783544
p1059,0.47087872367582495,372.86347049554826
p1060,10.27588218182264,269.63966473298825
p1061,7.394853615436851,316.0013953735821
p1062,16.468190288367705,292.7738257326047
p1063,8.819129761488604,499.66716109063594
p1064,15.127387857177526,184.9342706933191
p1065,4.938854688353215,14.194733759908484
p1066,11.582483007571371,350.83223673223404
p1067,2.4348260748669137,28.660757877907393
p1068,0.5594814832418882,339.22969516168325
p1069,11.810868499889866,39.95700731783569
p1070,19.110114362517947,72.71836691810319
p1071,18.213652348350607,222.3143648344359
p1072,2.876142816103404,312.4917781220058
p1073,12.26154208391409,202.1601238052918
p1074,17.994775356994122,216.55900120702492
p1075,16.34025585161778,240.1568306131032
p1076,7.851464807117294,41.10032714820766
p1077,3.8237686525327264,436.8529057772743
p1078,19.796682065131638,138.85343953728108
p1079,9.098580910486486,382.3518804623348
p1080,14.520849632703907,444.76953523448606
p1081,13.493856014330865,128.63021199182472
p1082,1.0988070659408677,48.308430297365035
p1083,2.232870329166645,118.85583987793508
p1084,16.457340060460485,414.3572623266451
p1085,3.733135298814927,409.6936503628908
p1086,3.745769871330713,444.3946984500214
p1087,6.350780972237393,28.175481679848346
p1088,19.7865187588011,364.8999214817698
p1089,3.316824713852917,139.03217624275104
p1090,5.078287062727426,25.72008326949082
p1091,18.680587434367965,410.40946550371706
p1092,9.702025865489016,495.85156531756195
p1093,16.509841767504266,313.708951335485
p1094,2.512198175549283,37.60734789248749
p1095,4.868438192575617,265.82385325663023
p1096,17.858674830232903,481.1753221813137
p1097,18.25645999213719,358.52391850473526
p1098,5.278933319500492,120.66375605587231
p1099,12.998509019818298,297.2176340161141
p1100,10.26875447775682,138.45270769375338
p1101,16.349112682470093,323.921005444084
p1102,9.572522236800685,93.32263699201626
p1103,18.091281263364316,331.1632351855105
p1104,4.413433942138834,80.30805485839399
p1105,16.987494507319425,126.06499751701539
p1106,6.530015245651195,219.55795753499373
p1107,0.6685610661865327,130.95195655503744
p1108,19.53329373263996,233.74541775536977
p1109,2.724930425768599,283.56228814194407
p1110,5.830428731264011,461.39584704317394
p1111,9.705860879633754,428.81314177449616
p1112,4.816909200221573,29.78576879454964
p1113,0.4849023363623073,130.766418553689
p1114,14.235948689772327,458.97170026928984
p1115,10.302349689020085,357.18027816600545
p1116,12.19790526933692,38.84452413262446
p1117,9.514368262053834,236.0454188984731
p1118,8.699941621945214,436.22683898208317
p1119,4.578681164804232,179.28640663337742
p1120,11.2022835799379,172.55113840334636
p1121,11.804560713537178,235.02279876067846
p1122,3.733668225085478,456.7172229476409
p1123,17.287842029841926,196.8574650003037
p1124,9.344752918986606,211.5508695546438
p1125,14.94728922993377,243.15364833284164
p1126,18.03922955624412,347.42185130478424
p1127,15.628073796522859,2.8778035930653867
p1128,18.412847992107718,101.9000645951354
p1129,6.06804782066723,367.9963057538439
p1130,10.336212106404382,188.40720487700662
p1131,15.27582116696925,22.02608679023954
p1132,10.716775082702494,255.64983477931636
p1133,2.067163451040792,59.6444381110352
p1134,5.913467449425045,304.81503595163355
p1135,12.347985917409282,266.32438352318263
p1136,1.0102862885553687,150.22234689234344
p1137,18.040356299188254,352.65184238378447
p1138,4.001238336946824,241.1243291548971
p1139,13.438564539019637,416.7458247821013
p1140,6.112112673575439,334.13522228174156
p1141,0.3400972988615858,317.4656637985185
p1142,9.874756623999241,286.7025791144104
p1143,11.874819498094233,462.5701052971708
p1144,1.5320023324972087,151.94186160048824
p1145,12.223238593925263,476.2738926023956
p1146,15.768342780997157,116.01442418132874
p1147,1.2312155706825223,430.73264627232794
p1148,10.955816976816656,62.72832026430753
p1149,3.075884155647497,164.6085460886742
p1150,1.8433170497033324,195.698064773428
p1151,8.30291907880593,287.53906959169365
p1152,16.348564250613126,309.6736006649726
p1153,0.6863569259996205,156.9778650900128
p1154,9.325860779107702,9.130218875344765
p1155,4.725905982543783,337.0909049751344
p1156,16.32954052143935,450.5961205318322
p1157,4.287299934339213,370.00421032285806
p1158,14.77454611279291,29.989539857654734
p1159,1.5778757974635438,402.2465422709504
p1160,17.419961525465524,109.85628051515278
p1161,10.992890538029332,417.8397712852746
p1162,14.02519388381835,45.52743302946932
p1163,4.716071838310263,485.7113176747261
p1164,9.4140435095612,168.71144493085282
p1165,4.615091530913302,388.2753056624943
p1166,14.808548441590075,483.7421624644952
p1167,10.006562075089446,360.4669778223346
p1168,4.784041962550818,369.93387547797164
p1169,17.901311386183785,283.92550618591827
p1170,6.740005827399047,33.02210753710077
p1171,1.295825956188692,147.34980132846255
p1172,2.5886821048976594,141.81509470630755
p1173,14.912631953689498,8.142063096735097
p1174,18.15366366216437,25.500563292756407
p1175,19.53959393808938,251.20858366830822
p1176,11.461536912931884,87.43682566070294
p1177,10.761832124014273,227.91357933811568
p1178,19.438668003190653,499.87032504952253
p1179,11.607128734465038,99.55121662510157
p1180,5.617250141257677,200.8468578088587
p1181,1.2791946760057504,242.54741170071398
p1182,9.938858134646868,217.77673597716935
p1183,5.289231590747798,416.42896937306097
p1184,0.23350261391063443,18.3978888066057
p1185,13.715992753164407,468.97923414216757
p1186,13.766136224557684,157.23234262450708
p1187,15.302890709218644,453.63536416833574
p1188,4.421815662973891,335.9601288233924
p1189,6.938112206884051,400.33440341457106
p1190,10.002720149886455,459.7157021371448
p1191,18.810830217866787,442.24529224473383
p1192,2.2456933257122214,171.83681402616114
p1193,11.554209126903922,132.6471561510975
p1194,3.9090181093310994,144.0465510187487
p1195,8.124623037567215,236.1362122106666
p1196,4.17322618384282,356.5446032038786
p1197,5.3120765837532975,252.94679337811831
p1198,2.5944775029356326,390.6172409751071
p1199,8.45533229272812,314.68816673091897
p1200,6.370383903015133,365.15137137941315
p1201,18.991750279720367,193.82142450217626
p1202,12.99715594122964,145.22539871148055
p1203,17.214831912695367,403.9754135919534
p1204,16.404319433342355,139.59505094337615
p1205,7.739146756402473,96.83920385236428
p1206,0.9036856501276302,176.86219806397574
p1207,2.5349478626715305,332.4643746192435
p1208,9.4249461871126,47.27388690289547
p1209,17.045825535389888,280.5135864053037
p1210,1.2630045033176374,446.0147473407306
p1211,13.990715170761343,117.84523587559082
p1212,2.5459655327055786,412.53377675263783
p1213,2.142962980204295,47.8972225597315
p1214,0.9134963203830115,175.64541233148557
p1215,3.499690128412556,281.82939655324964
p1216,2.497957179857444,410.1282572044481
p1217,6.494445719838476,211.50790011009894
p1218,15.804117418635958,489.25749249011966
p1219,19.36715943528612,428.8030124171734
p1220,3.25340578156627,229.0694188321933
p1221,7.784954942490854,98.62951638272888
p1222,1.2535406171328933,326.8955139050138
p1223,8.93951448184514,338.5980955813916
p1224,7.346376662496539,293.26569663753986
p1225,0.34710930337954915,266.7825596307755
p1226,16.00452051789042,312.11244648361753
p1227,19.083623919168055,450.78911581023436
p1228,12.45268557122538,122.01951557939094
p1229,2.540963815043422,219.7836357528758
p1230,10.48891301356849,56.22108682628296
p1231,1.661206761874079,126.82928716947123
p1232,17.70839831065277,321.90689963486415
p1233,17.48037556063107,252.65218881241668
p1234,11.718581174781011,7.623951366738602
p1235,2.6806486632906767,332.21797014916746
p1236,12.60531364207814,183.3622974627176
p1237,1.0112378398186128,453.5101899138857
p1238,1.486701680629685,147.3072933592209
p1239,14.09706178577544,241.67206047071926
p1240,6.83179966182932,26.98773028033885
p1241,12.53260892944273,257.13463288608847
p1242,11.202979548780714,55.5910862579091
p1243,11.281873065768075,376.404857088073
p1244,10.89485828092991,495.9059615892483
p1245,12.719945119928697,232.47790599293833
p1246,13.790906191756312,194.66271000645986
p1247,6.379144528797152,99.7551112843999
p1248,0.8866858775697217,392.1332906678412
p1249,0.8283953895926555,15.610293651384444
p1250,17.469083189863216,66.0996732055586
p1251,8.619995484929245,137.80978273888323
p1252,14.30320046868966,155.80531673466652
p1253,4.398147790854172,480.7524429026911
p1254,6.058442508465706,456.7689855232113
p1255,4.473298489104667,46.72793637209638
p1256,5.14937405178765,104.57360208086442
p1257,6.3726464046033415,71.26502186087774
p1258,0.081961043956702,372.91835820589534
p1259,1.0381190282756791,37.919755573654456
p1260,13.962881567600716,123.89877050994558
p1261,4.424859089993724,371.721171136922
p1262,13.305919780373403,49.410035633859316
p1263,16.750605587155277,136.0335173180206
p1264,17.070053906902267,2.879550609670656
p1265,2.5135380213338543,300.18422620351515
p1266,19.164135884188152,56.341041817964786
p1267,2.4536044245929967,463.5076055457894
p1268,17.320685576947493,360.2165952925253
p1269,1.1135087119586684,400.09312154183044
p1270,18.536994138808176,457.85830610619325
p1271,2.2014411287843028,411.32087872593917
p1272,15.55542361671292,148.6550191884211
p1273,15.590635783604746,298.21268904846096
p1274,17.27994108391708,70.84070475284709
p1275,3.0538754232471765,358.25071926485833
p1276,5.909931294477502,482.72210729705256
p1277,13.625561569440109,119.9968475525926
p1278,2.9664048340815485,310.25819844548863
p1279,11.620929962423759,273.79280813396895
p1280,9.42729042618958,385.2518855757153
p1281,7.216092716171822,480.43508200045807
p1282,10.256911334793381,230.77320055110025
p1283,19.236475066949794,264.7018299317912
p1284,4.895986534075525,498.90540474097924
p1285,2.2614598999151303,96.89947231266444
p1286,0.26400653207930835,25.73818313137921
p1287,10.326687514724624,64.35275337257839
p1288,12.648294283268484,39.79519878845045
p1289,11.19795582537353,423.06812927013374
p1290,4.154221302424421,285.40311914447847
p1291,0.8754576024830429,345.1578603367539
p1292,6.278592209786309,101.9773380693067
p1293,17.123372410752346,371.18481061250105
p1294,13.255024095814015,128.51453135402963
p1295,13.079639418837715,328.0664518602224
p1296,9.225149401075193,97.58614353678641
p1297,9.84805991119445,476.91676482289375
p1298,11.835775817613786,260.69661536211805
p1299,11.441183784901392,112.98280609317457
p1300,0.42019004903978363,429.80877418272627
p1301,8.934909633457844,424.85860847491966
p1302,3.851305087594772,196.75557576247516
p1303,4.664851265996209,101.3971607271859
p1304,9.701704659486502,42.23509839214007
p1305,7.7266805443511295,192.67848776008418
p1306,1.2740705879775183,39.454150033374155
p1307,10.49722303807612,0.45620183528061187
p1308,17.376038997896984,21.396541416284055
p1309,17.884375261438958,495.9093456583058
p1310,8.414368025902206,416.58783927906893
p1311,1.9464022462258157,210.9543431604356
p1312,0.7782141825566558,137.49646197805677
p1313,0.07247789773833002,135.60312300572664
p1314,15.881562025098031,251.6961076984195
p1315,0.6481882141698736,424.9630492063769
p1316,6.761148446773449,433.2710067782368
p1317,1.4816805533192912,493.07280950444573
p1318,2.5165025414379527,382.2966609393933
p1319,12.624640012089596,338.0021214456669
p1320,12.20355763118076,213.01541659693618
p1321,1.7117145470741746,47.15667086126013
p1322,18.91235727904563,255.27250986199468
p1323,6.630060213298778,243.70538694228455
p1324,1.18887335396904,258.9959009485253
p1325,12.019015259073655,24.0121478178838
p1326,6.626416299050632,53.39274778017311
p1327,9.145698431677975,499.5792900432066
p1328,0.3891393863031367,364.1435627196334
p1329,8.987557468791058,296.86754594419534
p1330,2.1230140388271623,358.6138244937273
p1331,1.7446590370952841,163.61117545547398
p1332,3.3234547370484524,32.88997278452233
p1333,2.689166145599613,38.737219122044365
p1334,4.698549548361433,330.05394643838275
p1335,13.905985722230664,353.1928788307673
p1336,5.822720376146478,492.6461517049241
p1337,14.136702978015428,460.7135398193199
p1338,4.480569667021457,462.10389133241716
p1339,0.5752960970925081,345.93480351672343
p1340,15.44558412224821,138.13942463587392
p1341,10.85025124735954,148.03753581179308
p1342,8.467989121716206,231.5573905839256
p1343,18.69976462640819,342.711265144814
p1344,9.84563117373781,333.1684191281042
p1345,17.694763308401072,27.590638475747497
p1346,7.434763970214102,117.84665743645984
p1347,17.198202423717582,89.56756693888507
p1348,7.472842934213293,29.052871514373635
p1349,16.324377068544614,438.1723071866334
p1350,19.587102441851215,336.89008431114763
p1351,17.942699857739996,478.0754983949589
p1352,13.756474114732626,491.5239987132882
p1353,17.322839459089817,154.1336838327253
p1354,2.2169014293057865,325.3916753836854
p1355,19.09400140003606,183.23530433888845
p1356,11.65849211668333,272.389010532495
p1357,15.669547548591215,102.7182065072349
p1358,0.5670457919013794,258.61789497753523
p1359,8.71753785185144,407.9612544050521
p1360,0.2183125299336286,317.38808653385126
p1361,12.979130995171268,63.84432773184362
p1362,1.5792738985805177,434.92881348466943
p1363,3.4755832846952184,366.27622249266193
p1364,2.765003900501186,84.06300898867009
p1365,8.481797186308757,106.42934110580259
p1366,9.383885260010844,488.80337125766937
p1367,2.6934032811751885,347.338607948563
p1368,8.991110467302947,375.03329012961905
p1369,4.300321327052401,170.37595619081475
p1370,9.99354872506718,251.4415377576638
p1371,9.79162821348185,30.159463942712406
p1372,18.195628130072386,303.8049916755788
p1373,10.611491000199432,418.8955958329444
p1374,16.986326428201306,481.9822784486635
p1375,2.3838318205940356,488.18098940721444
p1376,18.16691943810496,29.79845102220352
p1377,9.5761391003522,397.64155406151264
p1378,0.8392259614167608,122.28789833924253
p1379,3.5054398774988704,380.40427909083905
p1380,12.878010112616568,373.3896135102747
p1381,15.003299366298126,309.1408009525184
p1382,16.021673656052265,118.40732061924086
p1383,1.1163279743141263,471.9502171835792
p1384,19.602837092346725,459.2776596054413
p1385,15.661033096915018,478.0314475238199
p1386,14.4641127839987,137.50825197036804
p1387,12.891678514676745,344.34372196505655
p1388,18.63879393614155,307.0732207266108
p1389,1.8904298716598933,472.5168926975826
p1390,3.191227110436079,247.53040660019872
p1391,0.7310628259748442,298.3347573552929
p1392,3.072865998621075,185.5121283150021
p1393,6.2872609885017,145.5585934025571
p1394,6.975444479857089,117.63955417438865
p1395,19.909422356145182,448.59130028870806
p1396,16.338622811074764,448.5225009908286
p1397,19.267954295579155,33.77337838558086
p1398,8.490084337778438,222.02541770231304
p1399,5.3077047762716,418.92582569403856
p1400,1.0107584153278393,486.643046218896
p1401,10.931916829376672,389.91640558516076
p1402,1.1198800618130789,106.39919817734229
p1403,16.436220634907674,61.12016438023843
p1404,11.98711281606756,38.13676026122598
p1405,8.968651042117887,61.02399470461706
p1406,7.840961309207374,470.0048496813122
p1407,0.015642549371488457,107.75902025706729
p1408,1.039157818056975,458.81839440666516
p1409,17.601793917341066,382.25387321406936
p1410,10.119713558299722,340.2863431944492
p1411,3.307708257303017,69.2479669167786
p1412,13.255265786054943,265.32371613244294
p1413,17.055499418142762,303.78197317388833
p1414,10.617235077904585,235.99525961737444
p1415,0.16834345326527833,160.35163708309892
p1416,18.09845051881854,318.18100863814436
p1417,11.555256996345818,248.30221575385448
p1418,19.39386398558413,380.1334750883995
p1419,3.495039336230059,412.7468816838694
p1420,16.47733972074616,220.2586449100593
p1421,15.242606481137631,472.591671789359
p1422,4.946025914151271,455.17952716695555
p1423,9.796348944540686,258.97841697803557
p1424,6.190910607356335,353.24401139746817
p1425,6.844494200166123,279.546364160161
p1426,2.7908969101460857,99.9533969789838
p1427,4.7677693977114055,406.9205269839172
p1428,6.550960444272061,87.60506658763518
p1429,6.6385685101330765,293.8682816554643
p1430,17.82317028041451,326.2922050771058
p1431,14.469846586121635,409.3323754991506
p1432,19.88626042328818,341.61698646514157
p1433,10.316134523977599,279.36577489706207
p1434,3.4693665311881605,202.9803902494669
p1435,17.196016100005473,57.59524669446387
p1436,19.036969885730215,202.45081408582266
p1437,12.598861750735516,478.4520633816788
p1438,13.030045144379315,345.00041941773236
p1439,13.245433771793031,329.54036894372905
p1440,5.862284038230207,237.62438608935938
p1441,13.090686902251175,119.97472833942857
p1442,0.7953668576007167,419.49751741345676
p1443,15.282446231572195,320.51192058601504
p1444,5.036690962430914,118.68319409156702
p1445,10.566510443638109,318.0502765251705
p1446,7.828778810481141,199.50634288835474
p1447,12.358329990224057,53.23685483247675
p1448,9.899324886427046,184.4535682015242
p1449,5.953197263406189,280.4324236856834
p1450,16.489696055104545,72.83405530291547
p1451,0.09548838348872213,17.76264296132879
p1452,12.042172365808801,182.3744185901589
p1453,5.9163787292585095,497.9761161074437
p1454,5.620896700601811,126.38382473674447
p1455,9.67671974190514,65.15434848599311
p1456,17.95253491291681,23.4076595199737
p1457,7.9755794247733665,167.71573084939183
p1458,15.416365662683155,188.13960066754643
p1459,7.733301078970271,0.9266734156603285
p1460,6.786507774433379,397.907905540329
p1461,19.171678756595966,22.220924514633865
p1462,12.549601894193014,383.11718972366737
p1463,1.6165015237942737,218.43196328663572
p1464,18.650553794450037,429.84370545401447
p1465,0.36541312564294826,313.10928212297824
p1466,4.903130841271461,142.61941358395802
p1467,7.448884371936256,162.0973753507981
p1468,9.230398192156262,344.18363037056986
p1469,17.67150123365482,42.270299808570776
p1470,16.723308068503982,437.40192435256597
p1471,18.920976639221116,146.7052379176866
p1472,17.337268602500938,214.7874484307517
p1473,15.72116108437568,350.8172088245955
p1474,15.596692858833226,385.146776116157
p1475,7.920357796256803,466.7358204872901
p1476,14.010368207706307,35.84089964333309
p1477,5.416244873760276,89.92724960851723
p1478,10.893688635731248,293.08442229066776
p1479,10.06191119173039,417.8560772480909
p1480,6.025217607537277,216.73110625144736
p1481,7.451636520776979,157.4240403693832
p1482,9.4500381430906,298.5146472890166
p1483,19.07951013331798,134.12079208516292
p1484,4.818619572353038,174.33037748215168
p1485,10.030428098677895,191.19367321994568
p1486,2.5054921462200364,318.43878667172396
p1487,6.343930312553503,6.805398791271955
p1488,11.366304142176727,165.96993893442098
p1489,3.4294777618002836,166.3443880796175
p1490,0.5488554418127456,43.57159642467268
p1491,18.075239437124942,199.79560167323683
p1492,17.346854874201696,420.2820774367554
p1493,9.669779875037584,465.7200148693532
p1494,17.154130415851718,466.294773269778
p1495,4.866270495309362,125.01087298161184
p1496,17.543798416523547,274.3833997607554
p1497,6.007719521195078,178.88472799461314
p1498,0.494047614550841,287.18490789929166
p1499,12.392956582406729,388.7295890451697
p1500,19.417640074239067,303.13904072924265
p1501,7.496442888190405,451.2325333698269
p1502,7.915932185749755,242.28540948036704
p1503,4.5738885917125565,4.516225964634469
p1504,13.891029348107043,452.42314692098165
p1505,12.389536749780362,237.77909627204107
p1506,3.9003474041593322,325.54841689597066
p1507,19.450524813179015,314.5611714214025
p1508,12.09386580581733,372.71161121777993
p1509,9.278009477773397,125.66121134909675
p1510,4.9402263432106,79.63010996309616
p1511,3.0952593660329275,361.8658253537682
p1512,19.9530543313124,300.028882180563
p1513,10.633851842513833,439.9141660992447
p1514,2.8895781952827426,89.86813147077643
p1515,7.115279288541256,388.7795655246773
p1516,5.27866379942237,250.4101861011603
p1517,11.645019217222838,115.0907786414453
p1518,7.82547152191412,248.3088727364754
p1519,12.887444368246715,58.060882426086366
p1520,18.820469846556204,443.0734005389192
p1521,2.0385509744782215,334.53771969491794
p1522,1.2695579075184726,322.74179975016
p1523,3.3067079466290217,493.5277570134222
p1524,3.5335134766911214,333.68388431978343
p1525,17.033757393182324,210.05774730711968
p1526,3.1979780626223064,491.8251604639927
p1527,6.8337452417575495,14.169637481259766
p1528,17.835747487998773,203.5488000460629
p1529,3.6029474373890324,285.25463565153353
p1530,2.4034429797994172,492.45904180618675
p1531,1.5209773952778582,491.01046993508544
p1532,19.332558781801424,115.80805826149904
p1533,14.822132684795367,49.7754121810477
p1534,13.730839811590192,445.67395787770005
p1535,16.930845879513495,283.19127261030616
p1536,7.720126422053058,326.0708050269482
p1537,18.29573825213513,273.18554536381316
p1538,13.652618598108422,285.711078826537
p1539,9.191428487547208,77.84882582782366
p1540,8.470185080199467,294.4445075361453
p1541,1.003977199119459,197.18845364604243
p1542,6.290440386739342,263.3170208128298
p1543,7.770668461372141,439.3559002727497
p1544,19.943209490090126,88.81034016656392
p1545,7.770098253155147,145.38490126912262
p1546,4.120430581409213,347.8111852585932
p1547,7.843168577689996,128.43470943170448
p1548,5.923577206909709,319.3763046563846
p1549,18.980983373482925,36.6312177591
p1550,8.95922931867691,376.11118706956637
p1551,19.783832041583832,44.27695912512242
p1552,12.855051034035174,244.80759112078326
p1553,9.754542965436695,15.673945898257491
p1554,11.284263373164631,121.76685813196475
p1555,13.324785464399566,268.60944497037445
p1556,18.5103550232392,173.0634877593816
p1557,2.6007299916576,355.0113861943222
p1558,4.608283960586732,382.09009758544977
p1559,14.595474542056943,447.7210684036473
p1560,17.400265178937296,14.537026412859422
p1561,18.351032100714715,442.14078439730713
p1562,11.376320766347979,183.66035317828388
p1563,12.349108809392158,33.778193984759454
p1564,16.349672971502734,273.1107151040031
p1565,9.496893947359919,159.59333715486835
p1566,8.736074634111421,315.0934417931405
p1567,19.68294045617386,91.07827303985205
p1568,15.070556693312277,254.40889511168245
p1569,16.523784042575144,143.46372020555654
p1570,0.21149121297274753,388.79515386402966
p1571,5.647056500081391,367.57015144907837
p1572,10.217979214026409,282.2839557047778
p1573,3.735863284895269,487.2254206784276
p1574,5.605833984214796,270.8875621550625
p1575,18.616481356744103,246.9915918303389
p1576,3.5135979274075835,220.7538316968594
p1577,2.608090575876736,406.0909690248063
p1578,15.216101744779358,215.9775867737193
p1579,16.67883900033523,31.38060188530628
p1580,17.551207800918704,457.8883144188431
p1581,10.434600893079217,413.79932360607893
p1582,2.5815421313348463,36.78040026869156
p1583,18.355620475235806,213.27272243192186
p1584,8.028620720290018,312.0810456286477
p1585,11.4384630283382,190.88786729185497
p1586,0.008020464247029402,395.81294653791514
p1587,3.735685016368353,239.90562112198504
p1588,12.097843827719476,416.6758819838874
p1589,17.856796839772237,47.30445131901656
p1590,8.303215869153851,217.82848722187765
p1591,8.194064112592036,386.2300947389321
p1592,12.449298138953566,393.0064452842965
p1593,10.710928433099536,227.8202968449976
p1594,7.750097795752557,157.48851312303046
p1595,4.089230415877356,278.81279215161265
p1596,0.7920602859815751,422.9563342048714
p1597,15.224051378331637,33.633826139982894
p1598,17.849680647103302,364.19090897139813
p1599,0.2821536953263859,59.025184963164165
p1600,3.386702005239539,447.73438609662435
p1601,8.855631967303596,472.92299318772484
p1602,17.04199179710839,242.94091105642607
p1603,2.328838306367298,134.52743226635604
p1604,11.402408545265994,165.18323996087352
p1605,14.216192970184892,133.16168591695882
p1606,8.639818443223458,409.0087127013172
p1607,8.321365589663166,269.3350704194188
p1608,8.864178998667601,420.5275934046455
p1609,9.80818531425027,81.6990316052853
p1610,5.141245035662014,180.74059131509395
p1611,17.731868284534787,432.9776464929346
p1612,3.8200319069046396,366.10696311510475
p1613,8.749740365649213,10.268291408832342
p1614,12.811999444732853,337.02742382497655
p1615,0.0060487837575951,444.1829459035313
p1616,14.423990202512286,170.00469094027875
p1617,19.466845150987297,208.94460997978476
p1618,11.553429593308493,128.47629893908558
p1619,14.05446881376728,197.77934190590707
p1620,2.3823933147906673,338.96521746876476
p1621,2.7317647399170353,215.49876758784202
p1622,18.98836313918138,405.92890960226487
p1623,17.61920455761284,43.702412931501065
p1624,7.899763798258288,336.7154682605207
p1625,11.95720292956791,3.3601835769588306
p1626,10.063297139823879,404.2641603469777
p1627,0.9962291649609156,420.07346399752873
p1628,6.386520688142545,469.7981489972281
p1629,15.591519965616323,432.5161121737763
p1630,14.602844685178898,420.40061065742094
p1631,12.46723762131786,428.36441692584145
p1632,0.597412605759049,15.038091221450056
p1633,17.874208173111935,350.7496800476603
p1634,7.247209304538716,49.93964203796553
p1635,5.786297196541367,105.76547816286586
p1636,5.30230999011642,96.22981080507847
p1637,2.366338495643807,365.8457719172415
p1638,17.960752108373157,50.714490490640195
p1639,5.933024908665308,64.85168467939484
p1640,9.312487591430163,439.0771078672591
p1641,0.5589968932137301,42.550663439682054
p1642,4.892663522286547,461.6466154748555
p1643,0.4930634357455288,157.8128592304499
p1644,16.85233522526176,208.2298100926772
p1645,6.906849404508904,201.67567089044775
p1646,5.994344509893641,457.0839009693616
p1647,11.117605718961457,150.9431120207299
p1648,13.884654619487812,324.92427564280956
p1649,2.504868740736921,391.79659747570054
p1650,8.930206488883787,288.0831769467928
p1651,9.516297420952846,206.65762176268532
p1652,3.287221669920013,494.83494309004664
p1653,15.428798073156376,258.32996837894206
p1654,17.565555105058273,120.46665993083184
p1655,3.3458268596511287,420.650204068641
p1656,7.330260955971248,224.36821469927176
p1657,19.89426980606896,145.3693602869831
p1658,12.849946346708247,50.16145621057494
p1659,8.957756539331228,491.46379277725237
p1660,17.797869449084455,124.66482892581404
p1661,17.36369717728161,95.8720740791753
p1662,19.32544764001146,368.40061919835625
p1663,4.5917115192491265,403.6197202138621
p1664,6.109336210917975,73.81866564761336
p1665,1.2837508667917596,424.50286108118064
p1666,8.042306959040356,226.50507328479995
p1667,2.7798948504736143,206.54319013159127
p1668,17.192602366456686,226.77713287565336
p1669,11.456966202134108,199.36399183720744
p1670,9.782403471613188,171.80035959931882
p1671,7.806991017266631,273.87319948993104
p1672,3.3796837098783983,222.61713517134228
p1673,2.8126085458760364,345.07980390882136
p1674,17.661889921730506,48.27815655314643
p1675,4.234570847730619,35.98065213662527
p1676,3.388407030967826,460.9835959835354
p1677,2.4351503180082545,319.94875036630316
p1678,4.619759206661753,243.59582940683276
p1679,0.46010365713077483,244.00148482988766
p1680,19.600286138805224,55.260974756806135
p1681,6.33771631836532,282.67480748751285
p1682,10.215760208631197,317.763936847369
p1683,0.13961864035884286,414.3637340158923
p1684,5.3879724926987755,431.4978855655738
p1685,3.0763366560094174,136.74750487133664
p1686,3.6469006709101492,167.83896205126536
p1687,3.312921307870078,385.22778572952353
p1688,15.740578092785293,421.1860421452591
p1689,19.48944053445816,128.97809146365307
p1690,6.442723106536796,31.48316406533269
p1691,10.97106357930601,330.10093302929505
p1692,5.659149059318198,230.9141336025002
p1693,5.8247256544538395,462.58323326879577
p1694,14.030678657355917,113.53517683756226
p1695,11.623780107381332,130.77432270588318
p1696,6.031722969419326,257.8558169728471
p1697,0.8608912772090682,112.58271490318461
p1698,0.8497344685508357,276.2189759428987
p1699,15.913874374859391,138.2152850386115
p1700,8.178679076458916,307.1235457151046
p1701,6.055692941914874,2.8268405110052908
p1702,17.64086005442313,386.6450534139829
p1703,19.821918616547237,130.42398659882187
p1704,2.965750124115396,125.47359796318014
p1705,1.93539616562856,205.23039431826666
p1706,10.822424408952465,400.248373814326
p1707,4.457760150429246,296.1288789895887
p1708,15.358757410445785,367.35891134780366
p1709,12.869612324495517,199.57507490168953
p1710,10.18751454100296,273.04246054431377
p1711,5.753672666742123,339.9243995788216
p1712,6.22545160975225,490.56892796182143
p1713,2.639547916092526,252.71658170575472
p1714,15.587268160600928,227.22796899592123
p1715,0.46341351758787175,323.88620786657845
p1716,9.677959122687888,100.90247819557251
p1717,12.310040860900337,236.77097912547234
p1718,7.498085236529746,333.98485894294146
p1719,2.187536700042323,120.50246611255561
p1720,16.559313892233586,430.4199196545674
p1721,19.214018327455094,460.4880705378631
p1722,3.8073770456663913,140.83169019737423
p1723,8.03671895691365,76.82161384508245
p1724,8.023065739854951,393.65416026520705
p1725,15.018973905742852,250.77626029741694
p1726,11.861044343559987,436.7514622802098
p1727,13.811686503086204,367.1307154426726
p1728,16.21749132112098,103.8972258640139
p1729,14.778410211711552,209.65290006042696
p1730,5.502442390080211,27.751120471191104
p1731,17.00098203814985,325.7692104362235
p1732,3.136315536149097,266.73750007496085
p1733,5.300266130298876,209.34470055574405
p1734,0.9554225166197394,124.01619148425452
p1735,15.02184748454752,428.20563138669934
p1736,10.971359147470583,360.0158920756465
p1737,4.307804909448012,462.0879206453355
p1738,18.090634170271528,271.6643875206079
p1739,0.10569130694413786,240.20200866781138
p1740,7.548432497839284,440.5675753520939
p1741,12.473805756230497,125.97985207915141
p1742,14.263313109964056,272.1440889873503
p1743,8.848241839685704,17.333350083609535
p1744,14.999077550204545,168.74874193323453
p1745,1.9997296920885343,418.39894788586724
p1746,11.932721976186397,268.03478307943675
p1747,1.4998953602992793,190.9499608203038
p1748,15.600889217955338,472.3817890432171
p1749,2.9541361973594116,386.23876029027156
p1750,8.272454686957207,257.9136014734511
p1751,1.1948367634215495,343.99767659042374
p1752,19.061549735730917,72.20599680034462
p1753,15.846349649034694,75.83722850210567
p1754,7.9986735813955185,273.89090747359757
p1755,12.558080200842001,481.64137400327877
p1756,5.0732573627178645,57.592285497214405
p1757,16.39228218360332,124.66062946390099
p1758,7.3557723038395135,436.64447394229904
p1759,4.104444017898374,301.3698544192858
p1760,14.26346204204151,88.91537439548136
p1761,4.476481971065411,483.8865405041415
p1762,6.524095430117254,111.75433961625802
p1763,10.305289903362425,285.49642440646517
p1764,4.414528471954329,438.8528952815921
p1765,19.75200079078239,147.84986650700876
p1766,14.160998675525597,94.00268996768152
p1767,10.507643696844347,326.73585034827676
p1768,14.542433170047877,499.09011330224075
p1769,17.20902029922962,373.51171536774945
p1770,0.08325750484923233,54.59588640578505
p1771,7.043321592638636,13.084517157395947
p1772,19.446355995456734,0.21130423735127302
p1773,17.906725202613714,498.9869785862242
p1774,19.31017765230176,278.354518369628
p1775,14.007494323142106,484.52712799768915
p1776,16.801335355424353,476.4496183666009
p1777,0.06107873332364733,458.1189982605852
p1778,2.224981107763513,415.6214902988787
p1779,13.73968547437463,393.76362467658885
p1780,1.7501181594099147,361.5378779410008
p1781,19.214401098355452,444.4452889877175
p1782,8.81481941033593,201.64115279625662
p1783,0.25076152326457546,255.6600830575913
p1784,2.4492250870076027,207.9580186963426
p1785,19.925111934085674,474.3604805905295
p1786,13.266161500632304,449.92617214356164
p1787,19.062033289886166,323.2703529299388
p1788,2.4499874849245984,104.6938356656436
p1789,18.262128655015385,355.24843194621377
p1790,12.063297454754316,191.09884733208287
p1791,0.7339113010721543,88.70536895341058
p1792,3.4221082248460255,344.98738108343036
p1793,1.5786574464216097,359.5358301116998
p1794,17.84774612068974,63.50604302246482
p1795,19.040240240872333,288.49706544557466
p1796,4.945131427722236,283.9698941640461
p1797,17.645381398552708,476.8393732186473
p1798,4.086830118306295,185.78504830764726
p1799,2.9506324936988793,204.89829048944287
p1800,19.93135579802816,117.17018281090341
p1801,5.881393943456141,134.13064701280808
p1802,0.29514045415428125,301.3099951435138
p1803,19.83862102061846,460.2119586114444
p1804,0.28011296726112356,237.52154207425963
p1805,2.0277155436410266,265.88973717942827
p1806,14.792819308285592,235.25075766385538
p1807,18.858622281187586,327.43673626642646
p1808,12.337984043994902,214.99019899365518
p1809,10.901115968267359,490.61513888900186
p1810,17.26365543186243,218.5642697870644
p1811,5.947728387010807,249.20660922419097
p1812,2.170076470402811,0.5987234347410442
p1813,0.4940392238943825,215.76389115260497
p1814,9.012335271959877,480.4844911461847
p1815,12.376720279386337,224.03115814926826
p1816,0.6619116478756815,56.62167729198636
p1817,0.6017131109195573,37.689993636897675
p1818,5.400480449754317,94.98897502545634
p1819,16.105511804260363,371.2037178661748
p1820,17.913819689273662,309.2804036328318
p1821,16.31676793629,156.16176673696907
p1822,15.418840721204795,145.40402990374528
p1823,17.61650399028596,317.1115267803903
p1824,1.8146017857067065,242.45944021721
p1825,19.309548593028094,54.10158000134913
p1826,19.055409044777033,157.50913951843071
p1827,7.66837108986091,462.1418100008876
p1828,19.931860717367957,471.49814202879327
p1829,2.7839682425581924,476.4402721708444
p1830,4.877005058676566,463.21268432015177
p1831,2.05019824938389,227.71123007515476
p1832,8.66180635288517,454.40939849651
p1833,13.487012706043801,426.1172594532486
p1834,17.938066456279593,246.47766366994622
p1835,12.757558535673688,10.823795057760044
p1836,6.3158375150657005,295.87036720169266
p1837,8.717609121729744,147.88187428733877
p1838,13.58983024887614,13.837467004536752
p1839,15.86522995729834,194.94244793165316
p1840,11.45410314697341,355.44734506314944
p1841,18.52226138654983,370.32391720219084
p1842,2.067180103974875,479.9234748355817
p1843,13.83347691255896,176.8787998919189
p1844,9.737842570682457,339.93343590769814
p1845,6.866928717847358,18.309351111392424
p1846,0.6380436647833454,240.28055976140845
p1847,8.856479711349666,107.87950667832914
p1848,10.979847582919714,222.33760554050303
p1849,1.8806603207848238,322.029952464663
p1850,12.843771103478696,365.495247124884
p1851,10.475502288271748,311.35711429945565
p1852,11.643986567381104,168.9069765517451
p1853,13.788022177293929,277.20216701257823
p1854,11.85303078604033,429.16900971342795
p1855,4.9453604231621195,116.91873855989404
p1856,3.1213206155933526,492.7636168660202
p1857,11.488097011586621,444.5234866567242
p1858,0.18096583055888793,271.0077293881845
p1859,11.954487747634662,102.38107824467512
p1860,15.553471352890103,446.1597167427093
p1861,3.202273613987865,337.0994233717668
p1862,6.735698228523335,233.5120294560164
p1863,0.7379822781409229,373.9073013734786
p1864,9.808955082858233,100.83402417351262
p1865,10.768256736696781,180.7254070189922
p1866,17.06925796015466,25.26287746949135
p1867,12.346728330572779,83.80842777356983
p1868,16.061490692074287,241.3420348341933
p1869,0.1866206134790671,218.2011985055627
p1870,13.299902635637725,117.5827109053788
p1871,4.933901797924438,137.33392467369282
p1872,19.14888988822444,437.026381712806
p1873,13.32907432941068,399.29148258155385
p1874,9.543893845097571,125.4595613110015
p1875,0.1560440438552657,361.7793263745597
p1876,7.370004871321139,230.94871890227603
p1877,16.81732209601499,149.39550718306998
p1878,2.0004499735308756,53.085116042577596
p1879,17.92614326800917,329.46986396541024
p1880,5.479934774294923,424.34831526002995
p1881,1.949409315781061,327.09443782996544
p1882,5.291294419971657,7.797140482797394
p1883,10.096271766023415,395.5570947711195
p1884,4.520885224538775,483.15851585837845
p1885,14.713078470803536,286.5928815911999
p1886,16.538524929789,20.728461780732065
p1887,1.1343209808365584,397.08971616685676
p1888,16.439518333022928,377.10783459132483
p1889,1.7500554547471836,172.25250961990773
p1890,7.726184533685087,210.17828669456267
p1891,6.56179003698651,499.755972502638
p1892,16.73431532472319,221.54835159216023
p1893,13.618866939728349,62.36361233570836
p1894,10.799886375252685,163.41880549003002
p1895,17.130236303533472,235.78580638988362
p1896,10.43921057032943,267.8467787711476
p1897,8.713475803931543,236.24849204680692
p1898,9.82347244892982,103.5230643640232
p1899,7.274925361853947,93.51534332242557
p1900,11.164431105188788,259.5308892002451
p1901,19.51978225255569,155.14299474092624
p1902,11.846264976202612,65.71570447626473
p1903,15.23655972888799,121.59390172444773
p1904,4.107026487147428,385.63724599550346
p1905,1.5182922563054024,194.20554207417567
p1906,1.7695642732631445,192.88092553721697
p1907,0.1799235637526686,270.8637518602645
p1908,16.290607292616897,142.6353039883444
p1909,13.941106863633344,77.17917461322521
p1910,1.424162944231564,268.06686173788535
p1911,6.1999740111413315,84.81266119390018
p1912,17.032176437519727,197.24994082536128
p1913,15.63352411394866,168.71777379341714
p1914,11.412871032416055,351.70794000984216
p1915,18.900151992622483,72.60913271358017
p1916,17.888847737214682,246.27033022668127
p1917,4.342650590077273,412.45896674056746
p1918,14.995413500998659,341.3267040679065
p1919,14.785207519360652,97.29302971948
p1920,6.690624374627523,404.86315244400805
p1921,10.02694195004497,222.8662590405653
p1922,5.11784219762752,434.29280399410084
p1923,2.8269245333750304,112.90494795035677
p1924,8.241490948786545,91.77483229260291
p1925,14.61846465221593,253.69508958927685
p1926,3.112894230258878,103.19515374790295
p1927,7.801257593606188,261.5953023311129
p1928,0.5023536391459271,177.71167233577668
p1929,5.718033441010162,482.70427619448685
p1930,8.651190165331059,324.4970839250576
p1931,18.01465626499237,310.4637193362566
p1932,2.58362852264469,218.71120457631903
p1933,6.380519718840354,438.16781631666447
p1934,12.981989393950741,45.6888269251296
p1935,19.829948467871077,59.73410760595582
p1936,13.535520147068283,207.12270958446322
p1937,10.40625616322038,121.44725165170999
p1938,7.279917246181123,58.831864671885114
p1939,12.648740567779326,393.2885947644545
p1940,12.78898786860661,279.78155260083963
p1941,19.171413679707992,148.65026857868753
p1942,16.072024791651156,421.1435038579545
p1943,2.826292115291913,138.5677834776815
p1944,15.795864297022579,449.38044102962726
p1945,9.811882115735042,485.7298060982934
p1946,4.3242807948219,492.9491661126707
p1947,19.28061706817364,411.5360100305074
p1948,0.7071217393119711,109.77223373177303
p1949,14.524725704737627,74.75147643001256
p1950,6.542727611000821,95.29343984833022
p1951,19.13828500120603,192.7497471685256
p1952,12.098439328307633,92.98688871433369
p1953,9.5877613535536,462.7838303129224
p1954,12.009137101547847,221.96914665728434
p1955,0.6814634352226823,490.71082364229665
p1956,0.0023558460271866366,54.45244802215732
p1957,17.55866987958666,439.13553450315044
p1958,10.029951569515248,370.28834355371345
p1959,11.951895426531935,78.25268139541642
p1960,11.987528519002222,151.11161172867594
p1961,17.230958319880227,440.0519664500936
p1962,15.976760339451214,401.7157648496309
p1963,3.1458056946021573,323.86223264575773
p1964,16.20098352002912,477.45870413197804
p1965,19.375689183528817,61.08750532807511
p1966,13.495156274355022,28.751628793888873
p1967,7.733721109103446,483.32377770064505
p1968,13.15712833906942,214.25698637130176
p1969,17.77764947470626,0.26726585963859906
p1970,18.625621023160107,95.63810337245599
p1971,7.591298571912855,235.78619004318597
p1972,17.118392377384538,474.5478289992819
p1973,14.345239372398659,386.75639588524746
p1974,13.672217136737117,189.20679969410443
p1975,1.7698351397634782,463.18396787926474
p1976,1.0647048264285353,281.5302361735166
p1977,17.28221233035154,255.94985423172966
p1978,8.535408339027718,295.3375005188257
p1979,8.29669035741955,404.9982368244917
p1980,10.371669798950737,113.54593266495539
p1981,6.200019188361594,257.8122135648887
p1982,7.754116043377799,392.8860330955172
p1983,15.235738008061263,394.8074018613904
p1984,5.970828098848003,88.11734133656246
p1985,11.731278610043814,275.2918597443558
p1986,2.8195173326926426,325.6232447040032
p1987,0.6360965737249735,289.095513333055
p1988,0.5705664824686107,477.27400299189406
p1989,18.341192798540902,342.8773945853014
p1990,12.725339870899212,485.48835304916673
p1991,10.45603823297671,470.153021149259
p1992,5.939559617856835,355.2180588190747
p1993,2.7389894177903806,372.2746887822637
p1994,12.369474619279249,120.82772688676913
p1995,4.640125541398136,219.15818992318964
p1996,17.99386973203231,140.75390098248369
p1997,17.518546417318984,62.63217605517318
p1998,16.10259274402943,122.67885131907418
p1999,9.81563332768773,300.09500994623124
