p1518,l9
p156,l9
p117,l298
p769,l298
p1233,l0
p1103,l0
p1624,l58
p115,l58
p1159,l207
p27,l207
p139,l120
p170,l120
p1545,l1
p731,l2
p891,l3
p1855,l4
p232,l5
p560,l6
p1886,l6
p184,l7
p1743,l7
p758,l8
p96,l8
p240,l10
p1497,l10
p800,l11
p1541,l11
p858,l12
p340,l13
p168,l13
p695,l14
p244,l14
p1522,l15
p59,l16
p1059,l17
p1262,l18
p356,l18
p16,l19
p1508,l19
p1911,l20
p1934,l20
p674,l21
p1661,l22
p887,l23
p334,l23
p1236,l24
p777,l24
p44,l25
p1091,l25
p525,l26
p1850,l27
p949,l27
p1157,l28
p1395,l29
p112,l30
p131,l30
p887,l31
p1145,l32
p1254,l33
p1984,l33
p1209,l34
p1276,l35
p1815,l36
p290,l36
p636,l37
p1664,l38
p1648,l39
p1229,l39
p1332,l40
p1891,l40
p1713,l41
p495,l41
p1213,l42
p1095,l42
p727,l43
p1638,l44
p831,l45
p1665,l45
p643,l46
p807,l46
p1390,l47
p540,l47
p1946,l48
p1208,l49
p248,l49
p1487,l50
p1857,l50
p1420,l51
p1101,l52
p907,l53
p730,l54
p935,l54
p1677,l55
p315,l55
p1705,l56
p1031,l57
p79,l57
p1880,l59
p1195,l60
p326,l60
p1407,l61
p1823,l61
p1744,l62
p270,l63
p26,l64
p52,l64
p140,l65
p740,l65
p1109,l66
p1476,l66
p174,l67
p730,l68
p1159,l68
p305,l69
p1641,l70
p146,l71
p523,l72
p787,l72
p705,l73
p1743,l73
p489,l74
p1504,l75
p993,l75
p1745,l76
p1875,l77
p1080,l78
p1209,l79
p1240,l79
p133,l80
p1563,l80
p1523,l81
p1609,l82
p133,l82
p1874,l83
p1437,l83
p1203,l84
p1191,l84
p1853,l85
p1301,l86
p292,l87
p923,l88
p1099,l88
p651,l89
p1311,l89
p154,l90
p396,l90
p858,l91
p158,l91
p1883,l92
p1307,l93
p939,l93
p749,l94
p197,l95
p1486,l95
p1974,l96
p1047,l96
p456,l97
p526,l97
p1169,l98
p944,l98
p1588,l99
p463,l99
p745,l100
p1393,l101
p319,l102
p714,l103
p1246,l103
p740,l104
p1570,l105
p1463,l105
p1275,l106
p1677,l106
p636,l107
p1939,l108
p287,l109
p779,l109
p728,l110
p402,l111
p749,l112
p488,l112
p474,l113
p1823,l114
p596,l114
p619,l115
p1404,l115
p1292,l116
p1598,l117
p1071,l117
p527,l118
p171,l119
p1823,l121
p1481,l122
p1710,l123
p797,l124
p295,l125
p1191,l126
p417,l126
p846,l127
p30,l128
p966,l129
p793,l130
p1846,l131
p1445,l132
p208,l132
p1151,l133
p1060,l134
p1893,l134
p863,l135
p1384,l136
p1609,l137
p1711,l138
p1235,l138
p383,l139
p1503,l140
p1999,l140
p600,l141
p86,l141
p1374,l142
p476,l143
p1999,l143
p447,l144
p411,l145
p168,l146
p1572,l147
p1426,l147
p1314,l148
p497,l148
p1704,l149
p798,l149
p1836,l150
p752,l150
p867,l151
p912,l152
p1394,l152
p1531,l153
p1576,l154
p960,l155
p1849,l155
p1551,l156
p1258,l156
p631,l157
p1539,l158
p1114,l159
p222,l159
p9,l160
p1403,l160
p1171,l161
p429,l162
p1104,l163
p1201,l164
p924,l165
p1837,l166
p1724,l166
p1541,l167
p921,l167
p1033,l168
p1558,l169
p494,l170
p1608,l170
p963,l171
p534,l172
p1191,l172
p1278,l173
p218,l174
p47,l174
p168,l175
p1823,l175
p494,l176
p1889,l177
p1422,l178
p706,l178
p532,l179
p1694,l179
p1162,l180
p150,l180
p1413,l181
p1280,l181
p841,l182
p178,l183
p1697,l183
p1557,l184
p1389,l184
p1196,l185
p1084,l185
p1870,l186
p1315,l187
p1483,l188
p183,l188
p1890,l189
p1296,l189
p1326,l190
p1599,l191
p1380,l192
p1979,l192
p590,l193
p273,l194
p1937,l195
p549,l195
p1582,l196
p421,l196
p361,l197
p1641,l197
p582,l198
p744,l199
p443,l200
p1312,l200
p624,l201
p278,l201
p630,l202
p649,l202
p647,l203
p1353,l204
p1453,l205
p301,l205
p247,l206
p185,l206
p301,l208
p1472,l209
p1518,l209
p1614,l210
p1292,l211
p1730,l212
p49,l213
p90,l214
p1705,l214
p907,l215
p913,l216
p1410,l216
p1516,l217
p336,l218
p762,l218
p1935,l219
p323,l220
p1535,l221
p1323,l222
p115,l222
p1634,l223
p1373,l224
p178,l224
p1286,l225
p552,l226
p331,l226
p538,l227
p1424,l228
p720,l229
p907,l229
p269,l230
p1801,l231
p131,l231
p259,l232
p1364,l233
p1102,l233
p310,l234
p232,l235
p1522,l235
p428,l236
p1220,l237
p1139,l237
p1024,l238
p165,l239
p1976,l239
p1445,l240
p304,l240
p346,l241
p1939,l242
p1299,l243
p724,l243
p1488,l244
p1739,l245
p1882,l246
p519,l247
p298,l247
p100,l248
p381,l249
p1720,l250
p1390,l250
p1858,l251
p257,l251
p1027,l252
p718,l253
p287,l253
p104,l254
p492,l255
p204,l255
p1177,l256
p1976,l257
p1451,l258
p1279,l259
p1589,l260
p1347,l260
p1857,l261
p957,l261
p1252,l262
p124,l262
p790,l263
p920,l264
p538,l264
p1756,l265
p894,l265
p813,l266
p349,l266
p1658,l267
p1102,l267
p75,l268
p957,l269
p1524,l269
p1313,l270
p1761,l270
p1856,l271
p1818,l271
p566,l272
p569,l273
p558,l274
p1113,l274
p1615,l275
p1508,l275
p22,l276
p1718,l277
p368,l277
p1880,l278
p1361,l279
p1856,l280
p181,l281
p597,l281
p1746,l282
p708,l283
p611,l283
p289,l284
p7,l285
p792,l286
p410,l286
p935,l287
p1799,l287
p155,l288
p359,l289
p564,l289
p1089,l290
p1348,l290
p1048,l291
p1789,l292
p1285,l293
p1445,l294
p1127,l295
p1222,l295
p848,l296
p908,l296
p247,l297
p709,l297
p318,l299
p1976,l299
