p537,p1146
p666,p1437
p62,p1870
p130,p643
p240,p1534
p338,p364
p431,p526
p457,p1269
p982,p1954
p864,p958
p8,p581
p108,p243
p651,p670
p350,p705
p704,p1956
p1110,p1246
p212,p980
p1341,p1744
p1021,p1200
p564,p1593
p1357,p1490
p1120,p1356
p806,p1097
p829,p1894
p364,p1426
p663,p1806
p4,p1193
p360,p409
p909,p1868
p177,p299
p911,p1214
p311,p1406
p387,p1672
p168,p710
p457,p782
p1038,p1384
p712,p1931
p1295,p1607
p512,p584
p249,p910
p537,p1244
p281,p1677
p176,p1266
p1165,p1690
p950,p991
p844,p1718
p1662,p1852
p1445,p1982
p45,p87
p501,p988
p389,p472
p407,p1751
p642,p1812
p1047,p1095
p579,p1598
p1371,p1956
p57,p919
p526,p606
p928,p1972
p1694,p1986
p317,p1890
p31,p1033
p1214,p1357
p54,p927
p1376,p1933
p701,p1660
p1136,p1571
p974,p1385
p450,p552
p827,p1964
p1055,p1106
p564,p1876
p305,p884
p1381,p1860
p39,p1150
p1072,p1972
p334,p628
p292,p807
p758,p1247
p583,p1014
p1871,p1966
p730,p1671
p760,p1115
p656,p1223
p542,p1974
p290,p1393
p1244,p1508
p403,p1245
p1285,p1889
p1668,p1929
p881,p1038
p1187,p1394
p480,p639
p271,p1656
p685,p1207
p9,p1806
p53,p1209
p710,p815
p180,p640
p604,p997
p1176,p1480
p132,p551
p130,p253
p797,p1141
p1223,p1264
p238,p1285
p1802,p1881
p1602,p1607
p379,p1384
p1174,p1926
p1582,p1852
p562,p582
p237,p1451
p1316,p1844
p406,p898
p974,p1665
p263,p393
p917,p1281
p860,p1124
p191,p833
p1389,p1859
p805,p1488
p88,p1754
p1058,p1409
p227,p1625
p445,p949
p1686,p1744
p1152,p1769
p385,p649
p272,p1219
p1425,p1870
p401,p505
p722,p1770
p176,p1969
p228,p514
p1043,p1786
p603,p1659
p1157,p1274
p1524,p1573
p907,p1080
p28,p1477
p386,p941
p777,p1948
p593,p616
p856,p1662
p185,p772
p161,p916
p192,p1799
p942,p1545
p475,p1750
p1202,p1738
p703,p989
p142,p893
p539,p1502
p220,p1556
p1152,p1713
p785,p875
p229,p547
p429,p993
p1119,p1958
p878,p1765
p1355,p1555
p486,p1633
p1853,p1874
p89,p273
p653,p935
p349,p1056
p880,p1545
p248,p1916
p1123,p1642
p1805,p1823
p925,p1952
p559,p1053
p206,p1457
p83,p1717
p901,p1661
p431,p798
p41,p1592
p217,p1855
p1028,p1840
p723,p1705
p429,p1746
p1097,p1691
p1052,p1335
p1103,p1688
p22,p705
p669,p887
p34,p1180
p173,p1365
p263,p1852
p925,p1563
p1301,p1462
p219,p1341
p310,p764
p545,p1705
p305,p597
p1807,p1967
p48,p535
p1642,p1861
p194,p1205
p1224,p1372
p950,p1658
p1353,p1610
p607,p1812
p192,p1375
p416,p1739
p325,p650
p1464,p1952
p781,p1598
p1102,p1518
p183,p1774
p353,p1142
p101,p359
p380,p1192
p143,p669
p118,p816
p80,p858
p747,p1901
p261,p1257
p592,p1873
p813,p1354
p609,p1060
p1125,p1308
p488,p1908
p1423,p1661
p359,p1527
p871,p1634
p49,p1540
p344,p1841
p36,p1029
p169,p176
p7,p217
p224,p991
p673,p1904
p381,p616
p1224,p1860
p631,p1544
p802,p1199
p1801,p1947
p189,p923
p628,p1997
p180,p1893
p507,p1903
p1208,p1284
p949,p1866
p278,p1308
p716,p729
p972,p1932
p983,p1692
p1547,p1625
p631,p1240
p804,p1387
p511,p1516
p1390,p1882
p637,p738
p299,p398
p1296,p1760
p816,p1359
p396,p580
p431,p977
p480,p1931
p1315,p1406
p1236,p1255
p1222,p1465
p319,p403
p856,p1565
p1454,p1993
p1494,p1750
p63,p165
p258,p1543
p287,p1189
p1130,p1359
p399,p1539
p62,p725
p389,p492
p1027,p1630
p115,p1950
p473,p781
p754,p946
p800,p1228
p181,p682
p199,p286
p331,p831
p144,p445
p1093,p1503
p368,p1106
p812,p1848
p1573,p1856
p74,p853
p656,p1040
p2,p1921
p895,p1980
p1262,p1889
p1867,p1970
p1283,p1522
p183,p1334
p538,p648
p713,p1567
p265,p1847
p196,p1800
p917,p1746
p659,p1194
p475,p1010
p424,p1516
p997,p1379
p215,p427
p449,p1753
p1283,p1363
p1196,p1493
p124,p1230
p305,p632
p236,p271
p529,p1512
p1197,p1928
p53,p1104
p944,p1236
p61,p572
p339,p372
p1632,p1672
p1034,p1354
p1304,p1599
p956,p1640
p1495,p1571
p1249,p1685
p1563,p1973
p74,p1475
p372,p600
p258,p1274
p213,p1637
p837,p1672
p528,p1413
p647,p1542
p544,p784
p1629,p1784
p403,p1107
p927,p1098
p850,p1191
p1276,p1320
p1358,p1415
p1226,p1255
p384,p1536
p627,p740
p285,p821
p91,p122
p1487,p1573
p1266,p1663
p65,p1907
p66,p977
p1611,p1613
p173,p1251
p542,p994
p569,p1013
p1176,p1592
p776,p909
p891,p1059
p448,p699
p119,p1027
p76,p1964
p591,p1073
p664,p1408
p764,p889
p918,p1433
p813,p915
p723,p1008
p830,p1496
p983,p1287
p268,p1663
p72,p1255
p144,p877
p1498,p1962
p93,p1157
p233,p1977
p998,p1974
p901,p1787
p154,p927
p187,p1803
p289,p1566
p335,p562
p448,p1858
p4,p1601
p730,p1070
p86,p1725
p470,p1394
p273,p1405
p889,p1586
p1269,p1282
p1004,p1984
p1076,p1460
p741,p1552
p108,p1961
p14,p23
p1393,p1515
p238,p914
p1253,p1819
p1257,p1477
p222,p1400
p1195,p1700
p905,p1666
p1245,p1873
p512,p1704
p531,p1866
p1253,p1633
p552,p1535
p91,p508
p451,p838
p1580,p1861
p868,p1384
p233,p958
p170,p1187
p79,p1134
p687,p1763
p184,p1583
p624,p1647
p880,p1611
p351,p1665
p698,p1436
p410,p1334
p413,p918
p943,p1829
p876,p1777
p773,p1626
p122,p1562
p1664,p1885
p77,p1269
p119,p1761
p35,p1690
p617,p742
p668,p1046
p862,p1014
p27,p1290
p354,p464
p282,p418
p725,p1374
p109,p1049
p1728,p1975
p1103,p1291
p455,p708
p1869,p1979
p41,p1310
p1694,p1710
p881,p1537
p88,p764
p895,p1511
p186,p1761
p835,p1732
p851,p1786
p1099,p1374
p1332,p1353
p1182,p1919
p1697,p1733
p831,p1616
p415,p1608
p79,p1023
p953,p1218
p1636,p1923
p116,p1523
p1154,p1237
p922,p1778
p348,p880
p750,p1017
p1400,p1950
p985,p1553
p652,p1496
p1175,p1182
p823,p958
p689,p1463
p265,p849
p821,p1473
p246,p1696
p1078,p1283
p949,p1113
p137,p194
p183,p1991
p56,p740
p1736,p1861
p819,p1966
p745,p948
p263,p995
p39,p494
p438,p1232
p489,p1451
p525,p569
p70,p1173
p562,p655
p300,p855
p835,p1009
p939,p1629
p864,p1274
p506,p1699
p264,p543
p153,p1547
p1038,p1377
p310,p1746
p470,p1782
p579,p615
p212,p1447
p1301,p1988
p235,p847
p25,p1119
p285,p1457
p709,p1626
p96,p1040
p176,p1998
p297,p948
p192,p1278
p1315,p1666
p1665,p1942
p323,p333
p715,p1755
p597,p1934
p134,p1912
p463,p1364
p311,p653
p1180,p1941
p488,p1137
p1542,p1559
p1297,p1808
p505,p1622
p342,p1374
p1022,p1532
p918,p1916
p1046,p1334
p193,p1557
p910,p1547
p1007,p1716
p373,p578
p928,p1430
p464,p1092
p39,p1055
p1221,p1358
p173,p1925
p199,p619
p473,p1063
p49,p1772
p244,p1654
p249,p295
p213,p393
p1579,p1583
p382,p1162
p114,p1865
p713,p1688
p309,p489
p99,p1012
p255,p698
p1547,p1698
p5,p136
p1717,p1941
p1457,p1954
p1358,p1954
p1747,p1930
p225,p1851
p202,p1785
p373,p883
p254,p955
p595,p742
p862,p1449
p996,p1604
p173,p1050
p897,p1217
p175,p917
p1267,p1768
p34,p1584
p526,p1222
p646,p1485
p234,p767
p403,p1413
p1943,p1948
p201,p900
p843,p1714
p1735,p1883
p908,p1540
p142,p844
p14,p1832
p183,p1939
p74,p651
p263,p1524
p108,p1832
p171,p735
p495,p933
p355,p621
p869,p1704
p982,p1432
p570,p868
p118,p152
p104,p1026
p571,p1672
p14,p772
p543,p624
p161,p1446
p891,p1996
p1540,p1739
p530,p1983
p954,p1353
p902,p1298
p487,p1219
p820,p1108
p504,p1634
p1655,p1957
p731,p1592
p240,p1638
p1037,p1490
p854,p1276
p278,p1188
p499,p1572
p850,p1555
p312,p1191
p648,p1150
p127,p1573
p416,p920
p1042,p1048
p801,p1788
p1591,p1758
p106,p1624
p42,p1980
p1175,p1531
p736,p958
p579,p653
p263,p1606
p300,p1836
p421,p1210
p1180,p1403
p556,p1702
p1434,p1735
p1613,p1645
p213,p421
p132,p658
p234,p575
p416,p1630
p972,p1589
p901,p1328
p142,p1700
p303,p985
p111,p835
p704,p812
p351,p1161
p278,p1679
p192,p1720
p388,p752
p284,p349
p348,p1880
