p516,p1967
p351,p1520
p39,p358
p129,p1804
p200,p1345
p139,p1700
p442,p1859
p475,p1385
p1274,p1983
p541,p673
p254,p911
p952,p1936
p918,p1084
p493,p1825
p631,p1533
p768,p1581
p705,p1470
p1171,p1475
p655,p1251
p873,p1438
p744,p1764
p476,p1937
p563,p1591
p489,p618
p386,p1541
p70,p373
p1319,p1432
p817,p1853
p1555,p1683
p650,p892
p794,p1845
p956,p1658
p69,p933
p953,p1930
p1187,p1544
p939,p1614
p881,p1085
p1598,p1883
p1265,p1856
p801,p1028
p788,p1038
p221,p567
p351,p1512
p145,p969
p55,p907
p342,p771
p638,p1035
p232,p861
p950,p1266
p223,p1296
p462,p760
p141,p749
p465,p765
p905,p1323
p1388,p1427
p126,p845
p1320,p1994
p1367,p1585
p678,p1589
p1444,p1657
p678,p1091
p791,p1427
p1290,p1456
p293,p809
p640,p1597
p1049,p1937
p111,p760
p544,p552
p1439,p1894
p1508,p1734
p296,p1683
p949,p1643
p70,p1311
p530,p1488
p1530,p1811
p309,p330
p261,p1262
p1518,p1742
p943,p1730
p43,p1859
p336,p1676
p363,p929
p65,p1048
p1053,p1564
p472,p1245
p916,p962
p578,p740
p1245,p1872
p334,p982
p1079,p1169
p80,p966
p1634,p1837
p961,p1801
p533,p1692
p576,p1498
p249,p498
p1152,p1506
p1660,p1923
p129,p761
p245,p1352
p830,p1133
p1017,p1507
p19,p109
p448,p1755
p22,p1902
p839,p1590
p881,p1128
p1025,p1825
p483,p1045
p282,p1342
p230,p298
p984,p1315
p764,p1581
p1615,p1867
p955,p1915
p303,p1817
p534,p1857
p89,p545
p203,p1092
p545,p1808
p342,p1037
p142,p168
p1022,p1026
p103,p229
p343,p1064
p389,p1177
p227,p662
p188,p1900
p9,p402
p975,p1658
p175,p393
p678,p1887
p626,p642
p550,p1452
p382,p789
p1267,p1495
p988,p1339
p19,p98
p198,p315
p149,p297
p206,p460
p137,p1299
p522,p1618
p804,p1862
p382,p1158
p257,p1436
p253,p1775
p1082,p1907
p171,p1190
p979,p1163
p425,p444
p140,p1437
p922,p1053
p918,p1197
p212,p328
p302,p600
p949,p1782
p1537,p1592
p1121,p1586
p1125,p1402
p175,p220
p499,p1049
p2,p1460
p670,p1286
p229,p860
p515,p1488
p1054,p1587
p413,p604
p952,p1090
p844,p929
p442,p1933
p350,p680
p1243,p1606
p1131,p1417
p1083,p1224
p1722,p1804
p407,p986
p1347,p1463
p613,p979
p1599,p1657
p108,p1653
p546,p1266
p80,p1974
p592,p1061
p259,p1196
p237,p1001
p1362,p1426
p3,p1213
p657,p1691
p1107,p1552
p381,p1862
p1833,p1876
p811,p827
p1884,p1986
p709,p1529
p236,p1250
p469,p1571
p1348,p1631
p65,p1420
p866,p992
p1545,p1984
p372,p1027
p745,p1553
p1448,p1827
p628,p1451
p765,p1226
p750,p1737
p389,p1445
p838,p1322
p519,p1267
p603,p1990
p22,p368
p1090,p1787
p123,p1674
p1193,p1842
p517,p1521
p278,p375
p97,p1778
p1493,p1591
p1607,p1972
p739,p1503
p1273,p1323
p904,p1034
p1422,p1949
p109,p600
p827,p1256
p44,p1231
p1326,p1986
p1143,p1186
p278,p999
p421,p682
p795,p1965
p358,p1947
p329,p1901
p158,p988
p1732,p1882
p737,p1436
p561,p577
p934,p1138
p1467,p1853
p341,p1587
p1508,p1574
p212,p259
p192,p398
p369,p744
p260,p1389
p112,p153
p896,p1270
p859,p1996
p1307,p1897
p1381,p1582
p42,p1084
p101,p158
p49,p870
p465,p1361
p880,p1756
p880,p1968
p244,p740
p198,p1679
p850,p1570
p93,p1213
p12,p188
p803,p1556
p252,p1639
p831,p1482
p768,p1095
p84,p157
p80,p156
p199,p1909
p452,p1094
p1538,p1651
p616,p1562
p291,p447
p1086,p1616
p694,p1262
p107,p1245
p640,p1594
p467,p1218
p852,p1889
p847,p1463
p1082,p1933
p86,p1773
p492,p1566
p624,p1301
p627,p1538
p814,p1535
p1626,p1709
p1464,p1776
p284,p1951
p657,p1084
p60,p1628
p121,p1613
p1049,p1524
p78,p1138
p88,p1911
p243,p1455
p157,p205
p1442,p1870
p484,p1787
p178,p624
p1688,p1755
p1459,p1474
p1635,p1784
p606,p793
p940,p1557
p622,p1447
p1634,p1758
p1694,p1994
p1464,p1834
p959,p1015
p242,p878
p344,p1211
p1666,p1936
p1592,p1794
p344,p719
p81,p287
p315,p667
p1017,p1845
p367,p840
p619,p1039
p1418,p1444
p180,p1118
p100,p253
p131,p606
p1690,p1714
p780,p1108
p1663,p1795
p532,p1414
p1116,p1224
p950,p1415
p917,p1911
p1171,p1348
p427,p1861
p1564,p1570
p10,p1052
p849,p1309
p165,p1260
p381,p1186
p395,p584
p1220,p1942
p911,p1878
p991,p1614
p615,p1931
p1302,p1994
p1031,p1752
p477,p742
p911,p942
p255,p651
p323,p867
p442,p1755
p429,p616
p160,p834
p175,p269
p1017,p1123
p312,p1873
p138,p1226
p580,p1863
p330,p1455
p1309,p1605
p57,p1366
p315,p1749
p399,p1794
p964,p1703
p234,p927
p1242,p1926
p542,p1544
p311,p1752
p229,p1997
p239,p987
p294,p911
p40,p168
p454,p1627
p1281,p1620
p1605,p1936
p506,p1222
p498,p1127
p569,p592
p236,p526
p719,p1408
p1175,p1632
p1319,p1558
p952,p1945
p1194,p1399
p1644,p1647
p57,p103
p221,p927
p621,p1133
p590,p1714
p90,p1986
p1772,p1939
p200,p1128
p1805,p1830
p266,p1333
p272,p626
p608,p1956
p115,p1956
p157,p1884
p635,p1777
p52,p549
p242,p929
p145,p335
p1084,p1181
p1336,p1540
p565,p914
p177,p1836
p206,p1746
p545,p945
p398,p554
p32,p1603
p518,p1165
p746,p1106
p354,p635
p585,p1690
p723,p802
p715,p1070
p751,p906
p1197,p1468
p765,p914
p1555,p1755
p242,p1874
p10,p1366
p359,p627
p90,p167
p792,p1753
p106,p1009
p503,p524
p481,p805
p1550,p1938
p185,p1278
p1059,p1086
p387,p1894
p2,p272
p183,p639
p823,p979
p529,p1498
p1318,p1886
p346,p1815
p348,p1358
p488,p1127
p144,p348
p574,p1144
p446,p1166
p639,p1780
p296,p1379
p1895,p1962
p909,p1699
p198,p979
p1090,p1677
p483,p1520
p819,p1734
p206,p1981
p137,p1214
p1408,p1814
p825,p1853
p861,p885
p772,p1076
p155,p308
p390,p1266
p1679,p1683
p1312,p1639
p1185,p1208
p400,p1329
p1548,p1917
p171,p574
p939,p1872
p603,p781
p662,p1819
p132,p1783
p137,p1731
p1150,p1605
p831,p1199
p1041,p1246
p138,p1342
p1301,p1717
p546,p697
p1096,p1443
p1445,p1853
p239,p1159
p23,p1040
p665,p1481
p529,p768
p550,p1388
p81,p1892
p669,p1697
p1116,p1759
p74,p1540
p317,p1753
p257,p1050
p243,p1197
p533,p777
p873,p1981
p580,p641
p190,p1264
p522,p1895
p256,p1161
p664,p1360
p272,p1815
p1116,p1249
p223,p476
p82,p604
p344,p986
p892,p1163
p464,p1178
p194,p1060
p337,p1913
p379,p385
p353,p1889
p1539,p1862
p826,p1191
p517,p1930
p77,p1151
p349,p1694
p429,p1564
p1404,p1886
p814,p1285
p69,p1683
p1021,p1623
p1567,p1582
p735,p1985
p409,p651
p611,p1341
p1390,p1693
p1889,p1981
p638,p1476
p652,p1223
p617,p1896
p1152,p1947
p21,p79
p379,p1674
p1051,p1128
p731,p1180
p193,p532
p1515,p1703
p438,p1853
p488,p818
p166,p1829
p1396,p1507
p711,p1359
p264,p281
p195,p572
p100,p1358
p56,p1784
p92,p494
p450,p597
p643,p1816
p253,p1663
p928,p1627
p697,p705
p584,p1212
p195,p445
p637,p1089
p338,p1928
p1872,p1970
p385,p1388
p292,p334
p327,p1002
p944,p1359
p805,p1340
p1308,p1688
p1262,p1502
p781,p1259
p167,p1531
p159,p1116
p923,p1836
p568,p572
p396,p994
p859,p1158
p398,p1099
p228,p1790
p458,p562
p313,p1809
p996,p1611
p124,p402
p246,p764
p1031,p1199
p488,p1041
p1083,p1506
p42,p1555
p4,p835
p124,p466
p365,p1264
p2,p1613
p208,p1038
p29,p1009
p1103,p1432
p895,p1273
p620,p1372
p530,p1805
p842,p1548
p142,p1766
p525,p1722
p1357,p1689
p1072,p1225
p48,p287
p585,p659
p151,p1391
p247,p1223
p379,p594
p207,p462
p137,p1102
p97,p184
p371,p1127
p250,p1930
p1807,p1886
p930,p1996
p468,p1624
p42,p1848
p6,p1742
p988,p1038
p1119,p1819
p594,p1307
p536,p835
p324,p760
p1884,p1913
p749,p1041
p319,p1902
p1202,p1244
p962,p1377
p256,p272
p541,p880
p594,p829
p1177,p1505
p1704,p1833
p1249,p1871
p891,p933
p803,p1527
p239,p1114
p299,p746
p1437,p1774
p671,p1194
p989,p1025
p661,p1486
p1381,p1809
p887,p1649
p564,p1759
p1069,p1828
p36,p1889
p916,p1348
p170,p1966
p907,p1720
