p50,p1501
p125,p917
p408,p827
p1081,p1252
p192,p1494
p631,p1142
p619,p1417
p168,p617
p1012,p1801
p794,p1226
p670,p890
p845,p1657
p580,p880
p221,p277
p545,p1927
p1148,p1315
p1310,p1502
p1316,p1365
p1670,p1867
p66,p837
p1499,p1978
p1121,p1124
p255,p1264
p678,p1800
p1003,p1846
p254,p1897
p649,p1342
p422,p445
p991,p1422
p1892,p1936
p588,p688
p532,p1958
p1006,p1581
p500,p1990
p869,p1521
p623,p1832
p116,p508
p258,p1779
p1797,p1911
p1391,p1920
p915,p1507
p525,p1967
p1568,p1669
p1475,p1563
p1402,p1604
p170,p1322
p187,p1461
p150,p1968
p26,p1299
p72,p586
p197,p1059
p515,p1133
p1316,p1974
p749,p1951
p848,p1010
p1398,p1977
p490,p1845
p673,p1258
p1115,p1726
p990,p1784
p855,p977
p608,p1513
p795,p1016
p521,p562
p925,p1663
p245,p1235
p362,p1401
p1400,p1755
p1203,p1838
p274,p1392
p954,p1021
p698,p1369
p1343,p1525
p628,p747
p875,p1292
p9,p1201
p129,p1530
p102,p1639
p188,p1567
p1071,p1172
p1141,p1619
p154,p1284
p1196,p1221
p857,p1324
p584,p1067
p429,p1238
p11,p987
p122,p1834
p1536,p1609
p328,p1381
p1172,p1330
p1307,p1425
p14,p29
p462,p752
p1062,p1647
p382,p1807
p1177,p1385
p1165,p1264
p790,p1825
p1374,p1523
p987,p1175
p935,p1787
p718,p1979
p80,p1808
p1669,p1974
p366,p1374
p1177,p1298
p874,p1085
p172,p1874
p66,p1431
p856,p1112
p1299,p1321
p784,p1241
p1755,p1979
p1405,p1959
p278,p619
p791,p1979
p900,p1766
p1240,p1565
p60,p1677
p982,p1532
p160,p1946
p1014,p1765
p292,p1033
p954,p1123
p6,p1992
p735,p1712
p166,p485
p645,p795
p1080,p1541
p419,p1762
p656,p1750
p801,p1885
p430,p460
p580,p1865
p886,p1963
p1180,p1209
p1319,p1609
p953,p1896
p206,p748
p227,p698
p27,p1792
p760,p1534
p1143,p1654
p1007,p1443
p26,p1542
p220,p851
p220,p633
p1458,p1911
p20,p1548
p577,p635
p575,p1684
p34,p369
p418,p458
p299,p1593
p38,p206
p347,p1984
p890,p1441
p1438,p1507
p1795,p1873
p1388,p1481
p366,p1889
p415,p1750
p1112,p1142
p493,p1366
p410,p935
p940,p1965
p630,p1207
p929,p1306
p1040,p1599
p566,p1749
p642,p716
p902,p1709
p346,p1557
p562,p1348
p303,p626
p6,p1646
p65,p241
p4,p398
p211,p1944
p674,p1298
p902,p1786
p370,p849
p208,p1052
p615,p1107
p739,p1344
p337,p1237
p563,p1676
p1287,p1765
p258,p1159
p24,p1940
p14,p1177
p508,p1372
p948,p1839
p1528,p1798
p1458,p1871
p1882,p1885
p1076,p1638
p566,p944
p720,p1548
p540,p717
p1232,p1760
p676,p1067
p872,p1327
p407,p1208
p18,p350
p276,p1832
p267,p509
p367,p1777
p55,p681
p757,p1854
p602,p1193
p225,p1566
p435,p870
p349,p1103
p1317,p1740
p1037,p1812
p620,p1637
p894,p1334
p1559,p1833
p290,p1137
p448,p1948
p304,p1798
p305,p975
p396,p522
p574,p1415
p325,p573
p123,p1137
p1143,p1908
p61,p1345
p927,p1970
p1285,p1621
p1890,p1911
p476,p1593
p1787,p1909
p753,p1632
p993,p1331
p177,p819
p749,p966
p1604,p1742
p1549,p1684
p438,p1963
p583,p1773
p381,p1254
p296,p1692
p789,p1920
p524,p1370
p1244,p1260
p978,p1610
p981,p1026
p29,p1446
p567,p1824
p686,p1466
p426,p1923
p1196,p1510
p138,p1872
p251,p526
p1286,p1801
p1095,p1815
p1491,p1724
p464,p1128
p427,p1932
p1036,p1304
p793,p859
p1099,p1296
p479,p1192
p1326,p1911
p92,p1678
p181,p746
p253,p697
p1599,p1992
p1082,p1083
p593,p644
p672,p1479
p652,p892
p102,p629
p1069,p1117
p1215,p1631
p1295,p1603
p1167,p1577
p560,p825
p1109,p1316
p56,p1906
p206,p1461
p999,p1432
p1444,p1691
p370,p665
p935,p1602
p148,p733
p87,p753
p114,p1690
p1533,p1816
p779,p1650
p331,p356
p145,p876
p1150,p1187
p189,p1521
p629,p1221
p257,p1524
p948,p1059
p237,p1353
p275,p1175
p282,p1091
p493,p1742
p964,p1483
p561,p1818
p229,p350
p1132,p1997
p55,p1911
p1,p1119
p479,p1474
p396,p1951
p388,p1667
p337,p1999
p667,p1646
p12,p671
p41,p1336
p1059,p1631
p958,p1209
p108,p361
p403,p1548
p231,p267
p98,p144
p479,p1988
p1283,p1600
p1084,p1103
p730,p1925
p694,p995
p448,p1630
p995,p1404
p1443,p1855
p626,p929
p714,p1567
p245,p1226
p1603,p1752
p1082,p1494
p1401,p1509
p347,p1913
p286,p500
p105,p804
p254,p510
p356,p1135
p710,p908
p653,p1348
p313,p767
p257,p1170
p592,p1874
p629,p755
p1390,p1987
p1511,p1900
p832,p1978
p724,p1214
p100,p1550
p135,p759
p639,p1989
p1403,p1901
p286,p331
p832,p876
p766,p1622
p281,p332
p158,p440
p233,p1771
p918,p1129
p433,p1525
p615,p841
p679,p880
p13,p858
p796,p1257
p1062,p1791
p1281,p1638
p201,p790
p679,p1833
p483,p1135
p533,p1131
p775,p1914
p1615,p1942
p1854,p1934
p561,p929
p1556,p1808
p1333,p1793
p52,p417
p98,p1787
p240,p1974
p377,p1724
p310,p971
p524,p1687
p13,p1555
p48,p829
p596,p1076
p186,p506
p445,p512
p1050,p1542
p821,p1973
p315,p1528
p246,p1813
p1550,p1815
p951,p1096
p284,p740
p478,p1976
p1496,p1617
p508,p1382
p295,p1092
p1851,p1921
p458,p1330
p625,p878
p799,p1445
p403,p853
p319,p655
p76,p614
p1384,p1759
p614,p1350
p187,p1507
p534,p778
p1197,p1653
p352,p1185
p1586,p1897
p131,p1976
p1754,p1906
p986,p1569
p158,p1583
p1127,p1412
p552,p1077
p1499,p1981
p533,p1214
p976,p1130
p698,p824
p1112,p1211
p1018,p1562
p359,p998
p661,p860
p246,p1211
p752,p1650
p170,p1731
p1242,p1717
p1257,p1306
p245,p444
p1183,p1500
p803,p1539
p1286,p1854
p598,p1019
p856,p1780
p1671,p1687
p1755,p1934
p42,p922
p673,p1182
p850,p1120
p192,p343
p748,p1551
p348,p640
p970,p1848
p233,p1791
p13,p551
p779,p1499
p182,p1543
p827,p1870
p213,p675
p25,p108
p256,p375
p188,p1033
p256,p1392
p1221,p1932
p1250,p1524
p1567,p1727
p198,p1127
p58,p986
p902,p1898
p813,p1939
p816,p1612
p362,p1611
p231,p1026
p86,p1798
p507,p1376
p1195,p1887
p1579,p1639
p526,p1320
p649,p1872
p1375,p1844
p202,p801
p485,p1006
p629,p1983
p1216,p1405
p298,p1103
p360,p688
p1327,p1657
p778,p1173
p552,p678
p244,p838
p223,p1871
p430,p1226
p334,p1439
p36,p1189
p486,p837
p1186,p1445
p233,p871
p747,p1251
p901,p1607
p240,p1109
p295,p635
p500,p797
p1333,p1527
p957,p1015
p1183,p1851
p630,p677
p1703,p1960
p314,p479
p251,p875
p47,p1534
p118,p831
p1539,p1870
p377,p1199
p1136,p1930
p1351,p1355
p433,p673
p454,p1641
p239,p1698
p345,p1115
p483,p1700
p1,p552
p1575,p1595
p98,p935
p567,p822
p649,p1978
p696,p1192
p214,p1852
p387,p846
p1321,p1733
p257,p1750
p941,p1138
p310,p777
p379,p1526
p464,p1552
p596,p1562
p331,p988
p478,p1134
p491,p1197
p278,p687
p430,p1169
p59,p1494
p403,p1244
p1067,p1719
p34,p728
p305,p1855
p172,p1503
p892,p1481
p1141,p1427
p859,p1916
p1117,p1303
p1059,p1104
p481,p778
p597,p1434
p1623,p1870
p380,p504
p259,p1540
p126,p1534
p1531,p1713
p149,p1634
p15,p1036
p196,p231
p1008,p1887
p592,p653
p376,p740
p509,p566
p1009,p1399
p1237,p1287
p1537,p1818
p226,p564
p1954,p1975
p346,p1061
p511,p1949
p175,p1338
p315,p1647
p38,p469
p488,p668
p218,p920
p159,p1093
p372,p1124
p971,p1633
p671,p855
p143,p1420
p923,p1860
p336,p1918
p814,p1970
p379,p763
p438,p584
p126,p398
p1149,p1597
p490,p804
p1414,p1788
p163,p820
p1139,p1976
p1420,p1769
p1791,p1800
p173,p364
p162,p1153
p243,p1484
p1379,p1698
p860,p1596
p799,p1048
p1913,p1928
p198,p334
p178,p672
p648,p1373
p610,p1155
p211,p1668
p180,p301
p742,p1494
p1102,p1909
p872,p1657
p1184,p1662
p669,p1916
p440,p551
p1375,p1420
p887,p1266
p126,p834
p42,p427
p971,p1196
p691,p1332
p520,p1408
p670,p1138
p1755,p1854
p92,p380
p248,p1951
p764,p923
p200,p1336
p1317,p1349
p1366,p1588
p345,p443
p360,p375
p1034,p1309
p14,p83
p66,p1199
p706,p896
p118,p728
p280,p723
p1103,p1237
p997,p1020
p1248,p1302
p992,p1877
p776,p968
p1485,p1727
