p990,p1386
p1466,p1700
p920,p1278
p363,p1385
p102,p749
p195,p1660
p180,p294
p943,p1733
p1122,p1663
p645,p1879
p487,p701
p1094,p1657
p646,p1330
p1882,p1961
p589,p884
p1227,p1478
p217,p1987
p626,p1684
p291,p570
p296,p1674
p304,p1534
p102,p1667
p147,p1552
p130,p1720
p1290,p1535
p774,p1712
p246,p1572
p754,p1888
p492,p1455
p76,p1447
p488,p724
p956,p1353
p1295,p1308
p1235,p1549
p354,p752
p360,p1172
p146,p1217
p716,p795
p210,p233
p1040,p1641
p116,p966
p487,p1595
p738,p1774
p547,p1745
p733,p1751
p1587,p1982
p210,p632
p24,p1854
p1306,p1606
p1255,p1808
p151,p953
p1639,p1645
p1172,p1260
p784,p1661
p267,p1653
p1544,p1643
p141,p275
p978,p1707
p1035,p1134
p942,p1804
p1352,p1678
p685,p894
p565,p976
p644,p808
p453,p1317
p1247,p1849
p637,p1779
p1326,p1444
p496,p1889
p311,p1327
p842,p1029
p481,p1201
p846,p1709
p712,p1493
p1293,p1660
p451,p918
p427,p1889
p658,p1528
p350,p428
p455,p1270
p49,p1176
p303,p556
p538,p1985
p486,p817
p1354,p1732
p545,p1396
p1473,p1884
p439,p1733
p16,p290
p1592,p1688
p420,p1805
p47,p606
p540,p1059
p227,p292
p1660,p1672
p554,p1454
p490,p1174
p414,p1033
p816,p1844
p907,p1113
p325,p1180
p277,p1815
p1257,p1686
p1193,p1991
p310,p1674
p1012,p1566
p1343,p1782
p2,p1896
p994,p1557
p665,p1043
p597,p758
p198,p1355
p385,p1781
p290,p1389
p1075,p1866
p117,p329
p1722,p1829
p252,p943
p844,p1505
p1541,p1881
p63,p1125
p387,p1790
p697,p1788
p1431,p1698
p1265,p1973
p200,p271
p37,p59
p610,p1242
p388,p1619
p719,p961
p770,p962
p872,p1905
p421,p860
p341,p869
p211,p1558
p688,p1154
p464,p1707
p396,p513
p77,p517
p525,p1785
p1091,p1866
p490,p1314
p1167,p1881
p203,p874
p376,p894
p105,p194
p226,p722
p442,p542
p29,p370
p1374,p1707
p795,p1225
p160,p1976
p278,p1337
p446,p693
p1741,p1996
p845,p1911
p13,p126
p113,p1663
p232,p1167
p1158,p1173
p195,p234
p531,p1985
p604,p1885
p837,p1771
p53,p602
p558,p1811
p54,p1804
p447,p1512
p148,p251
p152,p1409
p789,p1647
p64,p1638
p1608,p1869
p805,p1662
p174,p1403
p2,p1378
p761,p1044
p16,p1116
p1845,p1909
p28,p599
p578,p703
p591,p1397
p965,p1798
p25,p1617
p507,p1097
p180,p925
p972,p1519
p917,p1874
p501,p1183
p1150,p1454
p550,p1124
p328,p1995
p411,p1664
p854,p1733
p478,p1311
p692,p1030
p844,p1195
p420,p1847
p1250,p1446
p241,p941
p651,p1766
p118,p1358
p358,p1038
p940,p1280
p99,p1937
p272,p1787
p157,p562
p1079,p1849
p955,p1958
p578,p1063
p43,p1714
p347,p914
p1080,p1371
p472,p712
p1108,p1943
p420,p423
p63,p1628
p513,p1971
p813,p1619
p299,p1328
p1914,p1978
p204,p814
p871,p1359
p1215,p1497
p1139,p1281
p390,p736
p744,p1794
p413,p1495
p328,p571
p77,p118
p1257,p1645
p891,p962
p29,p1222
p847,p1002
p1415,p1465
p302,p443
p1819,p1969
p380,p788
p1024,p1502
p766,p1093
p616,p1246
p806,p1765
p79,p468
p148,p1394
p823,p1302
p1561,p1719
p782,p949
p259,p798
p1249,p1458
p1333,p1866
p878,p1310
p1064,p1138
p662,p1162
p928,p1375
p151,p1500
p211,p474
p187,p1918
p532,p1100
p594,p1858
p298,p1707
p1255,p1389
p576,p1899
p334,p670
p48,p1597
p1314,p1752
p145,p1658
p317,p1320
p650,p1637
p634,p734
p217,p367
p107,p581
p941,p1452
p382,p983
p239,p1021
p1172,p1385
p329,p1920
p435,p1250
p733,p861
p202,p252
p1020,p1592
p695,p1546
p749,p1996
p352,p522
p1650,p1896
p833,p1200
p105,p382
p603,p1564
p1044,p1797
p994,p1656
p360,p483
p135,p486
p168,p787
p1333,p1516
p6,p1387
p128,p581
p512,p624
p630,p1707
p1046,p1762
p392,p1041
p1526,p1749
p647,p1308
p240,p1429
p1943,p1969
p1388,p1845
p405,p697
p58,p203
p790,p1836
p1866,p1997
p721,p1698
p810,p1072
p453,p1537
p1311,p1524
p482,p1841
p998,p1375
p203,p312
p325,p778
p1318,p1389
p1758,p1951
p680,p1231
p426,p1398
p873,p1561
p1076,p1607
p310,p957
p1113,p1661
p604,p1393
p102,p1614
p275,p463
p1323,p1806
p676,p1654
p779,p1331
p573,p1639
p315,p1905
p378,p622
p647,p1411
p889,p1997
p36,p304
p353,p1867
p446,p1077
p638,p651
p1798,p1962
p895,p1506
p377,p1341
p976,p1669
p550,p1489
p77,p1313
p1276,p1582
p788,p1533
p1749,p1823
p46,p831
p222,p451
p1217,p1236
p531,p1286
p213,p861
p584,p931
p843,p1439
p864,p1761
p358,p519
p457,p1585
p271,p947
p799,p1901
p1124,p1129
p112,p168
p254,p434
p609,p1976
p768,p1149
p498,p519
p1580,p1601
p590,p1622
p446,p1902
p637,p1962
p104,p1590
p571,p1572
p826,p1081
p140,p1709
p1063,p1883
p469,p1620
p999,p1987
p1516,p1750
p724,p879
p463,p1147
p621,p1335
p777,p1760
p388,p1355
p267,p1875
p1024,p1938
p1567,p1722
p1014,p1099
p157,p1072
p278,p957
p291,p513
p1006,p1565
p618,p1280
p114,p1964
p620,p872
p130,p1170
p401,p1118
p587,p1401
p79,p1950
p194,p1461
p16,p773
p270,p1154
p1208,p1640
p179,p1865
p867,p1228
p590,p1322
p1060,p1273
p112,p1998
p470,p1962
p159,p1901
p797,p876
p691,p1948
p1456,p1778
p409,p880
p137,p441
p672,p1732
p1463,p1502
p594,p757
p1495,p1887
p645,p1683
p200,p841
p725,p1101
p457,p1144
p975,p1473
p1512,p1764
p330,p1539
p1356,p1628
p1362,p1502
p579,p1842
p1189,p1260
p628,p711
p901,p1616
p583,p628
p239,p1381
p28,p467
p105,p360
p860,p1797
p7,p1575
p542,p1720
p1234,p1729
p351,p743
p1121,p1333
p1110,p1597
p393,p671
p167,p997
p119,p835
p568,p577
p155,p640
p145,p672
p202,p1723
p601,p797
p1296,p1553
p57,p1076
p631,p795
p581,p1239
p1538,p1940
p677,p1547
p995,p1737
p557,p795
p555,p597
p1657,p1735
p133,p582
p506,p652
p1049,p1734
p664,p1084
p1296,p1315
p851,p1543
p1434,p1797
p742,p1047
p361,p1058
p316,p1148
p926,p1120
p74,p115
p446,p1418
p1554,p1664
p292,p1158
p443,p1715
p1206,p1350
p1478,p1790
p680,p970
p1033,p1670
p356,p460
p824,p1516
p552,p937
p1044,p1676
p162,p596
p6,p466
p338,p1238
p1732,p1736
p224,p1527
p1123,p1544
p891,p892
p790,p1055
p1002,p1605
p228,p845
p155,p1094
p630,p1035
p230,p1446
p691,p1482
p428,p1514
p76,p950
p392,p1035
p178,p446
p635,p703
p1837,p1869
p666,p991
p1698,p1716
p200,p807
p169,p1255
p909,p1329
p641,p1577
p1001,p1632
p805,p1216
p620,p1839
p140,p1968
p607,p934
p1546,p1575
p708,p1891
p1588,p1916
p1294,p1454
p18,p1496
p649,p1771
p187,p414
p844,p1362
p167,p1214
p94,p1588
p272,p852
p1726,p1924
p62,p961
p928,p1202
p140,p839
p675,p1132
p494,p1337
p570,p913
p730,p1383
p187,p670
p680,p808
p115,p607
p1049,p1253
p539,p1419
p336,p1839
p1211,p1592
p494,p1142
p1506,p1695
p682,p888
p386,p1152
p789,p1996
p1114,p1331
p1050,p1158
p137,p918
p412,p666
p953,p1145
p717,p1724
p66,p1005
p69,p1564
p616,p1763
p562,p1417
p906,p1155
p697,p1767
p736,p1335
p895,p1335
p804,p1100
p101,p637
p1017,p1091
p1327,p1873
p516,p1638
p639,p752
p343,p598
p294,p1815
p1645,p1969
p1397,p1691
p1026,p1118
p820,p1218
p380,p945
p1540,p1680
p453,p1825
p365,p909
p739,p1349
p163,p504
p1405,p1414
p247,p509
p1482,p1865
p799,p1388
p839,p1193
p1222,p1590
p578,p1220
p1204,p1859
p481,p950
p861,p1084
p728,p1064
p971,p1945
p760,p907
p387,p462
p228,p1782
p310,p933
p44,p271
p257,p1992
p33,p1122
p1244,p1492
p1609,p1739
p398,p1826
p507,p1812
p1204,p1854
p16,p1687
p1086,p1693
p115,p239
p1411,p1531
p1501,p1751
p945,p1428
p178,p819
p401,p1569
p1436,p1868
p722,p1792
p1014,p1822
p1407,p1453
p582,p1033
p1660,p1953
p561,p1245
p358,p1091
p307,p395
p1334,p1595
p1072,p1323
p915,p1106
p913,p1490
p614,p1467
p366,p484
p1533,p1858
p442,p1904
p20,p1536
p290,p1863
p1077,p1541
p623,p1279
p1017,p1203
p784,p1074
p1300,p1696
p245,p753
p729,p944
p833,p1948
p529,p699
p309,p1764
p1357,p1477
