p473,p664
p93,p659
p165,p1626
p323,p1860
p712,p1683
p894,p1393
p264,p1559
p1147,p1919
p244,p1505
p1728,p1821
p1000,p1140
p626,p1056
p1108,p1571
p254,p1604
p1018,p1780
p434,p1060
p533,p1727
p1734,p1940
p363,p1221
p717,p1044
p508,p1756
p1028,p1115
p538,p1543
p1224,p1341
p305,p1555
p260,p384
p32,p1515
p577,p681
p1022,p1437
p60,p1685
p107,p1477
p618,p694
p1235,p1635
p1683,p1968
p281,p1738
p318,p1065
p1080,p1482
p320,p378
p1080,p1223
p1819,p1821
p373,p1931
p880,p1348
p231,p1889
p318,p1512
p667,p1370
p1133,p1648
p1215,p1446
p1554,p1672
p176,p1265
p910,p1470
p1141,p1877
p1367,p1844
p725,p1866
p4,p1736
p446,p1388
p1407,p1953
p549,p1471
p1427,p1956
p264,p1613
p401,p1232
p644,p1198
p680,p1348
p443,p1809
p1061,p1213
p1055,p1104
p539,p554
p817,p1290
p6,p1037
p57,p337
p750,p1563
p180,p1273
p1510,p1724
p161,p1489
p592,p1382
p111,p560
p159,p1735
p1,p1138
p308,p1649
p1037,p1660
p719,p963
p634,p929
p108,p839
p867,p1550
p11,p1589
p310,p1486
p163,p1918
p564,p1227
p162,p230
p32,p1092
p92,p929
p524,p1741
p1055,p1756
p1526,p1576
p914,p1787
p169,p230
p564,p1968
p1352,p1542
p772,p1658
p338,p1816
p709,p1062
p539,p720
p614,p1116
p304,p457
p5,p614
p616,p1120
p490,p1015
p25,p1183
p900,p1071
p956,p1187
p1791,p1974
p958,p1151
p7,p1751
p748,p1975
p106,p626
p934,p1006
p51,p1910
p646,p1418
p881,p1339
p154,p1539
p122,p296
p373,p1555
p811,p1982
p239,p299
p79,p492
p288,p1792
p1149,p1171
p1095,p1923
p1392,p1866
p1492,p1840
p1090,p1482
p797,p1179
p739,p1548
p840,p1428
p747,p1024
p348,p1836
p1135,p1272
p437,p1823
p9,p475
p308,p479
p1456,p1602
p840,p911
p1205,p1316
p450,p1256
p257,p344
p540,p733
p1218,p1310
p169,p1531
p1356,p1759
p368,p1163
p1338,p1549
p161,p856
p565,p1831
p1260,p1676
p90,p1824
p251,p1391
p304,p1421
p515,p1823
p987,p1432
p19,p1857
p1438,p1641
p954,p1629
p379,p963
p864,p942
p422,p1954
p109,p1783
p983,p1305
p1695,p1737
p242,p1929
p312,p1306
p846,p1799
p716,p1237
p1327,p1707
p838,p1036
p931,p949
p1257,p1447
p294,p1114
p992,p1239
p848,p1735
p78,p1857
p26,p91
p1184,p1633
p344,p1524
p809,p1634
p6,p1061
p148,p1414
p758,p1080
p1050,p1637
p1511,p1937
p1114,p1696
p83,p1645
p274,p1534
p1388,p1875
p31,p1643
p560,p1237
p138,p617
p1004,p1630
p1019,p1539
p714,p1824
p174,p1302
p1207,p1740
p1414,p1936
p1156,p1803
p7,p929
p177,p1200
p480,p855
p183,p1503
p103,p443
p550,p1005
p81,p818
p382,p1745
p186,p1076
p1068,p1445
p598,p1602
p340,p1487
p140,p768
p88,p651
p921,p1072
p640,p1335
p894,p1419
p1180,p1404
p293,p357
p1728,p1819
p273,p1877
p83,p870
p1499,p1977
p460,p1675
p154,p421
p957,p1419
p751,p1736
p571,p1518
p1893,p1960
p389,p519
p202,p631
p231,p1064
p1141,p1392
p878,p1006
p104,p912
p30,p1716
p438,p1430
p827,p1815
p1213,p1321
p839,p1687
p1426,p1593
p1460,p1698
p56,p987
p1052,p1758
p663,p1949
p1303,p1834
p353,p839
p882,p1926
p153,p293
p1578,p1743
p399,p1143
p117,p1438
p1714,p1972
p116,p1677
p269,p1690
p1577,p1953
p626,p987
p507,p1964
p1664,p1831
p1309,p1672
p1469,p1679
p1153,p1273
p649,p1709
p1022,p1905
p592,p1857
p262,p1809
p471,p1468
p1329,p1857
p887,p1980
p1159,p1406
p1355,p1613
p941,p1042
p542,p769
p269,p430
p1192,p1995
p742,p908
p136,p544
p22,p1964
p710,p924
p832,p1461
p185,p1885
p78,p1978
p1034,p1731
p800,p998
p362,p1114
p1363,p1384
p314,p355
p1001,p1215
p320,p1655
p659,p1059
p398,p1306
p319,p1429
p1285,p1886
p583,p920
p392,p842
p481,p1546
p1454,p1830
p1077,p1969
p983,p1063
p490,p1363
p1528,p1934
p119,p1227
p659,p1870
p135,p1164
p46,p773
p261,p1322
p360,p388
p785,p1305
p1071,p1690
p1557,p1636
p52,p1516
p326,p738
p1496,p1566
p410,p1583
p1336,p1471
p19,p78
p275,p1145
p308,p376
p719,p1996
p1282,p1490
p123,p859
p23,p828
p1046,p1139
p1056,p1928
p283,p1203
p241,p1595
p998,p1014
p717,p1770
p257,p1886
p586,p883
p1653,p1814
p1026,p1317
p269,p1367
p1504,p1930
p1097,p1912
p279,p1134
p454,p1492
p122,p760
p486,p927
p1169,p1185
p926,p1846
p419,p944
p585,p1068
p409,p946
p123,p1700
p388,p397
p1251,p1993
p18,p1677
p295,p1672
p972,p1107
p693,p881
p829,p1400
p745,p1605
p116,p1747
p131,p1251
p285,p1074
p890,p1702
p936,p1702
p382,p1865
p1185,p1817
p768,p1875
p919,p1072
p348,p1400
p175,p612
p595,p977
p607,p1186
p1321,p1795
p4,p372
p1,p817
p250,p522
p392,p1518
p30,p1360
p548,p838
p1040,p1220
p1503,p1974
p119,p564
p617,p1237
p599,p704
p1703,p1756
p1739,p1744
p183,p504
p200,p1595
p412,p1558
p762,p1057
p562,p1581
p264,p470
p109,p756
p1008,p1390
p246,p1089
p67,p661
p1228,p1390
p131,p1644
p269,p1339
p1131,p1229
p741,p1643
p634,p671
p32,p1706
p975,p1439
p224,p1224
p831,p1915
p1505,p1935
p435,p1766
p735,p1057
p701,p1731
p1527,p1872
p1322,p1385
p580,p1226
p26,p1333
p236,p1022
p655,p1496
p99,p1707
p16,p1904
p448,p1132
p764,p1904
p1337,p1790
p1311,p1395
p1858,p1976
p627,p815
p1074,p1513
p548,p1028
p405,p874
p807,p1248
p302,p1017
p530,p1723
p1,p287
p855,p1236
p119,p1704
p91,p767
p1644,p1720
p770,p1879
p527,p1284
p1016,p1857
p596,p741
p1404,p1752
p61,p1382
p1104,p1628
p42,p1948
p991,p1761
p27,p1661
p257,p724
p361,p514
p312,p1089
p137,p1861
p5,p678
p1423,p1875
p581,p625
p276,p1339
p531,p1265
p566,p890
p613,p1961
p1250,p1480
p785,p1996
p51,p71
p91,p1903
p55,p1831
p648,p1995
p113,p711
p1081,p1888
p750,p1304
p559,p1305
p885,p1991
p238,p1269
p283,p1852
p448,p791
p440,p1387
p76,p1367
p1592,p1910
p804,p1950
p1344,p1993
p869,p1250
p38,p1430
p731,p830
p176,p257
p950,p1179
p392,p1902
p42,p697
p842,p1902
p21,p1792
p8,p1343
p245,p1262
p65,p1594
p16,p1939
p777,p1597
p1630,p1748
p1389,p1881
p952,p1576
p480,p934
p168,p1859
p1393,p1638
p709,p1752
p835,p1591
p1510,p1800
p21,p567
p564,p1103
p652,p1164
p293,p1367
p888,p1449
p204,p1238
p1606,p1974
p1362,p1922
p156,p1389
p1256,p1646
p188,p921
p781,p1542
p874,p1849
p802,p1925
p295,p1434
p620,p879
p420,p477
p1167,p1972
p341,p1402
p948,p1278
p1406,p1906
p497,p632
p674,p755
p66,p892
p1364,p1628
p1130,p1170
p637,p1178
p138,p1237
p930,p1069
p1470,p1493
p835,p1384
p1400,p1462
p782,p1988
p251,p1412
p625,p1619
p0,p76
p1462,p1871
p66,p532
p1800,p1893
p164,p487
p580,p1101
p246,p1306
p422,p1139
p967,p1359
p485,p1281
p436,p1021
p1083,p1990
p509,p1762
p383,p1731
p699,p1447
p1121,p1440
p771,p1023
p429,p456
p734,p1246
p180,p793
p1245,p1275
p1342,p1719
p503,p990
p249,p506
p66,p397
p1209,p1287
p334,p1583
p1172,p1924
p119,p1493
p1915,p1938
p185,p921
p422,p1993
p181,p991
p1593,p1655
p634,p1595
p580,p1574
p1446,p1675
p735,p850
p657,p1641
p7,p1595
p1094,p1135
p1386,p1471
p1519,p1922
p1653,p1766
p911,p1427
p464,p1786
p1023,p1360
p1492,p1750
p971,p1323
p303,p1100
p738,p1643
p159,p1809
p304,p1633
p1714,p1949
p932,p1525
p38,p1770
p94,p653
p238,p1577
p174,p240
p964,p1250
p277,p889
p502,p1255
p1432,p1943
p204,p1668
p8,p155
p999,p1736
p419,p1820
p90,p673
p97,p154
p484,p1284
p994,p1055
p886,p1869
p921,p1546
p1106,p1458
p289,p1876
p1309,p1434
p840,p848
p1549,p1930
p947,p1846
p1196,p1825
p351,p1723
p369,p383
p135,p1392
p328,p1275
p1637,p1670
p1337,p1821
p231,p955
p910,p913
p103,p1427
p10,p1738
p948,p1892
p681,p1853
p148,p711
p78,p1252
p13,p497
p404,p452
p471,p1387
p1082,p1715
p628,p1769
p605,p775
p1550,p1687
p14,p1377
p1003,p1678
p1175,p1211
p822,p827
p384,p1382
p217,p828
p1300,p1604
p1456,p1585
p1156,p1760
p245,p1854
