p1185,p1817
p900,p1936
p1280,p1887
p1106,p1196
p816,p1228
p754,p1890
p844,p997
p932,p1805
p1570,p1783
p1152,p1222
p951,p1340
p832,p1024
p886,p1537
p498,p838
p1466,p1931
p1220,p1303
p394,p704
p1640,p1952
p1159,p1716
p385,p1402
p387,p762
p1267,p1536
p778,p1000
p1223,p1854
p1231,p1650
p458,p1561
p196,p240
p979,p1694
p1014,p1801
p365,p1374
p1503,p1665
p83,p448
p774,p1866
p1292,p1901
p183,p1911
p1305,p1362
p1350,p1442
p33,p911
p226,p853
p327,p469
p291,p1923
p1201,p1535
p114,p1402
p1266,p1626
p1333,p1364
p100,p1444
p347,p1211
p973,p1783
p649,p1946
p517,p1209
p1093,p1150
p1242,p1491
p1134,p1841
p1589,p1906
p297,p1408
p1003,p1248
p320,p1503
p1413,p1838
p297,p1264
p621,p1621
p1097,p1633
p297,p1661
p247,p1612
p722,p755
p707,p1649
p36,p1340
p385,p1514
p818,p1911
p1291,p1582
p896,p1752
p603,p877
p967,p1627
p445,p572
p1430,p1950
p116,p1352
p641,p1810
p1349,p1949
p372,p933
p1020,p1531
p529,p1737
p1595,p1895
p1429,p1453
p1127,p1404
p330,p1514
p5,p37
p946,p1161
p874,p1633
p1447,p1760
p1188,p1886
p368,p435
p654,p1197
p40,p449
p1523,p1705
p1279,p1994
p907,p1129
p302,p685
p549,p678
p613,p814
p899,p939
p805,p1280
p622,p1686
p795,p1007
p1044,p1159
p417,p1603
p1093,p1115
p634,p1451
p766,p1545
p951,p1814
p272,p538
p1306,p1700
p1536,p1605
p883,p1643
p1452,p1787
p1566,p1928
p1389,p1904
p1316,p1518
p459,p706
p607,p1145
p268,p329
p400,p913
p1137,p1964
p586,p1302
p1793,p1854
p516,p1819
p1472,p1935
p928,p1426
p540,p1814
p634,p1485
p1322,p1752
p877,p980
p708,p1850
p311,p1491
p462,p1697
p1514,p1724
p463,p1272
p110,p392
p662,p839
p804,p1772
p193,p818
p1032,p1667
p1351,p1354
p261,p1300
p249,p1407
p1290,p1525
p540,p1947
p697,p1120
p1555,p1772
p1072,p1488
p271,p1940
p579,p1081
p946,p979
p228,p549
p585,p847
p1288,p1795
p1385,p1751
p646,p719
p396,p1064
p99,p1952
p1093,p1919
p1265,p1535
p1177,p1779
p1282,p1472
p804,p914
p4,p109
p1608,p1627
p724,p1138
p766,p1088
p385,p1903
p98,p1885
p1536,p1740
p1388,p1415
p436,p1063
p479,p1417
p1195,p1543
p777,p1247
p1025,p1855
p366,p1771
p1481,p1659
p119,p1490
p175,p1587
p264,p1644
p433,p1930
p325,p1840
p220,p1038
p1233,p1846
p996,p1048
p779,p1332
p376,p1417
p1029,p1976
p288,p1076
p1008,p1099
p707,p1543
p265,p517
p486,p1890
p643,p1610
p205,p599
p497,p1374
p600,p1843
p347,p1426
p424,p521
p826,p1994
p435,p1571
p306,p418
p53,p568
p754,p901
p5,p1502
p797,p875
p963,p1796
p894,p1003
p404,p1369
p652,p818
p558,p1451
p92,p1110
p568,p1800
p535,p1748
p1043,p1573
p385,p394
p734,p1193
p570,p1688
p878,p992
p776,p1680
p1008,p1321
p1712,p1954
p62,p862
p52,p1788
p1405,p1612
p224,p458
p572,p1975
p49,p649
p116,p483
p1690,p1883
p336,p1843
p1322,p1362
p1608,p1890
p366,p1073
p282,p702
p743,p1551
p454,p1626
p638,p1999
p74,p1217
p503,p1913
p123,p1688
p1469,p1471
p717,p915
p477,p1232
p238,p1640
p880,p1961
p1524,p1696
p50,p1512
p673,p690
p196,p653
p474,p1885
p859,p1848
p677,p1125
p779,p1574
p871,p1261
p324,p1153
p104,p1749
p296,p428
p168,p501
p867,p1904
p728,p1813
p1340,p1681
p403,p1245
p1332,p1385
p90,p588
p618,p1098
p1044,p1125
p1046,p1528
p1301,p1697
p320,p1656
p1006,p1522
p804,p1799
p798,p1104
p857,p1815
p725,p954
p351,p473
p693,p718
p32,p1796
p300,p358
p653,p1684
p711,p1750
p695,p1295
p208,p1534
p994,p1242
p752,p1154
p728,p1404
p291,p607
p993,p1313
p916,p1745
p129,p786
p278,p1441
p431,p1619
p205,p1261
p896,p1562
p623,p1688
p539,p1426
p141,p1250
p828,p1297
p84,p793
p119,p1239
p1282,p1474
p587,p1537
p68,p1947
p8,p1828
p1065,p1124
p70,p1751
p613,p1629
p1109,p1191
p1009,p1491
p833,p1174
p972,p1621
p589,p1974
p510,p1354
p873,p1670
p111,p1686
p1141,p1226
p113,p1378
p997,p1174
p669,p1080
p370,p1591
p783,p1647
p657,p1498
p135,p1995
p7,p649
p784,p1275
p265,p497
p1617,p1976
p1345,p1456
p1384,p1429
p505,p590
p1405,p1759
p606,p968
p1845,p1998
p551,p1927
p623,p1609
p1814,p1947
p1525,p1811
p1139,p1643
p104,p874
p1233,p1536
p730,p887
p1831,p1932
p1063,p1217
p375,p619
p906,p1026
p1189,p1545
p290,p1938
p523,p909
p877,p1452
p1200,p1786
p609,p1663
p481,p837
p1822,p1985
p1113,p1653
p1543,p1623
p329,p1233
p647,p854
p1080,p1804
p72,p1924
p1117,p1330
p653,p1405
p711,p1206
p714,p1924
p1536,p1568
p1117,p1609
p816,p1509
p815,p1280
p921,p1013
p681,p1682
p88,p447
p548,p1923
p865,p1836
p273,p1255
p1500,p1977
p1472,p1474
p1467,p1697
p201,p1731
p548,p1175
p25,p965
p1434,p1706
p234,p363
p344,p514
p780,p1519
p39,p872
p187,p1189
p1132,p1266
p1649,p1959
p1790,p1977
p1308,p1391
p1535,p1768
p890,p1307
p510,p587
p872,p1238
p875,p1602
p659,p1746
p1757,p1955
p959,p1031
p96,p1606
p114,p771
p482,p1354
p690,p713
p418,p1692
p970,p1566
p502,p1894
p341,p921
p534,p1339
p580,p1125
p1260,p1345
p1276,p1929
p1162,p1816
p973,p1229
p730,p1225
p226,p1710
p32,p999
p577,p1188
p773,p942
p625,p1674
p250,p1159
p214,p900
p332,p1428
p319,p1538
p422,p1313
p1414,p1889
p444,p1471
p1097,p1827
p1125,p1159
p248,p724
p1229,p1296
p633,p1734
p1454,p1891
p990,p1847
p941,p1014
p521,p590
p586,p1868
p426,p1437
p1254,p1286
p580,p1643
p901,p953
p293,p1292
p956,p1770
p376,p1259
p449,p996
p844,p853
p916,p1103
p579,p758
p675,p926
p1592,p1959
p215,p778
p453,p1408
p382,p1120
p928,p1996
p746,p1563
p352,p1214
p89,p416
p13,p207
p1321,p1585
p1232,p1653
p314,p1594
p1878,p1991
p118,p1312
p1138,p1654
p835,p1685
p339,p1950
p565,p1643
p661,p1405
p1503,p1596
p564,p1092
p1208,p1476
p693,p1722
p528,p1218
p1546,p1580
p904,p939
p742,p1245
p690,p881
p760,p1944
p201,p1739
p177,p1954
p857,p868
p1213,p1751
p478,p1324
p340,p1337
p1062,p1526
p556,p1950
p71,p1027
p850,p1676
p245,p875
p1162,p1583
p351,p734
p1689,p1903
p1212,p1849
p587,p1739
p401,p840
p587,p1813
p1178,p1535
p482,p1809
p1505,p1593
p300,p1945
p1198,p1671
p1206,p1359
p21,p1998
p793,p1543
p620,p1700
p1300,p1957
p608,p1031
p768,p1326
p211,p1914
p556,p1157
p350,p1018
p1163,p1360
p461,p1828
p1743,p1897
p756,p1865
p1636,p1766
p577,p648
p846,p1735
p1688,p1823
p445,p1499
p1303,p1313
p539,p1317
p1523,p1708
p411,p1645
p724,p1584
p395,p879
p385,p671
p1408,p1661
p752,p1250
p790,p955
p1342,p1504
p306,p898
p300,p1093
p82,p996
p442,p1204
p259,p1716
p1135,p1574
p1831,p1906
p1206,p1515
p475,p1662
p131,p1825
p625,p1716
p403,p1065
p138,p894
p425,p1698
p1279,p1607
p963,p1347
p335,p653
p919,p1258
p793,p1342
p261,p494
p742,p1276
p613,p1971
p461,p1725
p1226,p1927
p794,p1557
p1331,p1368
p749,p1038
p1475,p1770
p383,p1657
p1219,p1661
p652,p1911
p355,p414
p961,p1059
p395,p1679
p473,p913
p85,p1694
p856,p1789
p138,p1936
p803,p1776
p1226,p1562
p1211,p1373
p768,p1019
p479,p1996
p1213,p1571
p619,p1029
p1213,p1854
p255,p1052
p648,p1784
p497,p1204
p656,p677
p1091,p1631
p113,p1980
p73,p1589
p409,p1429
p900,p1384
p631,p1624
p36,p459
p762,p1658
p1228,p1289
p37,p454
p421,p791
p4,p122
p1710,p1715
p1809,p1813
p182,p1027
p1219,p1408
p1181,p1522
p234,p829
p365,p441
p1966,p1980
p331,p1487
p28,p1130
p168,p550
p1088,p1176
p766,p1703
p72,p795
p562,p1538
p1583,p1809
p6,p833
p1362,p1927
p341,p1913
p199,p465
p215,p1377
p164,p655
p584,p788
p349,p1273
p1363,p1761
p198,p689
p535,p1648
p393,p1960
p803,p1009
p20,p1510
p1129,p1556
p1049,p1979
p323,p1931
p824,p1515
p302,p1953
p20,p1352
p487,p1867
p1630,p1866
p897,p1667
p889,p1981
p1030,p1069
p387,p1502
p1395,p1567
p229,p1437
p1140,p1326
p382,p1250
p332,p1725
p128,p1085
p1098,p1660
