p0,p1696
p0,p1025
p0,p173
p0,p826
p0,p1127
p0,p176
p1,p1868
p1,p71
p1,p1048
p1,p741
p1,p1347
p1,p731
p2,p649
p2,p1906
p2,p838
p2,p247
p2,p1559
p2,p1357
p3,p1825
p3,p849
p3,p737
p3,p1969
p3,p495
p3,p297
p4,p164
p4,p1019
p4,p965
p4,p1641
p4,p1158
p4,p138
p5,p1221
p5,p147
p5,p435
p5,p1259
p5,p1578
p5,p131
p6,p1894
p6,p1488
p6,p1914
p6,p1213
p6,p590
p6,p1202
p7,p1436
p7,p1820
p7,p1519
p7,p711
p7,p1406
p7,p1095
p8,p180
p8,p862
p8,p1708
p8,p1500
p8,p738
p8,p982
p9,p673
p9,p1477
p9,p1308
p9,p242
p9,p1081
p9,p934
p10,p1225
p10,p509
p10,p1070
p10,p1172
p10,p1475
p10,p1869
p11,p518
p11,p1757
p11,p1962
p11,p446
p11,p1408
p11,p267
p12,p1462
p12,p1676
p12,p1458
p12,p1258
p12,p1499
p12,p1618
p13,p61
p13,p1010
p13,p1365
p13,p116
p13,p1691
p13,p49
p14,p1585
p14,p1855
p14,p1033
p14,p44
p14,p531
p14,p1359
p15,p775
p15,p1609
p15,p1378
p15,p1490
p15,p1024
p15,p551
p16,p1971
p16,p355
p16,p361
p16,p323
p16,p1050
p16,p907
p17,p1085
p17,p1721
p17,p1093
p17,p676
p17,p1134
p17,p840
p18,p1263
p18,p1196
p18,p273
p18,p1911
p18,p1748
p18,p1452
p19,p712
p19,p1876
p19,p901
p19,p980
p19,p1086
p19,p1204
p20,p1529
p20,p1193
p20,p1434
p20,p1683
p20,p689
p20,p1531
p21,p1752
p21,p415
p21,p386
p21,p1147
p21,p926
p21,p1508
p22,p1059
p22,p1483
p22,p617
p22,p1610
p22,p1451
p22,p1386
p23,p1798
p23,p222
p23,p943
p23,p1071
p23,p619
p23,p831
p24,p360
p24,p777
p24,p1615
p24,p1555
p24,p1540
p24,p764
p25,p657
p25,p37
p25,p352
p25,p411
p25,p751
p25,p572
p26,p274
p26,p1771
p26,p1522
p26,p209
p26,p1023
p26,p1503
p27,p1384
p27,p600
p27,p1274
p27,p1152
p27,p971
p27,p400
p28,p1110
p28,p1050
p28,p819
p28,p991
p28,p1753
p28,p1636
p29,p1256
p29,p109
p29,p1660
p29,p646
p29,p329
p29,p1320
p30,p215
p30,p1793
p30,p1505
p30,p1104
p30,p1426
p30,p587
p31,p1989
p31,p1755
p31,p956
p31,p1051
p31,p434
p31,p1078
p32,p1530
p32,p1813
p32,p1808
p32,p1498
p32,p859
p32,p100
p33,p460
p33,p45
p33,p725
p33,p121
p33,p145
p33,p624
p34,p728
p34,p1856
p34,p1192
p34,p891
p34,p1279
p34,p598
p35,p1143
p35,p257
p35,p1583
p35,p762
p35,p1376
p35,p258
p36,p804
p36,p1250
p36,p877
p36,p1517
p36,p1865
p36,p1727
p37,p352
p25,p1314
p38,p1009
p38,p1874
p38,p1542
p38,p848
p38,p1236
p38,p1002
p39,p1936
p39,p1278
p39,p793
p39,p1730
p39,p1275
p39,p1294
p40,p1598
p40,p828
p40,p629
p40,p868
p40,p1957
p40,p421
p41,p377
p41,p1089
p41,p1718
p41,p1866
p41,p1345
p41,p1083
p42,p783
p42,p1723
p42,p1362
p42,p372
p42,p749
p42,p1173
p43,p445
p43,p932
p43,p1367
p43,p1782
p43,p1871
p43,p68
p44,p1359
p44,p531
p44,p1240
p44,p1257
p44,p1079
p44,p1840
p45,p460
p46,p1680
p46,p658
p46,p856
p46,p107
p46,p255
p46,p405
p47,p1461
p47,p80
p47,p1432
p47,p575
p47,p1857
p47,p823
p48,p1955
p48,p506
p48,p940
p48,p262
p48,p1244
p48,p870
p49,p1482
p49,p1691
p49,p1629
p49,p1190
p49,p1785
p49,p1731
p50,p483
p50,p659
p50,p755
p50,p1851
p50,p1491
p50,p1067
p51,p750
p51,p558
p51,p1949
p51,p1551
p51,p1596
p51,p300
p52,p743
p52,p1322
p52,p527
p52,p1995
p52,p1710
p52,p1396
p53,p59
p53,p1554
p53,p1137
p53,p1400
p53,p1878
p53,p600
p54,p941
p54,p960
p54,p1168
p54,p1952
p54,p98
p54,p249
p55,p608
p55,p1741
p55,p1981
p55,p1746
p55,p1990
p55,p1029
p56,p233
p56,p1443
p56,p1283
p56,p1914
p56,p1607
p56,p1488
p57,p850
p57,p1098
p57,p945
p57,p834
p57,p1102
p57,p468
p58,p1489
p58,p724
p58,p1136
p58,p1337
p58,p1011
p58,p419
p59,p1137
p53,p1165
p53,p168
p60,p165
p60,p221
p60,p1311
p60,p142
p60,p1546
p60,p814
p62,p1971
p62,p1937
p16,p62
p16,p829
p63,p1528
p63,p491
p63,p1814
p63,p163
p63,p1543
p63,p1665
p64,p83
p64,p1087
p64,p1664
p64,p1803
p64,p952
p64,p1790
p65,p1848
p65,p285
p65,p1857
p65,p80
p65,p1461
p65,p407
p66,p1067
p66,p113
p66,p659
p66,p483
p66,p1455
p66,p830
p67,p1354
p67,p1870
p67,p1625
p67,p415
p67,p680
p67,p1394
p68,p1367
p68,p445
p43,p193
p43,p1781
p69,p1836
p69,p1292
p69,p1701
p69,p1849
p69,p1344
p69,p813
p70,p389
p70,p1304
p70,p1124
p70,p123
p70,p1475
p70,p1967
p71,p741
p1,p1966
p72,p1002
p72,p865
p72,p661
p72,p1339
p72,p1009
p72,p848
p73,p585
p73,p858
p73,p800
p73,p912
p73,p1082
p73,p1094
p74,p1616
p74,p1063
p74,p525
p74,p869
p74,p1767
p74,p1246
p75,p1823
p75,p680
p75,p1525
p75,p1394
p75,p1870
p75,p1625
p76,p470
p76,p1905
p76,p1777
p76,p1146
p76,p597
p76,p1427
p77,p1883
p77,p516
p77,p1015
p77,p1368
p77,p270
p77,p1804
p78,p1502
p78,p1352
p78,p806
p78,p1236
p78,p115
p78,p401
p79,p208
p79,p902
p79,p650
p79,p1512
p79,p572
p79,p411
p80,p1461
p80,p1857
p80,p1848
p80,p285
p47,p65
p81,p1016
p81,p86
p81,p594
p81,p378
p81,p550
p81,p1909
p82,p1873
p82,p1360
p82,p1097
p82,p1831
p82,p976
p82,p1539
p64,p1167
p64,p1885
p64,p1448
p84,p663
p84,p1026
p84,p1977
p84,p1331
p84,p874
p84,p1239
p85,p1677
p85,p995
p85,p512
p85,p1227
p85,p498
p85,p117
p86,p1016
p81,p264
p81,p953
p87,p1102
p87,p1273
p87,p850
p57,p87
p57,p1584
p88,p1781
p88,p1171
p88,p582
p88,p1040
p88,p1175
p88,p175
p89,p1886
p89,p348
p89,p1765
p89,p529
p89,p369
p89,p1030
p90,p654
p90,p570
p90,p432
p90,p1671
p90,p662
p90,p125
p91,p1242
p91,p1103
p91,p1092
p91,p1243
p91,p1939
p91,p1994
p92,p1217
p92,p788
p92,p705
p92,p1791
p92,p641
p92,p1435
p93,p177
p93,p933
p93,p1130
p93,p489
p93,p319
p93,p283
p94,p245
p94,p1621
p94,p988
p94,p115
p94,p401
p94,p806
p95,p1604
p95,p1843
p95,p1473
p95,p692
p95,p754
p95,p1728
p96,p1727
p96,p128
p96,p610
p96,p1517
p96,p1989
p96,p367
p97,p773
p97,p1323
p97,p603
p97,p1244
p97,p1801
p97,p914
p98,p1952
p98,p960
p98,p941
p54,p252
p99,p683
p99,p822
p99,p289
p99,p1496
p99,p1604
p99,p752
p100,p884
p100,p1530
p100,p1764
p100,p825
p100,p1808
p100,p1985
p101,p1481
p101,p1951
p101,p1986
p101,p292
p101,p599
p101,p1668
p102,p1687
p102,p883
p102,p955
p102,p1780
p102,p1463
p102,p399
p103,p1064
p103,p557
p103,p277
p103,p1818
p103,p1003
p103,p262
p104,p1750
p104,p1884
p104,p1014
p104,p1203
p104,p227
p104,p859
p105,p729
p105,p579
p105,p1536
p105,p188
p105,p721
p105,p1792
p106,p480
p106,p1740
p106,p384
p106,p356
p106,p1474
p106,p493
p107,p856
p107,p405
p46,p1001
p46,p1831
p108,p848
p108,p288
p108,p803
p108,p516
p108,p1015
p108,p1804
p109,p1739
p109,p1320
p109,p1516
p110,p1732
p110,p251
p110,p1534
p110,p1180
p110,p968
p110,p1901
p111,p447
p111,p854
p111,p1261
p111,p574
p111,p1128
p111,p1486
p112,p958
p112,p1503
p112,p1467
p112,p443
p112,p1771
p112,p1572
p113,p1067
p113,p1455
p66,p333
p114,p353
p114,p700
p114,p1708
p114,p655
p114,p147
p114,p180
p115,p806
p115,p401
p115,p1502
p115,p1236
p115,p1352
p115,p988
p116,p1365
p116,p423
p116,p611
p116,p1444
p117,p498
p117,p1770
p117,p995
p117,p1000
p117,p343
p117,p1677
p118,p490
p118,p1309
p118,p1658
p118,p1168
p118,p941
p54,p118
p119,p1363
p119,p1984
p119,p1280
p119,p1976
p119,p190
p119,p307
p120,p1214
p120,p1800
p120,p1385
p120,p981
p120,p801
p120,p1504
p121,p145
p33,p1247
p122,p696
p122,p299
p122,p1472
p122,p517
p122,p302
p122,p733
p123,p1304
p123,p389
p70,p509
p70,p178
p124,p1421
p124,p439
p124,p1101
p124,p407
p124,p1326
p124,p1432
p125,p1671
p125,p519
p125,p570
p125,p1860
p125,p566
p126,p1223
p126,p1544
p126,p388
p126,p1682
p126,p1119
p126,p1788
p127,p1276
p127,p1820
p127,p1716
p127,p711
p127,p250
p7,p127
p128,p1727
p96,p1755
p129,p774
p129,p927
p129,p769
p129,p974
p129,p1933
p129,p1138
p130,p539
p130,p442
p130,p938
p130,p852
p130,p479
p130,p1156
p131,p1570
p131,p1514
p131,p704
p131,p544
p131,p284
p131,p1221
p132,p1915
p132,p559
p132,p1756
p132,p1182
p132,p1623
p132,p1719
p133,p1852
p133,p1834
p133,p461
p133,p714
p133,p207
p133,p1812
p134,p1429
p134,p1896
p134,p1141
p134,p468
p134,p1492
p134,p313
p135,p1564
p135,p875
p135,p464
p135,p1644
p135,p812
p135,p917
p136,p652
p136,p1427
p136,p1146
p136,p1978
p136,p1600
p136,p470
p137,p1262
p137,p1246
p137,p967
p137,p708
p137,p1571
p137,p1587
p138,p1641
p138,p965
p4,p835
p139,p1853
p139,p1956
p139,p358
p139,p1739
p139,p1516
p109,p139
p140,p544
p140,p1514
p140,p1705
p140,p217
p140,p1842
p140,p584
p141,p1013
p141,p383
p141,p222
p141,p1071
p141,p513
p141,p831
p60,p1049
p60,p322
p60,p1364
p143,p499
p143,p218
p143,p916
p143,p1133
p143,p1632
p143,p1881
p144,p1237
p144,p948
p144,p248
p144,p811
p144,p861
p144,p1714
p121,p460
p45,p121
p146,p1996
p146,p1207
p146,p1173
p146,p1449
p146,p1723
p42,p146
p147,p353
p147,p1148
p5,p1708
p5,p114
p148,p295
p148,p1810
p148,p1628
p148,p193
p148,p785
p148,p169
p149,p1177
p149,p1794
p149,p1934
p149,p1285
p149,p968
p149,p332
p150,p1238
p150,p1657
p150,p1012
p150,p947
p150,p830
p150,p1047
p151,p497
p151,p974
p151,p1138
p151,p853
p151,p1890
p151,p1638
p152,p1380
p152,p1409
p152,p342
p152,p1430
p152,p1593
p152,p1287
p153,p843
p153,p337
p153,p905
p153,p878
p153,p1633
p153,p467
p154,p1107
p154,p1987
p154,p1258
p154,p1462
p154,p1676
p154,p667
p155,p1157
p155,p231
p155,p1141
p155,p631
p155,p1000
p155,p1429
p156,p364
p156,p453
p156,p1353
p156,p1297
p156,p807
p156,p1634
p157,p855
p157,p1622
p157,p1495
p157,p1757
p157,p919
p157,p1356
p158,p1422
p158,p994
p158,p1561
p158,p613
p158,p899
p158,p726
p159,p1076
p159,p665
p159,p1688
p159,p1734
p159,p553
p159,p1218
p160,p462
p160,p1862
p160,p1338
p160,p1563
p160,p1069
p160,p1096
p161,p1175
p161,p932
p68,p161
p68,p1509
p162,p465
p162,p1654
p162,p1195
p162,p1773
p162,p276
p162,p1437
p163,p1665
p163,p937
p163,p1199
p163,p1684
p163,p325
p163,p1575
p164,p1019
p60,p1017
p166,p561
p166,p264
p166,p837
p86,p166
p86,p953
p86,p1909
p167,p522
p167,p749
p167,p1362
p167,p1979
p167,p578
p167,p985
p168,p1178
p168,p1137
p168,p1680
p168,p255
p59,p168
p59,p1878
p169,p172
p169,p1707
p169,p295
p169,p1673
p148,p1595
p170,p1847
p170,p560
p170,p852
p170,p539
p170,p1220
p170,p1398
p171,p1212
p171,p225
p171,p796
p171,p1352
p171,p1702
p171,p808
p172,p1707
p172,p1595
p169,p676
p169,p1918
p173,p826
p173,p1025
p0,p1662
p174,p970
p174,p1586
p174,p327
p174,p481
p174,p1646
p174,p972
p175,p1040
p175,p582
p175,p1628
p175,p203
p175,p1021
p175,p234
p176,p1662
p176,p1025
p176,p991
p177,p933
p177,p1130
p93,p571
p93,p874
p93,p663
p178,p306
p123,p178
p123,p1888
p123,p1189
p123,p452
p179,p863
p179,p348
p179,p1886
p179,p1903
p179,p1030
p179,p366
p180,p1708
p8,p114
p8,p700
p181,p829
p181,p1937
p181,p1890
p181,p530
p181,p497
p181,p779
p182,p457
p182,p824
p182,p494
p182,p1663
p182,p1247
p182,p1287
p183,p1111
p183,p1938
p183,p1288
p183,p1659
p183,p924
p183,p961
p184,p254
p184,p726
p184,p1527
p184,p1426
p184,p1505
p184,p1793
p185,p1164
p185,p1985
p185,p456
p185,p690
p185,p825
p185,p363
p186,p925
p186,p370
p186,p340
p186,p1031
p186,p1960
p186,p1179
p187,p385
p187,p679
p187,p548
p187,p1926
p187,p959
p187,p293
p188,p1536
p188,p729
p188,p721
p105,p1393
p189,p1532
p189,p1640
p189,p1958
p189,p226
p189,p1786
p189,p586
p190,p307
p190,p1984
p190,p482
p119,p301
p191,p1073
p191,p591
p191,p374
p191,p845
p191,p703
p191,p844
p192,p416
p192,p660
p192,p1499
p192,p1458
p192,p239
p12,p192
p193,p295
p148,p1781
p68,p148
p194,p1395
p194,p546
p194,p552
p194,p1903
p194,p550
p194,p376
p195,p1389
p195,p271
p195,p1206
p195,p1049
p195,p709
p195,p1700
p196,p868
p196,p1174
p40,p196
p40,p560
p197,p1208
p197,p1935
p197,p211
p197,p688
p197,p1827
p197,p1816
p198,p681
p198,p845
p198,p1885
p198,p703
p198,p1167
p198,p1104
p199,p1270
p199,p1583
p199,p514
p199,p1345
p199,p1866
p199,p1089
p200,p1018
p200,p1065
p200,p1027
p200,p1340
p200,p1313
p200,p786
p201,p1717
p201,p1674
p201,p1726
p201,p1285
p201,p332
p149,p201
p202,p315
p202,p1569
p202,p1411
p202,p1845
p202,p1369
p202,p621
p203,p234
p203,p537
p203,p1040
p175,p1648
p175,p627
p204,p413
p204,p1669
p204,p216
p204,p780
p204,p671
p204,p944
p205,p1982
p205,p1183
p205,p368
p205,p563
p205,p1940
p205,p1784
p206,p668
p206,p1423
p206,p1742
p206,p293
p206,p959
p206,p1932
p207,p583
p207,p1547
p207,p1619
p207,p1552
p207,p1898
p207,p543
p208,p597
p208,p411
p79,p751
p79,p1777
p209,p1522
p209,p1200
p209,p1737
p209,p1023
p209,p274
p210,p788
p210,p964
p210,p232
p210,p1820
p210,p1963
p7,p210
p211,p688
p197,p266
p212,p911
p212,p1469
p212,p1350
p212,p1306
p212,p1114
p212,p1123
p213,p1201
p213,p354
p213,p757
p213,p317
p213,p1775
p213,p1275
p214,p412
p214,p575
p214,p303
p214,p1524
p214,p431
p214,p817
p215,p1793
p30,p254
p216,p780
p216,p944
p216,p671
p216,p1669
p204,p1639
p217,p1705
p217,p279
p217,p1397
p140,p1133
p218,p499
p219,p895
p219,p339
p219,p1580
p219,p580
p219,p710
p219,p1060
p220,p1506
p220,p1822
p220,p857
p220,p1446
p220,p1084
p220,p318
p221,p1311
p222,p1071
p23,p141
p23,p1013
p223,p1370
p223,p1293
p223,p1575
p223,p1684
p223,p1577
p223,p1169
p224,p475
p224,p881
p224,p1058
p224,p1807
p224,p630
p224,p1444
p225,p846
p78,p171
p78,p1520
p78,p1212
p226,p586
p189,p1744
p189,p1597
p227,p1014
p227,p1750
p104,p524
p104,p1253
p104,p767
p228,p1484
p228,p300
p228,p1596
p51,p228
p229,p1946
p229,p1465
p229,p1678
p229,p1692
p229,p463
p229,p459
p230,p1299
p230,p1846
p230,p1624
p230,p1413
p230,p1764
p230,p1724
p231,p343
p231,p744
p231,p1770
p231,p1000
p117,p231
p117,p155
p232,p964
p210,p357
p210,p1217
p56,p1305
p203,p627
p203,p1021
p235,p429
p235,p1815
p235,p605
p235,p1239
p235,p1300
p235,p805
p236,p1900
p236,p839
p236,p1776
p236,p1414
p236,p1447
p236,p1704
p237,p1897
p237,p1716
p237,p748
p237,p886
p237,p699
p237,p1276
p238,p1733
p238,p1950
p238,p316
p238,p892
p238,p1737
p238,p904
p239,p416
p239,p309
p239,p660
p239,p1908
p239,p1960
p240,p398
p240,p488
p240,p1425
p240,p503
p240,p890
p240,p1336
p241,p1693
p241,p1402
p241,p275
p241,p1255
p241,p305
p241,p1553
p242,p934
p242,p540
p242,p520
p242,p1774
p242,p673
p242,p282
p243,p1997
p243,p851
p243,p1722
p243,p1953
p243,p1545
p243,p1745
p244,p1805
p244,p1867
p244,p1964
p244,p485
p244,p939
p244,p947
p245,p1621
p94,p989
p246,p1891
p246,p1120
p246,p333
p246,p1501
p113,p246
p113,p1917
p247,p1357
p247,p649
p2,p1614
p2,p1735
p248,p948
p248,p861
p248,p554
p144,p998
p249,p616
p249,p720
p249,p1438
p250,p1716
p250,p1675
p250,p1194
p250,p1276
p250,p1205
p250,p1763
p251,p1901
p251,p1774
p251,p540
p251,p968
p251,p1343
p251,p282
p252,p313
p252,p397
p252,p1492
p98,p252
p98,p1042
p253,p312
p253,p1701
p253,p1487
p253,p328
p253,p1849
p253,p1292
p184,p308
p255,p1178
p255,p643
p255,p1720
p46,p168
p46,p1725
p256,p328
p256,p1487
p256,p1466
p256,p486
p256,p603
p256,p1801
p257,p1583
p257,p1270
p35,p1866
p35,p199
p35,p1345
p258,p1291
p258,p1460
p258,p1768
p258,p762
p258,p1117
p258,p1376
p259,p268
p259,p1440
p259,p1044
p259,p818
p259,p469
p259,p1330
p260,p1685
p260,p508
p260,p1398
p260,p604
p260,p1220
p260,p1113
p261,p702
p261,p1976
p261,p1280
p261,p1224
p119,p261
p119,p1591
p262,p1818
p262,p870
p262,p1704
p262,p1955
p262,p1447
p262,p557
p263,p513
p263,p383
p263,p382
p263,p1617
p141,p263
p141,p1399
p264,p953
p264,p1909
p265,p1074
p265,p394
p265,p1887
p265,p351
p265,p1199
p265,p1672
p266,p688
p266,p1608
p266,p1935
p211,p266
p197,p885
p267,p446
p267,p986
p267,p1315
p267,p390
p267,p1434
p20,p267
p269,p1772
p269,p1329
p269,p323
p269,p687
p269,p1346
p269,p361
p270,p1368
p270,p735
p270,p1883
p270,p478
p270,p1339
p271,p1206
p271,p1700
p271,p1389
p195,p645
p272,p1155
p272,p1148
p272,p1578
p272,p1253
p272,p524
p272,p767
p273,p1196
p18,p555
p18,p1409
p18,p1850
p26,p1200
p275,p1402
p275,p1693
p241,p1944
p276,p1195
p276,p1983
p276,p1654
p162,p747
p162,p1880
p277,p1003
p277,p1254
p277,p1776
p277,p1064
p103,p1126
p278,p1709
p278,p380
p278,p392
p278,p1174
p196,p278
p30,p196
p279,p1133
p217,p455
p217,p1881
p217,p218
p280,p432
p280,p326
p90,p280
p90,p1557
p90,p1565
p281,p815
p281,p787
p281,p462
p160,p281
p160,p846
p282,p1343
p282,p1351
p282,p520
p282,p1774
p282,p1901
p282,p540
p283,p319
p283,p1697
p283,p489
p93,p1405
p93,p1464
p284,p1698
p284,p435
p284,p1105
p284,p1221
p284,p1570
p285,p1848
p286,p487
p286,p1391
p286,p440
p286,p369
p286,p1765
p286,p635
p287,p1038
p287,p882
p287,p1980
p287,p1456
p287,p602
p287,p628
p288,p803
p108,p1925
p108,p987
p108,p963
p289,p683
p289,p1496
p289,p822
p289,p1892
p289,p1649
p289,p1667
p290,p1159
p290,p1325
p290,p1877
p290,p1943
p290,p1973
p290,p647
p291,p946
p291,p1872
p291,p1576
p291,p1431
p291,p621
p291,p721
p292,p1951
p292,p1541
p292,p1039
p292,p1020
p293,p959
p293,p1742
p187,p206
p294,p1121
p294,p1760
p294,p1959
p294,p308
p294,p1527
p254,p294
p296,p476
p296,p1587
p296,p1612
p296,p1262
p296,p1694
p296,p1571
p297,p495
p297,p1407
p297,p1969
p297,p390
p297,p1683
p298,p521
p298,p1916
p298,p1594
p298,p922
p298,p1778
p298,p1546
p122,p1513
p300,p1596
p228,p791
p51,p1484
p301,p1591
p190,p301
p190,p1224
p299,p302
p299,p1472
p303,p817
p303,p412
p303,p1524
p303,p1713
p304,p1690
p304,p1284
p304,p982
p304,p813
p304,p1344
p304,p1500
p305,p1255
p305,p898
p305,p871
p305,p1694
p178,p452
p178,p1189
p178,p450
p178,p1869
p178,p1888
p307,p482
p190,p1044
p190,p1330
p254,p308
p254,p1104
p184,p294
p184,p215
p309,p1960
p309,p1908
p239,p909
p239,p925
p310,p1271
p310,p1405
p310,p1531
p310,p1193
p310,p1088
p310,p689
p311,p1336
p311,p890
p311,p1513
p311,p517
p311,p503
p311,p1425
p312,p1701
p253,p1344
p253,p1864
p252,p1896
p252,p1042
p134,p252
p314,p1161
p314,p1840
p314,p1033
p314,p1257
p314,p622
p314,p1359
p315,p1569
p202,p1895
p202,p1922
p316,p1950
p316,p1733
p316,p1022
p238,p697
p317,p354
p317,p757
p317,p459
p213,p1185
p220,p1484
p220,p556
p220,p897
p319,p489
p3,p93
p3,p1902
p320,p1150
p320,p1211
p320,p508
p320,p1685
p320,p619
p320,p1071
p321,p910
p321,p1651
p321,p1738
p321,p1809
p321,p592
p321,p1559
p322,p1364
p322,p723
p322,p1017
p322,p1920
p142,p322
p142,p165
p323,p361
p323,p355
p16,p1772
p16,p1636
p324,p1712
p324,p1187
p324,p530
p324,p1890
p324,p337
p153,p324
p325,p1314
p325,p1605
p325,p1135
p325,p352
p326,p1557
p326,p1565
p280,p936
p280,p350
p280,p344
p327,p481
p327,p820
p327,p536
p327,p1646
p174,p1601
p328,p1487
p253,p256
p253,p1466
p253,p603
p329,p646
p329,p1920
p329,p1660
p29,p1930
p330,p717
p330,p338
p330,p1588
p330,p625
p330,p413
p330,p1497
p331,p1066
p331,p1715
p331,p1830
p331,p984
p331,p1222
p331,p1995
p332,p1285
p332,p1456
p332,p1717
p332,p1726
p333,p1891
p113,p1501
p334,p502
p334,p1049
p334,p1389
p334,p1769
p195,p334
p195,p920
p335,p414
p335,p1601
p335,p1711
p335,p1879
p335,p643
p335,p639
p336,p624
p336,p1005
p336,p725
p33,p336
p33,p1566
p337,p1890
p153,p1712
p153,p1187
p338,p717
p338,p1588
p338,p625
p330,p1899
p330,p1491
p339,p1580
p219,p664
p219,p1861
p340,p1179
p186,p977
p186,p1415
p341,p889
p341,p1479
p341,p789
p341,p1562
p341,p713
p341,p1879
p342,p1430
p342,p1287
p152,p1247
p117,p744
p344,p350
p344,p1051
p344,p1007
p344,p936
p344,p1533
p344,p722
p345,p736
p345,p1599
p345,p454
p345,p424
p345,p1151
p345,p614
p346,p1142
p346,p693
p346,p1731
p346,p1190
p346,p1993
p346,p1785
p347,p785
p347,p1810
p347,p1628
p347,p1817
p347,p1653
p175,p347
p348,p1886
p348,p863
p89,p179
p349,p1844
p349,p1312
p349,p1966
p349,p1144
p349,p1839
p349,p741
p350,p1007
p350,p936
p350,p1051
p344,p367
p351,p1887
p351,p1978
p351,p394
p351,p1600
p351,p1216
p136,p351
p37,p1314
p25,p1605
p114,p1148
p213,p459
p356,p480
p356,p1832
p356,p493
p356,p607
p356,p1537
p357,p1115
p357,p686
p232,p357
p232,p962
p232,p562
p358,p1956
p139,p1256
p139,p1930
p29,p139
p359,p1724
p359,p653
p359,p1154
p359,p1149
p359,p1041
p359,p1413
p24,p879
p323,p1971
p362,p1079
p362,p505
p362,p1240
p362,p1840
p44,p362
p363,p825
p363,p1198
p363,p1459
p363,p884
p363,p690
p363,p716
p364,p807
p156,p515
p156,p1031
p156,p1415
p365,p1782
p365,p1509
p365,p772
p365,p1871
p365,p932
p365,p445
p366,p782
p366,p1631
p366,p1903
p366,p369
p366,p863
p367,p1533
p367,p610
p367,p1007
p367,p936
p350,p367
p96,p350
p368,p563
p205,p638
p205,p1373
p348,p366
p179,p1765
p370,p1960
p370,p909
p370,p1179
p371,p923
p371,p950
p371,p523
p371,p1181
p371,p1315
p371,p1566
p372,p1062
p372,p1723
p372,p1129
p372,p1140
p42,p1629
p373,p1647
p373,p577
p373,p1428
p373,p707
p373,p1332
p373,p1056
p374,p845
p374,p1073
p374,p591
p191,p681
p375,p1332
p375,p577
p375,p1812
p375,p1428
p373,p375
p376,p552
p376,p472
p376,p805
p376,p550
p41,p1797
p378,p594
p378,p866
p378,p1030
p81,p1886
p379,p595
p379,p744
p379,p730
p379,p1492
p379,p1201
p231,p379
p380,p1174
p196,p374
p196,p845
p381,p851
p381,p1997
p381,p1988
p381,p1722
p243,p381
p243,p1537
p382,p1617
p263,p1736
p263,p1399
p383,p513
p141,p1617
p384,p1740
p384,p607
p384,p1832
p384,p1893
p384,p480
p187,p571
p386,p415
p386,p433
p386,p1752
p21,p1354
p21,p1127
p387,p1036
p387,p759
p387,p1694
p387,p1650
p387,p1656
p387,p1612
p388,p1501
p126,p1047
p126,p246
p126,p333
p389,p1304
p390,p1683
p20,p297
p20,p495
p391,p1851
p391,p491
p50,p391
p50,p1582
p392,p1231
p392,p395
p392,p1515
p392,p587
p392,p1709
p392,p1610
p393,p983
p393,p1826
p393,p772
p393,p410
p393,p1959
p393,p1333
p351,p949
p395,p1610
p395,p1231
p395,p1515
p392,p992
p396,p1889
p396,p1821
p396,p1118
p396,p1788
p396,p939
p396,p485
p252,p1185
p398,p488
p240,p895
p219,p240
p399,p1581
p399,p1463
p399,p1780
p399,p955
p399,p596
p399,p1806
p400,p1400
p400,p1165
p400,p537
p400,p627
p27,p615
p115,p989
p115,p1874
p402,p833
p402,p648
p402,p894
p402,p1260
p402,p706
p402,p1735
p403,p1579
p403,p954
p403,p1268
p403,p1084
p403,p1441
p403,p823
p404,p1448
p404,p1760
p404,p732
p404,p1885
p404,p1167
p308,p404
p107,p1539
p107,p976
p107,p1725
p107,p1831
p406,p1156
p406,p651
p406,p938
p406,p966
p406,p442
p406,p1451
p407,p1326
p407,p439
p124,p285
p124,p1848
p408,p1219
p408,p1283
p408,p1290
p408,p1443
p408,p1162
p408,p1914
p409,p1125
p409,p1824
p409,p1787
p409,p1450
p409,p1420
p409,p798
p410,p1160
p410,p983
p410,p1959
p393,p1527
p411,p751
p411,p657
p25,p208
p25,p597
p204,p330
p204,p717
p204,p876
p335,p1720
p386,p1354
p21,p67
p21,p433
p416,p660
p192,p1908
p192,p309
p417,p1828
p417,p1229
p417,p1410
p417,p1077
p417,p420
p417,p1324
p418,p1234
p418,p536
p418,p1393
p418,p481
p418,p820
p418,p713
p419,p626
p419,p1489
p58,p919
p58,p1233
p420,p962
p420,p1115
p420,p686
p417,p1170
p357,p417
p421,p604
p421,p1220
p421,p1398
p422,p1584
p422,p835
p422,p1273
p422,p1641
p422,p1019
p422,p965
p116,p881
p116,p1225
p424,p454
p424,p1559
p424,p1151
p424,p838
p424,p736
p425,p1252
p425,p1325
p425,p1642
p425,p1139
p425,p1159
p425,p647
p426,p984
p426,p1215
p426,p1715
p426,p771
p426,p1166
p426,p1245
p427,p1205
p427,p711
p427,p841
p427,p1194
p427,p1675
p427,p1406
p428,p1837
p428,p1802
p428,p500
p428,p1166
p428,p1294
p428,p793
p430,p722
p430,p853
p430,p1523
p430,p1075
p430,p1321
p430,p1197
p431,p1991
p431,p1927
p431,p677
p412,p431
p432,p570
p90,p519
p386,p1474
p386,p1127
p386,p633
p106,p386
p434,p1078
p434,p956
p434,p1321
p434,p1523
p434,p883
p434,p781
p435,p1221
p436,p1968
p436,p1994
p436,p1261
p436,p1939
p436,p854
p436,p447
p437,p1841
p437,p1096
p437,p1069
p437,p1563
p437,p1338
p437,p896
p438,p756
p438,p1518
p438,p533
p438,p1819
p438,p1226
p438,p1992
p439,p1421
p440,p1391
p440,p487
p286,p913
p286,p877
p286,p1452
p441,p1163
p441,p526
p441,p1275
p441,p1775
p441,p1227
p441,p512
p442,p938
p130,p406
p130,p473
p443,p1503
p112,p1613
p444,p887
p444,p832
p444,p1663
p444,p494
p444,p1631
p444,p1911
p445,p932
p43,p1509
p11,p390
p11,p986
p11,p1683
p11,p1407
p111,p436
p448,p511
p448,p1403
p448,p745
p448,p1337
p448,p1251
p448,p545
p449,p1975
p449,p747
p449,p1480
p449,p1568
p449,p632
p449,p1122
p450,p1869
p450,p630
p450,p1172
p450,p1070
p450,p452
p450,p509
p451,p1109
p451,p989
p451,p988
p451,p1621
p451,p1874
p245,p451
p452,p1807
p452,p630
p306,p452
p306,p450
p306,p1869
p306,p1371
p364,p453
p156,p1923
p345,p1559
p455,p1881
p455,p1133
p455,p1632
p218,p455
p218,p279
p456,p1985
p185,p1764
p185,p884
p182,p1263
p182,p1911
p458,p1516
p458,p1928
p458,p1739
p109,p458
p459,p1185
p459,p1042
p317,p1465
p461,p714
p461,p1812
p461,p1834
p461,p1967
p461,p1034
p461,p1332
p463,p1678
p463,p1433
p463,p1946
p463,p1692
p229,p1438
p464,p917
p464,p1564
p135,p1783
p135,p925
p162,p1558
p162,p1355
p466,p678
p466,p1625
p466,p1394
p466,p1508
p466,p926
p466,p1144
p467,p878
p467,p1075
p467,p843
p467,p722
p153,p430
p468,p834
p468,p1574
p468,p945
p469,p1729
p469,p739
p268,p469
p268,p592
p268,p569
p470,p1146
p76,p652
p471,p590
p471,p1894
p6,p471
p472,p552
p472,p550
p376,p1909
p376,p1016
p473,p966
p382,p473
p263,p442
p263,p1295
p474,p1375
p474,p1053
p474,p1526
p474,p1112
p474,p1692
p474,p978
p475,p881
p475,p1444
p224,p611
p224,p842
p296,p1650
p477,p827
p477,p1714
p477,p1307
p477,p811
p477,p915
p477,p606
p478,p735
p478,p661
p478,p865
p478,p1339
p478,p1841
p479,p1113
p479,p1295
p130,p260
p130,p1685
p106,p1832
p106,p607
p327,p418
p327,p1234
p307,p1330
p307,p1044
p190,p569
p483,p659
p50,p66
p50,p1899
p484,p1333
p410,p484
p410,p772
p393,p1160
p485,p939
p244,p1788
p486,p618
p486,p1864
p286,p1945
p398,p895
p219,p1425
p219,p503
p118,p1952
p98,p118
p491,p1921
p391,p1249
p63,p391
p63,p1582
p492,p506
p492,p870
p492,p507
p492,p1478
p262,p492
p493,p1953
p493,p760
p480,p493
p356,p1722
p494,p1663
p457,p494
p457,p1911
p182,p887
p495,p1407
p297,p737
p297,p1825
p496,p1571
p496,p1262
p496,p1836
p496,p1281
p137,p496
p69,p137
p151,p181
p151,p779
p500,p1747
p500,p793
p428,p1245
p428,p1730
p501,p1907
p501,p880
p501,p1319
p501,p1880
p501,p1112
p501,p1526
p503,p1425
p503,p890
p503,p1336
p240,p311
p504,p1758
p504,p715
p504,p1392
p504,p1611
p504,p1004
p504,p1795
p505,p1840
p505,p1257
p505,p1079
p362,p1359
p48,p492
p48,p1818
p48,p773
p492,p557
p508,p1685
p508,p1211
p260,p320
p260,p1094
p260,p1150
p509,p1475
p509,p1869
p10,p1124
p10,p123
p510,p1433
p510,p1438
p510,p720
p463,p510
p463,p1602
p463,p616
p448,p724
p512,p1227
p512,p526
p512,p1163
p512,p995
p85,p441
p141,p382
p141,p1295
p514,p1345
p514,p1083
p514,p1089
p514,p619
p514,p1797
p515,p807
p515,p1031
p364,p515
p364,p1783
p364,p925
p186,p364
p516,p1883
p516,p1015
p77,p108
p77,p1925
p517,p1513
p122,p1990
p122,p311
p518,p1757
p518,p1962
p11,p1495
p11,p157
p519,p1671
p519,p570
p519,p1277
p125,p610
p125,p432
p520,p1351
p521,p922
p521,p1594
p298,p709
p298,p645
p167,p1173
p523,p923
p523,p1181
p523,p950
p371,p624
p524,p1253
p524,p767
p524,p1155
p524,p584
p272,p1842
p525,p869
p525,p1616
p74,p1145
p526,p1163
p526,p1227
p527,p1322
p527,p1990
p527,p1981
p527,p696
p55,p527
p52,p55
p528,p1759
p528,p1627
p528,p1706
p528,p1126
p528,p1254
p528,p1228
p529,p866
p89,p378
p530,p1712
p324,p829
p181,p324
p181,p1187
p531,p1240
p532,p698
p532,p636
p532,p798
p532,p1093
p532,p1134
p532,p840
p533,p1819
p533,p1518
p533,p1540
p533,p1226
p438,p777
p534,p1912
p534,p1386
p534,p651
p534,p1451
p406,p534
p535,p1039
p292,p535
p292,p1233
p292,p1408
p234,p537
p234,p627
p234,p1021
p203,p400
p538,p931
p538,p1442
p538,p1184
p538,p1882
p538,p778
p538,p1445
p130,p170
p540,p934
p540,p1901
p540,p1774
p242,p251
p541,p740
p541,p1032
p541,p596
p541,p1806
p541,p1387
p541,p1811
p542,p1385
p542,p808
p542,p1302
p542,p1800
p542,p796
p542,p1702
p543,p963
p543,p1898
p543,p1619
p543,p1552
p543,p1547
p543,p583
p131,p140
p131,p1705
p131,p1842
p545,p1382
p545,p745
p545,p775
p448,p809
p448,p1080
p194,p782
p547,p645
p547,p1778
p547,p1361
p547,p1700
p547,p1594
p271,p547
p548,p1926
p385,p548
p549,p935
p549,p972
p549,p790
p549,p639
p549,p1601
p335,p549
p472,p1016
p472,p1909
p81,p472
p81,p546
p551,p1490
p551,p1609
p551,p1875
p15,p724
p553,p1734
p553,p815
p553,p665
p553,p1218
p553,p1485
p554,p998
p554,p861
p554,p948
p554,p1437
p554,p1773
p555,p1850
p555,p753
p555,p1593
p555,p1196
p273,p555
p273,p1409
p556,p1551
p556,p1484
p228,p556
p228,p318
p51,p897
p557,p870
p557,p1064
p557,p1818
p103,p507
p558,p1949
p558,p750
p132,p1966
p560,p1847
p170,p1390
p170,p196
p166,p953
p166,p1331
p166,p1909
p562,p1649
p562,p1667
p562,p1892
p357,p562
p289,p357
p289,p1115
p368,p1183
p205,p641
p564,p1387
p564,p1811
p564,p1933
p564,p769
p564,p1329
p564,p927
p565,p567
p565,p656
p565,p701
p565,p588
p565,p1228
p565,p1627
p566,p1860
p566,p662
p566,p753
p566,p1123
p566,p654
p566,p1850
p568,p847
p568,p1404
p568,p1286
p568,p1558
p568,p978
p465,p568
p569,p1330
p569,p1044
p482,p569
p307,p1729
p307,p1260
p432,p1671
p432,p519
p90,p1277
p571,p1130
p571,p933
p177,p571
p177,p1977
p177,p663
p177,p548
p352,p572
p573,p1648
p573,p1919
p573,p1416
p573,p1313
p573,p1132
p573,p615
p574,p831
p574,p1128
p574,p1013
p574,p943
p574,p1486
p47,p214
p47,p1524
p47,p1713
p576,p908
p576,p1230
p576,p1626
p576,p872
p576,p760
p576,p1752
p577,p1428
p578,p1979
p522,p578
p167,p1101
p167,p1432
p105,p1392
p580,p895
p219,p1859
p219,p1645
p219,p1567
p581,p628
p581,p1297
p581,p1644
p581,p1038
p581,p812
p581,p882
p582,p1040
p175,p1171
p583,p1547
p584,p1842
p584,p767
p584,p1259
p584,p1397
p584,p1705
p584,p1253
p586,p1744
p226,p1597
p587,p1426
p587,p1515
p587,p1231
p587,p1505
p158,p587
p30,p158
p588,p1228
p588,p1627
p588,p1706
p588,p765
p565,p1759
p589,p1929
p289,p589
p471,p1213
p591,p703
p591,p1073
p591,p845
p592,p739
p592,p640
p592,p1651
p321,p469
p593,p1762
p593,p802
p593,p1928
p593,p1320
p593,p1470
p593,p1904
p595,p730
p379,p1042
p596,p1806
p596,p1032
p596,p740
p596,p1581
p597,p1777
p76,p208
p76,p751
p76,p411
p76,p650
p598,p1661
p598,p1854
p598,p891
p598,p1192
p598,p1076
p598,p728
p599,p849
p292,p599
p292,p737
p292,p1825
p600,p1274
p27,p1829
p27,p1838
p27,p1554
p601,p1743
p601,p1176
p601,p1072
p601,p1766
p601,p1634
p601,p602
p602,p1980
p602,p882
p602,p1176
p602,p1038
p602,p1186
p603,p1466
p603,p1801
p603,p1323
p97,p256
p604,p1220
p421,p852
p170,p421
p170,p260
p605,p1300
p605,p1815
p605,p1464
p235,p1271
p606,p915
p606,p860
p606,p1749
p606,p1556
p606,p1679
p606,p794
p607,p1832
p356,p384
p356,p821
p609,p1090
p609,p1139
p609,p1931
p609,p1252
p609,p1932
p609,p1986
p367,p1277
p96,p519
p611,p1444
p611,p881
p611,p1365
p423,p611
p423,p475
p612,p1318
p612,p1620
p612,p1152
p612,p1171
p612,p1384
p612,p627
p613,p899
p613,p1160
p613,p1561
p614,p1599
p345,p1098
p345,p850
p345,p1273
p615,p1416
p615,p1165
p615,p1648
p615,p1132
p615,p1919
p615,p1400
p54,p1433
p54,p510
p617,p1390
p617,p1059
p22,p1847
p618,p1864
p618,p1500
p486,p738
p8,p486
p8,p1284
p619,p1798
p619,p1150
p23,p514
p23,p1083
p620,p1607
p620,p1893
p233,p620
p56,p821
p56,p384
p621,p1411
p621,p946
p621,p1576
p202,p291
p202,p1872
p622,p1161
p622,p734
p622,p810
p314,p1266
p623,p787
p623,p1096
p437,p623
p33,p1005
p625,p717
p419,p1233
p627,p1021
p537,p627
p537,p1040
p234,p582
p234,p1171
p287,p581
p287,p1297
p629,p828
p629,p1598
p40,p912
p450,p1807
p631,p1157
p631,p1000
p631,p1770
p631,p910
p498,p631
p632,p1710
p632,p1396
p632,p1975
p632,p1122
p633,p1474
p633,p961
p633,p1740
p633,p1127
p433,p633
p106,p433
p634,p1521
p634,p1796
p634,p952
p634,p1664
p634,p1087
p634,p1876
p635,p1748
p635,p1606
p635,p832
p635,p1631
p635,p782
p635,p887
p636,p698
p636,p1093
p532,p1450
p637,p1970
p637,p1169
p637,p1577
p637,p1575
p637,p1272
p637,p1684
p638,p641
p638,p1373
p368,p638
p368,p705
p368,p1635
p639,p1317
p639,p935
p549,p643
p549,p1878
p592,p816
p592,p818
p592,p1809
p638,p705
p638,p1791
p92,p638
p92,p1728
p642,p684
p642,p794
p642,p1556
p642,p666
p642,p915
p642,p1961
p643,p1178
p255,p1317
p255,p1878
p255,p414
p154,p644
p154,p909
p154,p1179
p645,p1778
p645,p1594
p645,p709
p329,p1320
p29,p1920
p647,p1943
p647,p1642
p647,p1325
p647,p1328
p647,p1159
p402,p1614
p649,p1906
p650,p1512
p650,p1335
p208,p650
p76,p79
p651,p1451
p534,p1156
p136,p1777
p654,p662
p90,p1469
p90,p566
p90,p1860
p90,p1123
p655,p700
p114,p982
p567,p656
p567,p701
p565,p1686
p565,p1510
p565,p1779
p658,p1680
p46,p1919
p50,p830
p661,p865
p661,p1339
p661,p735
p478,p1804
p662,p1469
p654,p1123
p663,p1977
p84,p933
p664,p1060
p664,p710
p664,p778
p664,p1580
p664,p931
p339,p664
p665,p1218
p665,p1734
p665,p1076
p159,p598
p666,p975
p666,p743
p666,p1122
p642,p1568
p667,p682
p667,p1987
p667,p1107
p154,p1618
p206,p1090
p669,p1941
p669,p929
p669,p761
p669,p990
p669,p1383
p669,p1550
p670,p1699
p670,p1720
p670,p1590
p670,p1711
p670,p1573
p670,p1725
p671,p944
p216,p1639
p216,p1348
p672,p1265
p672,p921
p672,p1454
p672,p1191
p672,p1327
p672,p1589
p674,p1298
p674,p1686
p674,p1310
p674,p1827
p674,p1816
p674,p1510
p675,p1792
p675,p1431
p579,p675
p579,p1188
p579,p721
p579,p1576
p676,p1707
p676,p1085
p676,p1673
p676,p1721
p172,p676
p17,p172
p677,p1927
p677,p1991
p431,p1412
p431,p1116
p431,p1524
p678,p1625
p466,p680
p385,p679
p187,p1965
p187,p1902
p680,p1823
p680,p1394
p198,p1803
p154,p996
p683,p822
p99,p589
p642,p1714
p606,p642
p685,p1372
p685,p1041
p685,p885
p685,p1149
p685,p1154
p685,p1279
p686,p1115
p686,p962
p357,p420
p357,p1170
p687,p1346
p687,p1288
p687,p1938
p687,p1659
p183,p687
p211,p1935
p197,p1608
p689,p1088
p689,p1531
p689,p1434
p689,p1193
p690,p1052
p690,p1153
p690,p864
p690,p888
p690,p1164
p691,p1028
p691,p1961
p691,p1454
p691,p1589
p691,p1327
p691,p1741
p692,p1843
p692,p754
p95,p1670
p693,p1190
p693,p1731
p693,p1142
p693,p1785
p167,p694
p167,p1421
p167,p439
p695,p1202
p695,p1213
p6,p695
p6,p1219
p122,p527
p697,p1950
p316,p697
p238,p1022
p699,p1897
p699,p1763
p699,p1335
p237,p1512
p656,p701
p565,p674
p565,p1298
p119,p1745
p119,p1224
p591,p844
p591,p681
p704,p1570
p131,p839
p131,p1630
p131,p1900
p705,p1791
p705,p1435
p641,p705
p641,p1728
p92,p784
p648,p706
p247,p648
p247,p402
p247,p1735
p247,p1260
p247,p833
p707,p1647
p707,p1428
p373,p1034
p708,p967
p708,p1374
p708,p1057
p709,p1700
p271,p709
p195,p922
p710,p1060
p710,p1580
p339,p778
p711,p1205
p711,p1276
p7,p427
p7,p1716
p19,p1796
p19,p634
p713,p1393
p713,p1234
p341,p418
p341,p536
p504,p1188
p716,p1459
p716,p1203
p716,p1884
p716,p859
p363,p1530
p718,p1655
p718,p1418
p718,p957
p718,p894
p718,p1260
p718,p1924
p719,p1341
p719,p897
p719,p1446
p719,p1334
p719,p1713
p719,p1940
p616,p720
p616,p1438
p249,p510
p249,p1602
p249,p1433
p721,p1536
p721,p1431
p105,p1576
p430,p467
p430,p878
p723,p1017
p322,p1904
p322,p646
p724,p1337
p58,p1875
p726,p899
p184,p613
p158,p184
p158,p254
p727,p1999
p727,p1535
p727,p949
p727,p906
p727,p1216
p727,p1077
p728,p1192
p34,p1854
p105,p1006
p595,p1042
p379,p1185
p731,p1839
p731,p795
p731,p1147
p732,p1448
p83,p404
p733,p1472
p733,p1995
p299,p733
p622,p842
p622,p1010
p735,p1339
p345,p768
p737,p1969
p737,p1825
p737,p1020
p737,p849
p599,p737
p599,p1541
p738,p1232
p738,p1061
p738,p862
p738,p1091
p469,p592
p469,p1357
p469,p640
p469,p1651
p740,p1032
p541,p1581
p399,p541
p71,p1966
p1,p1312
p742,p1703
p742,p1603
p742,p1854
p742,p1661
p742,p1494
p742,p1192
p743,p975
p743,p1322
p52,p666
p52,p1122
p231,p595
p231,p1201
p231,p730
p745,p1382
p448,p1374
p746,p816
p746,p1677
p746,p1809
p746,p1738
p85,p746
p85,p640
p449,p1983
p748,p886
p748,p1905
p237,p1335
p76,p237
p167,p783
p411,p1777
p411,p1427
p411,p597
p752,p784
p752,p1269
p752,p1496
p752,p1954
p752,p822
p752,p1728
p753,p1850
p555,p566
p555,p1860
p555,p1123
p754,p1670
p754,p1843
p692,p1473
p755,p1491
p755,p1899
p438,p1928
p438,p802
p438,p458
p354,p757
p213,p1294
p758,p973
p758,p1349
p758,p759
p758,p914
p758,p1323
p758,p1487
p387,p1349
p387,p973
p387,p758
p760,p1953
p493,p1230
p243,p493
p243,p576
p761,p1941
p669,p1065
p669,p1282
p669,p1787
p762,p1460
p258,p1143
p763,p1652
p763,p786
p763,p1001
p763,p1027
p763,p1340
p763,p1018
p764,p1470
p764,p777
p24,p802
p24,p1904
p766,p1635
p766,p1417
p766,p1373
p766,p1381
p766,p1241
p766,p1301
p767,p1253
p524,p1842
p524,p1397
p524,p1259
p768,p1151
p736,p768
p736,p1158
p736,p838
p345,p835
p769,p1933
p769,p927
p129,p1387
p129,p564
p770,p1140
p770,p1099
p770,p903
p770,p1100
p770,p1207
p770,p930
p771,p1166
p771,p984
p771,p1802
p426,p1837
p426,p428
p365,p393
p365,p484
p365,p1333
p365,p983
p365,p1826
p97,p506
p48,p97
p48,p1478
p129,p779
p15,p1080
p15,p871
p15,p545
p776,p1248
p776,p840
p776,p1754
p776,p1134
p776,p873
p776,p901
p778,p931
p664,p1445
p538,p664
p538,p1060
p774,p779
p129,p497
p129,p1937
p781,p956
p781,p1078
p434,p1755
p434,p1687
p782,p1631
p366,p1606
p366,p832
p366,p635
p42,p167
p784,p1269
p784,p1954
p784,p1435
p784,p1728
p784,p1791
p785,p1810
p148,p347
p200,p763
p281,p623
p281,p1096
p788,p964
p92,p210
p92,p1963
p92,p232
p789,p1479
p341,p1872
p341,p1008
p790,p972
p790,p935
p549,p970
p174,p549
p791,p1596
p300,p791
p300,p1548
p228,p993
p792,p1424
p792,p1471
p792,p1913
p792,p1493
p792,p1235
p792,p1119
p793,p1730
p793,p1747
p500,p1245
p500,p1278
p39,p500
p794,p1556
p794,p915
p794,p860
p606,p684
p795,p1147
p795,p1839
p795,p1144
p731,p1312
p731,p1508
p796,p1702
p796,p1212
p796,p1974
p171,p542
p171,p893
p797,p1695
p797,p1779
p797,p1759
p797,p1627
p528,p797
p409,p532
p799,p969
p799,p1725
p799,p1573
p799,p1539
p405,p799
p405,p976
p800,p912
p73,p1957
p73,p629
p801,p1504
p801,p981
p801,p1214
p120,p1366
p120,p979
p593,p1518
p593,p764
p288,p1542
p288,p848
p108,p543
p429,p805
p429,p1815
p376,p429
p235,p376
p235,p552
p364,p917
p808,p1385
p808,p1800
p120,p542
p120,p1302
p120,p171
p809,p1080
p809,p871
p809,p898
p809,p1382
p775,p809
p810,p1266
p622,p1840
p314,p505
p811,p1237
p144,p477
p812,p1644
p812,p875
p135,p581
p135,p1913
p135,p1296
p813,p1344
p813,p1476
p69,p1690
p69,p304
p814,p1445
p814,p1442
p814,p931
p778,p814
p538,p1311
p281,p553
p281,p846
p281,p1862
p746,p1651
p640,p746
p817,p1524
p214,p1991
p640,p818
p268,p640
p259,p592
p259,p739
p819,p991
p819,p1753
p28,p826
p28,p1662
p821,p1893
p607,p821
p607,p620
p471,p607
p384,p471
p683,p1496
p99,p1269
p823,p1441
p823,p954
p403,p1289
p825,p884
p100,p363
p100,p185
p477,p1749
p828,p1598
p62,p181
p62,p1890
p62,p1043
p830,p1455
p830,p1067
p113,p830
p66,p1238
p222,p574
p832,p1606
p832,p887
p832,p1631
p402,p1924
p834,p945
p57,p1574
p835,p1019
p835,p1158
p164,p422
p164,p1584
p164,p1273
p836,p907
p836,p1043
p62,p836
p837,p1331
p561,p837
p561,p1026
p561,p1239
p84,p561
p838,p1151
p838,p1906
p2,p424
p2,p768
p839,p1900
p236,p704
p236,p1630
p840,p1134
p840,p1248
p776,p1093
p698,p776
p698,p1754
p427,p1519
p427,p1436
p734,p842
p734,p1058
p475,p734
p475,p1010
p475,p1033
p475,p1855
p843,p878
p153,p1075
p153,p722
p844,p1790
p703,p844
p191,p1803
p374,p703
p846,p1520
p225,p281
p225,p815
p225,p553
p847,p1404
p38,p108
p849,p1825
p3,p599
p3,p1948
p850,p1098
p57,p614
p851,p1722
p851,p1997
p243,p1988
p852,p1398
p539,p852
p539,p1220
p130,p604
p854,p1261
p111,p1939
p855,p1495
p855,p919
p107,p658
p857,p1084
p857,p1268
p857,p1822
p857,p1858
p857,p1506
p857,p1579
p858,p912
p859,p1045
p859,p1813
p861,p948
p248,p998
p248,p1237
p180,p862
p180,p738
p8,p1232
p8,p1061
p179,p369
p864,p1153
p864,p888
p864,p1052
p690,p1046
p690,p1198
p866,p1030
p378,p1886
p378,p529
p867,p1689
p867,p1561
p867,p1422
p613,p867
p868,p1598
p828,p868
p40,p1174
p74,p1457
p262,p506
p262,p507
p871,p898
p871,p1080
p305,p809
p305,p1024
p305,p775
p872,p1626
p872,p1377
p872,p908
p576,p1745
p576,p1545
p873,p1754
p873,p1248
p874,p1026
p874,p1239
p663,p874
p875,p1644
p876,p999
p876,p1917
p625,p876
p413,p625
p877,p1865
p804,p877
p36,p440
p36,p487
p879,p1540
p879,p1615
p360,p879
p360,p1555
p360,p777
p880,p1907
p881,p1444
p475,p611
p224,p1172
p224,p1070
p882,p1980
p287,p1186
p883,p1687
p102,p1321
p102,p1523
p100,p456
p885,p1372
p685,p1608
p685,p1504
p266,p685
p266,p1041
p444,p1606
p864,p1046
p890,p1336
p34,p1218
p34,p1379
p892,p904
p892,p1549
p893,p1974
p893,p1702
p893,p1302
p796,p893
p542,p1212
p894,p1260
p718,p833
p402,p718
p402,p957
p219,p488
p219,p398
p896,p1069
p220,p719
p613,p726
p900,p1114
p900,p1388
p900,p1633
p900,p905
p900,p1565
p900,p1557
p901,p1721
p19,p1085
p19,p776
p19,p1248
p79,p1335
p770,p1129
p238,p1249
p905,p1633
p905,p1388
p153,p900
p906,p1037
p906,p1272
p906,p1468
p906,p1672
p637,p906
p637,p727
p16,p836
p16,p1043
p21,p576
p909,p1960
p370,p1908
p309,p370
p309,p1179
p186,p309
p910,p1738
p321,p631
p321,p1157
p911,p1350
p911,p1306
p911,p951
p911,p1469
p858,p1957
p800,p858
p629,p800
p73,p828
p913,p1452
p913,p1391
p440,p913
p125,p440
p125,p1196
p914,p1323
p914,p1944
p914,p1553
p603,p914
p603,p758
p143,p1630
p917,p1783
p464,p925
p464,p515
p464,p807
p918,p1835
p159,p918
p159,p1862
p159,p462
p159,p160
p855,p1622
p157,p419
p157,p1489
p920,p1769
p920,p1920
p334,p920
p334,p1364
p322,p334
p322,p502
p521,p1546
p521,p709
p924,p1305
p924,p1283
p924,p1443
p183,p1346
p925,p1783
p186,p917
p926,p1508
p926,p1147
p926,p1144
p678,p926
p678,p795
p774,p927
p774,p1933
p769,p774
p928,p1249
p928,p1921
p928,p1549
p928,p1370
p904,p928
p929,p1941
p929,p1550
p929,p1383
p930,p1100
p930,p1099
p930,p1972
p930,p993
p930,p1449
p445,p1509
p242,p1901
p549,p1317
p549,p1829
p350,p1533
p937,p1665
p937,p1684
p163,p1970
p130,p651
p485,p1788
p244,p396
p940,p1244
p940,p1511
p940,p1105
p48,p1698
p942,p1419
p942,p1681
p942,p1923
p942,p1267
p453,p942
p453,p1353
p831,p943
p23,p1128
p23,p574
p291,p1845
p291,p1411
p947,p1012
p947,p1964
p947,p1657
p947,p1047
p947,p1867
p394,p949
p394,p1216
p394,p1535
p394,p727
p394,p1600
p923,p950
p951,p1306
p951,p1350
p911,p1593
p911,p1123
p952,p1664
p952,p1087
p952,p1796
p64,p634
p264,p1016
p264,p561
p264,p472
p86,p264
p954,p1579
p955,p1780
p955,p1463
p399,p883
p956,p1078
p31,p1687
p957,p1418
p718,p1048
p718,p1623
p54,p1678
p961,p1316
p961,p1659
p961,p1938
p183,p633
p962,p1115
p357,p1324
p543,p1542
p232,p788
p965,p1641
p406,p473
p406,p1912
p968,p1177
p968,p1934
p968,p1794
p149,p251
p149,p1901
p799,p997
p799,p1833
p799,p976
p174,p790
p971,p1274
p600,p971
p600,p1838
p387,p1323
p974,p1138
p129,p151
p666,p1568
p632,p666
p976,p1539
p976,p1831
p976,p997
p976,p1360
p82,p405
p977,p1415
p977,p1031
p340,p977
p340,p515
p186,p807
p978,p1053
p978,p1404
p847,p978
p847,p1286
p847,p1375
p979,p1366
p979,p1379
p979,p1485
p801,p979
p801,p1279
p801,p1856
p980,p1086
p980,p1204
p19,p1264
p19,p1760
p981,p1214
p981,p1504
p120,p885
p700,p982
p700,p1284
p700,p1690
p304,p700
p8,p304
p8,p655
p426,p1066
p331,p426
p331,p1166
p985,p1979
p522,p985
p522,p1173
p403,p522
p167,p403
p986,p1315
p986,p1434
p689,p986
p987,p1925
p987,p1786
p288,p987
p288,p1532
p288,p1958
p288,p1888
p988,p989
p401,p988
p401,p1109
p989,p1109
p988,p1874
p401,p451
p990,p1383
p669,p1653
p991,p1636
p991,p1662
p176,p819
p28,p176
p28,p1025
p992,p994
p395,p992
p395,p1422
p993,p1972
p993,p1548
p791,p930
p791,p1449
p791,p1100
p994,p1422
p158,p992
p158,p867
p158,p1689
p85,p1770
p996,p1023
p682,p996
p274,p682
p997,p1539
p997,p1833
p969,p976
p969,p1922
p999,p1917
p876,p1120
p876,p1891
p246,p625
p1000,p1770
p117,p631
p1001,p1652
p856,p1001
p107,p763
p107,p786
p107,p1360
p38,p72
p38,p865
p277,p1126
p277,p1414
p277,p1900
p1004,p1611
p1004,p1743
p1004,p1188
p1004,p1758
p601,p1004
p601,p1392
p1005,p1643
p336,p1592
p1006,p1795
p729,p1006
p105,p504
p1008,p1369
p1008,p1845
p1008,p1562
p1008,p1479
p1008,p1872
p1008,p1569
p1009,p1236
p38,p401
p38,p806
p13,p734
p13,p842
p13,p611
p1011,p1136
p1011,p1489
p1011,p1356
p58,p1622
p150,p1805
p831,p1013
p141,p574
p141,p1128
p141,p943
p516,p1925
p77,p1532
p1016,p1909
p165,p322
p165,p1904
p165,p1789
p164,p1158
p1020,p1541
p1020,p1039
p1020,p1947
p292,p1969
p627,p1040
p582,p627
p537,p582
p537,p1171
p316,p1200
p316,p1737
p209,p316
p209,p996
p1024,p1378
p871,p1024
p15,p898
p1018,p1027
p200,p1787
p691,p1746
p608,p691
p608,p1454
p608,p1961
p1029,p1746
p608,p1029
p55,p1028
p348,p378
p186,p515
p1033,p1855
p314,p842
p314,p734
p1034,p1428
p707,p1034
p707,p1967
p707,p1812
p577,p707
p577,p1647
p1035,p1371
p1035,p1585
p1035,p1358
p14,p1035
p14,p1807
p1039,p1541
p1041,p1149
p1041,p1154
p653,p685
p1042,p1185
p397,p1042
p397,p730
p397,p459
p397,p595
p62,p829
p1044,p1330
p482,p1044
p307,p569
p268,p307
p268,p1440
p455,p859
p888,p1046
p864,p1198
p1012,p1047
p150,p333
p1048,p1347
p1048,p1868
p1,p957
p1,p1418
p1,p1655
p502,p1049
p195,p502
p16,p28
p16,p1110
p1007,p1051
p31,p344
p1053,p1375
p474,p510
p1054,p1209
p1054,p1719
p1054,p1614
p1054,p1735
p4,p1054
p1055,p1784
p1055,p1982
p1055,p1183
p205,p1055
p205,p1551
p205,p1949
p1056,p1647
p373,p1453
p1057,p1374
p967,p1057
p708,p1666
p708,p1246
p708,p1382
p842,p1058
p475,p842
p224,p1855
p224,p1033
p22,p1390
p339,p931
p1061,p1232
p1061,p1091
p486,p1801
p372,p1482
p372,p1785
p372,p1629
p1063,p1767
p1063,p1145
p1063,p1616
p200,p1282
p200,p761
p1068,p1736
p1068,p1399
p1068,p1617
p382,p1068
p1069,p1563
p1069,p1096
p1069,p1338
p1070,p1172
p1070,p1225
p1070,p1869
p10,p450
p1072,p1766
p1072,p1634
p601,p1353
p265,p1468
p265,p937
p159,p1661
p1077,p1828
p1077,p1410
p417,p1999
p417,p1535
p31,p883
p362,p531
p44,p505
p1081,p1477
p1081,p1761
p673,p1081
p585,p1082
p585,p1718
p377,p585
p377,p1094
p41,p73
p514,p1718
p514,p1150
p1084,p1268
p857,p954
p1085,p1721
p17,p1707
p17,p901
p17,p1918
p980,p1264
p1087,p1664
p952,p1521
p1089,p1345
p1089,p1866
p1083,p1089
p41,p514
p609,p1481
p101,p609
p101,p1931
p738,p1801
p738,p1511
p738,p1466
p1092,p1243
p1092,p1103
p91,p1117
p91,p1768
p1093,p1134
p636,p840
p17,p532
p1094,p1211
p1094,p1685
p508,p1094
p508,p858
p508,p585
p508,p1082
p1095,p1963
p1095,p1436
p7,p788
p7,p92
p1097,p1873
p82,p997
p1099,p1100
p770,p1972
p770,p993
p124,p1461
p57,p1273
p1103,p1243
p215,p1104
p30,p308
p1105,p1698
p284,p1511
p284,p940
p1106,p1751
p1106,p1674
p201,p1106
p201,p1863
p201,p1493
p1107,p1987
p1108,p1476
p1108,p1281
p496,p1108
p69,p496
p28,p907
p183,p1305
p183,p1607
p183,p1740
p1112,p1526
p880,p1112
p880,p1880
p479,p508
p260,p479
p212,p900
p212,p1633
p212,p1565
p212,p1557
p1116,p1301
p1116,p1412
p1116,p1241
p1116,p1927
p677,p1116
p1117,p1768
p1117,p1376
p258,p1092
p258,p1243
p1118,p1296
p1118,p1889
p396,p1913
p396,p1235
p1119,p1493
p1119,p1235
p1119,p1682
p1119,p1544
p792,p1863
p246,p1917
p246,p999
p1122,p1568
p975,p1122
p632,p975
p449,p1710
p1123,p1469
p662,p1123
p662,p753
p566,p1350
p1124,p1475
p1126,p1414
p1126,p1254
p1126,p1776
p1003,p1126
p528,p1003
p528,p1630
p1127,p1696
p0,p433
p0,p1474
p0,p633
p574,p854
p372,p903
p93,p1977
p1131,p1918
p1131,p1264
p1131,p1595
p1131,p1871
p1131,p1204
p172,p1131
p1132,p1416
p1132,p1919
p573,p1680
p279,p455
p840,p1093
p1135,p1639
p1135,p1314
p325,p1348
p325,p572
p58,p1356
p974,p1638
p129,p1197
p1139,p1252
p609,p1325
p609,p1159
p425,p609
p290,p425
p372,p770
p372,p1099
p1141,p1429
p134,p834
p134,p155
p762,p1143
p35,p1460
p35,p1291
p35,p1768
p1144,p1508
p795,p1312
p795,p926
p1063,p1281
p470,p652
p470,p1905
p76,p136
p795,p1508
p731,p1144
p1148,p1578
p272,p353
p147,p272
p114,p1155
p1149,p1154
p653,p1149
p653,p1041
p359,p685
p320,p1797
p320,p1083
p320,p514
p768,p838
p345,p1906
p1152,p1384
p27,p1318
p27,p612
p27,p1620
p653,p1154
p406,p1386
p155,p1770
p155,p910
p155,p454
p1019,p1158
p164,p835
p4,p768
p1159,p1325
p290,p1139
p899,p1160
p410,p613
p410,p1527
p410,p726
p410,p1689
p1162,p1290
p1162,p1219
p408,p1488
p185,p1052
p185,p742
p1165,p1400
p59,p615
p59,p400
p1166,p1802
p428,p771
p1167,p1885
p1167,p1803
p1167,p1448
p681,p1167
p83,p681
p83,p732
p941,p1168
p1169,p1577
p1169,p1970
p1170,p1324
p962,p1170
p962,p1600
p652,p962
p420,p652
p420,p1146
p88,p1620
p88,p1021
p88,p627
p88,p1318
p630,p1070
p630,p1869
p450,p881
p985,p1173
p522,p749
p522,p1979
p196,p380
p196,p828
p196,p1598
p88,p161
p68,p88
p68,p1781
p68,p932
p1176,p1743
p601,p1980
p1177,p1934
p1177,p1794
p168,p643
p168,p1878
p46,p1720
p340,p370
p340,p909
p1180,p1732
p1180,p1534
p1180,p1186
p1180,p1456
p287,p1180
p45,p523
p45,p950
p45,p371
p559,p1182
p132,p1209
p1183,p1982
p205,p1473
p1184,p1442
p538,p1942
p459,p730
p317,p397
p602,p1180
p602,p1732
p153,p1890
p1188,p1611
p1188,p1267
p1188,p1392
p1004,p1792
p715,p1004
p1189,p1910
p1189,p1597
p1189,p1888
p1189,p1640
p1189,p1958
p1189,p1358
p693,p1482
p49,p693
p1191,p1861
p672,p1445
p672,p778
p728,p1854
p34,p1661
p1193,p1531
p1193,p1529
p1194,p1675
p250,p711
p250,p427
p162,p1319
p18,p753
p1197,p1638
p853,p1197
p853,p1321
p853,p1523
p853,p1780
p399,p853
p1046,p1198
p363,p1046
p363,p888
p363,p1884
p363,p1203
p1074,p1199
p937,p1074
p937,p1605
p163,p265
p1200,p1737
p209,p1022
p213,p595
p213,p730
p1202,p1213
p1203,p1884
p1203,p1459
p716,p1198
p104,p716
p1086,p1204
p1086,p1264
p980,p1131
p19,p1918
p1207,p1996
p1207,p1449
p146,p770
p146,p930
p146,p1972
p197,p1310
p1209,p1719
p4,p1735
p4,p1614
p4,p648
p1210,p1401
p1210,p1566
p310,p1210
p320,p1094
p1202,p1894
p1215,p1245
p426,p1747
p426,p500
p426,p1730
p426,p793
p1216,p1600
p1216,p1978
p949,p1216
p351,p1324
p92,p964
p92,p1954
p92,p1269
p1218,p1734
p665,p1379
p665,p891
p665,p1485
p1219,p1290
p604,p1398
p5,p284
p5,p1570
p5,p1105
p1222,p1396
p1066,p1222
p1066,p1710
p632,p1066
p632,p747
p1224,p1591
p1224,p1976
p261,p301
p1226,p1819
p1226,p1992
p438,p879
p1228,p1627
p588,p1759
p1229,p1410
p576,p1953
p1231,p1515
p395,p587
p392,p994
p486,p1466
p1233,p1986
p535,p1233
p535,p626
p535,p1931
p535,p1951
p419,p535
p1235,p1889
p1235,p1913
p1118,p1235
p1118,p1544
p1118,p1119
p1118,p1424
p806,p1009
p806,p1502
p144,p554
p150,p1455
p84,p837
p1241,p1417
p1241,p1412
p1241,p1301
p766,p1991
p91,p1291
p91,p1460
p773,p940
p97,p1511
p48,p1801
p1245,p1747
p1245,p1730
p500,p1215
p137,p1063
p74,p137
p1247,p1287
p121,p1247
p121,p182
p121,p824
p121,p1430
p491,p928
p491,p904
p491,p892
p511,p1251
p511,p1642
p511,p1403
p425,p448
p425,p1328
p425,p1931
p1003,p1254
p277,p528
p277,p1706
p305,p1693
p241,p1694
p241,p898
p241,p759
p1256,p1930
p1256,p1660
p29,p358
p1257,p1359
p1257,p1840
p1258,p1462
p12,p154
p12,p1107
p1259,p1578
p544,p584
p544,p767
p402,p1655
p447,p1261
p447,p854
p111,p1994
p1263,p1911
p18,p824
p18,p494
p18,p457
p1204,p1264
p1086,p1131
p980,p1826
p980,p1918
p622,p694
p622,p1362
p622,p1691
p1004,p1392
p1004,p1419
p1004,p1681
p1084,p1579
p403,p857
p1269,p1954
p752,p1435
p752,p1791
p1270,p1583
p199,p257
p1271,p1405
p310,p1464
p310,p1697
p1037,p1272
p637,p1672
p87,p422
p87,p1019
p87,p1158
p1275,p1775
p441,p1936
p213,p441
p213,p526
p127,p237
p519,p610
p125,p367
p39,p1747
p1279,p1856
p34,p1041
p34,p685
p34,p1372
p1280,p1976
p119,p702
p1108,p1145
p496,p1476
p496,p1767
p1282,p1550
p929,p1282
p929,p1065
p761,p929
p1283,p1443
p56,p408
p56,p924
p1284,p1690
p1284,p1500
p982,p1284
p304,p1864
p304,p618
p149,p1717
p149,p1674
p1286,p1404
p568,p1602
p1287,p1430
p342,p1247
p342,p824
p182,p342
p1288,p1938
p1288,p1659
p1288,p1316
p1289,p1446
p1289,p1506
p1289,p1822
p954,p1289
p954,p1441
p1292,p1849
p1292,p1656
p1292,p1701
p1292,p1650
p312,p1292
p69,p312
p223,p1970
p757,p1294
p757,p1837
p428,p757
p317,p428
p317,p793
p479,p513
p263,p479
p263,p473
p1296,p1913
p812,p1118
p812,p1235
p396,p812
p581,p1766
p581,p1634
p156,p581
p156,p628
p674,p701
p230,p1816
p235,p1697
p1301,p1381
p766,p1116
p542,p893
p542,p1974
p1303,p1538
p1303,p1497
p1303,p1543
p1303,p1348
p1303,p1814
p1303,p1639
p924,p1607
p233,p924
p1306,p1350
p827,p1307
p477,p1679
p9,p418
p1309,p1658
p118,p1574
p118,p468
p1310,p1816
p1310,p1827
p674,p1208
p60,p922
p349,p795
p200,p573
p352,p1314
p37,p325
p37,p1605
p37,p1135
p1316,p1659
p1316,p1938
p961,p1288
p176,p183
p639,p1878
p639,p643
p639,p1554
p639,p1829
p1319,p1880
p880,p1319
p501,p1654
p109,p646
p29,p1762
p1321,p1523
p1197,p1321
p883,p1197
p430,p883
p430,p1780
p527,p743
p52,p1741
p97,p1944
p97,p1466
p1170,p1600
p1170,p1216
p1170,p1410
p1170,p1229
p1327,p1589
p1327,p1454
p921,p1327
p921,p1265
p921,p1961
p1328,p1642
p1328,p1666
p647,p1457
p647,p1251
p1329,p1811
p1162,p1329
p564,p1162
p269,p564
p269,p1219
p190,p268
p1334,p1341
p719,p817
p1335,p1897
p650,p699
p650,p886
p650,p748
p240,p517
p58,p448
p58,p511
p1338,p1563
p865,p1339
p661,p1804
p1018,p1340
p1342,p1944
p1342,p1553
p1342,p1478
p914,p1342
p773,p914
p813,p1701
p312,p813
p69,p1284
p514,p1866
p687,p924
p1048,p1418
p1348,p1639
p671,p1303
p328,p387
p1352,p1502
p1353,p1634
p1072,p1353
p156,p601
p156,p1743
p67,p386
p67,p1696
p0,p67
p1355,p1437
p1355,p1773
p998,p1355
p465,p998
p465,p554
p1356,p1622
p855,p1011
p247,p1559
p2,p1729
p1358,p1910
p1358,p1597
p1189,p1744
p1189,p1371
p586,p1189
p82,p1001
p1361,p1778
p1361,p1679
p547,p1749
p749,p1362
p749,p783
p1363,p1984
p801,p1485
p801,p1800
p120,p808
p43,p169
p77,p735
p315,p1008
p223,p928
p223,p1921
p223,p1249
p1035,p1807
p452,p1035
p452,p1358
p452,p1910
p452,p1585
p1373,p1635
p638,p766
p368,p641
p368,p1381
p708,p745
p1376,p1768
p872,p1745
p872,p1545
p872,p1347
p872,p1868
p1379,p1485
p1218,p1379
p979,p1218
p891,p979
p1380,p1409
p152,p273
p1381,p1417
p545,p1374
p545,p809
p929,p990
p929,p1653
p929,p1817
p1385,p1800
p564,p1806
p153,p1565
p153,p1557
p1206,p1389
p617,p1847
p560,p617
p560,p1059
p22,p170
p286,p1748
p1392,p1611
p715,p1392
p504,p1792
p1234,p1393
p188,p418
p188,p536
p188,p1308
p1394,p1625
p678,p680
p75,p678
p75,p466
p1396,p1710
p449,p1222
p1397,p1705
p1397,p1842
p217,p584
p217,p767
p1220,p1398
p604,p852
p260,p421
p1399,p1617
p1399,p1736
p382,p1399
p382,p383
p59,p1165
p53,p400
p53,p615
p1210,p1592
p336,p1210
p336,p1643
p448,p1642
p448,p1382
p1406,p1519
p1406,p1436
p7,p841
p1408,p1962
p1408,p1947
p535,p1408
p535,p1541
p535,p1020
p1380,p1593
p152,p555
p202,p946
p1412,p1991
p1412,p1927
p677,p1241
p677,p1301
p1413,p1624
p230,p653
p230,p359
p1414,p1776
p1414,p1900
p839,p1414
p839,p1126
p236,p1003
p515,p977
p573,p1165
p766,p1412
p718,p1347
p1420,p1824
p1125,p1420
p409,p763
p409,p1652
p124,p578
p1422,p1561
p206,p1507
p206,p1877
p792,p1296
p792,p812
p1426,p1505
p1426,p1793
p30,p184
p30,p726
p1427,p1777
p652,p1427
p136,p751
p342,p1380
p1431,p1576
p675,p721
p291,p675
p291,p1536
p1101,p1432
p1101,p1461
p47,p1101
p47,p578
p47,p124
p463,p720
p1435,p1791
p1435,p1728
p705,p784
p705,p1954
p705,p1269
p1436,p1519
p7,p1963
p1437,p1773
p998,p1437
p1433,p1438
p510,p616
p249,p463
p1439,p1948
p1439,p1668
p1439,p1965
p1439,p1902
p679,p1439
p679,p849
p259,p482
p259,p307
p475,p1365
p778,p1442
p538,p1191
p1446,p1506
p220,p1289
p220,p1341
p1447,p1704
p1447,p1955
p236,p1818
p236,p262
p236,p1698
p404,p1803
p1449,p1996
p1449,p1548
p1207,p1972
p993,p1207
p409,p636
p651,p1386
p913,p1196
p913,p1860
p913,p1850
p566,p913
p1453,p1998
p1056,p1453
p1056,p1993
p116,p1056
p116,p1142
p1265,p1454
p1265,p1589
p1265,p1327
p672,p691
p287,p332
p287,p1726
p1457,p1973
p1457,p1943
p290,p1328
p1458,p1499
p1458,p1618
p1458,p1676
p363,p859
p1291,p1460
p47,p285
p47,p1848
p399,p1197
p1300,p1464
p1271,p1300
p605,p1271
p605,p1405
p605,p1697
p310,p605
p1466,p1801
p256,p1091
p26,p112
p1468,p1672
p1037,p1468
p906,p1074
p566,p911
p764,p802
p764,p1518
p24,p533
p1424,p1471
p792,p1726
p792,p1717
p1473,p1843
p95,p1183
p95,p1982
p95,p1784
p433,p1127
p433,p961
p509,p1124
p10,p70
p10,p1034
p813,p1108
p813,p1281
p673,p1477
p9,p1761
p507,p1478
p492,p773
p492,p1342
p789,p1562
p1480,p1568
p1482,p1785
p49,p1062
p228,p1551
p1379,p1734
p979,p1520
p553,p979
p1128,p1486
p574,p1103
p253,p486
p253,p1349
p1488,p1914
p6,p408
p6,p56
p1136,p1489
p58,p626
p1490,p1609
p755,p1582
p755,p1588
p313,p1492
p252,p730
p252,p595
p1119,p1863
p792,p1751
p792,p1106
p1494,p1703
p1494,p1603
p1494,p1688
p157,p1408
p289,p752
p289,p784
p1498,p1808
p1498,p1779
p1498,p1695
p32,p797
p32,p1510
p618,p1284
p8,p618
p246,p388
p246,p1047
p806,p1352
p1505,p1793
p1506,p1822
p1507,p1877
p1507,p1973
p290,p1507
p290,p1457
p932,p1509
p445,p1782
p43,p365
p1510,p1686
p1310,p1510
p656,p674
p656,p1816
p940,p1091
p940,p1061
p940,p1232
p650,p902
p79,p699
p299,p517
p544,p1514
p131,p217
p158,p392
p1516,p1739
p109,p1928
p128,p1517
p128,p1989
p36,p96
p438,p1470
p846,p1485
p225,p1366
p225,p808
p430,p434
p214,p1713
p75,p1753
p75,p826
p184,p1959
p184,p1121
p184,p1160
p1528,p1814
p1528,p1543
p63,p1538
p63,p1303
p63,p1497
p32,p884
p32,p825
p1088,p1531
p689,p1529
p1532,p1786
p1532,p1958
p189,p1888
p189,p1925
p350,p610
p1534,p1732
p1180,p1758
p110,p602
p1535,p1999
p727,p1410
p1537,p1722
p1537,p1988
p851,p1537
p851,p1953
p493,p851
p405,p969
p777,p879
p777,p1615
p360,p533
p292,p1947
p803,p1542
p803,p963
p543,p803
p38,p543
p38,p1898
p38,p1619
p1538,p1543
p1303,p1528
p1544,p1788
p126,p1235
p126,p1889
p126,p939
p1545,p1745
p243,p872
p243,p1230
p243,p1377
p922,p1546
p221,p922
p221,p521
p221,p709
p993,p1449
p791,p993
p791,p1996
p904,p1549
p892,p1249
p892,p928
p892,p1921
p51,p556
p1552,p1898
p1552,p1619
p1553,p1944
p275,p914
p275,p1323
p1554,p1829
p53,p1317
p53,p1838
p1555,p1615
p24,p1567
p1557,p1565
p280,p1388
p280,p467
p162,p1286
p1560,p1572
p1560,p1613
p443,p1560
p443,p958
p1422,p1689
p1479,p1562
p889,p1479
p889,p1008
p789,p889
p341,p1369
p950,p1210
p624,p950
p336,p1401
p336,p523
p1567,p1645
p1567,p1637
p1567,p1859
p580,p1567
p580,p1555
p580,p1615
p1480,p1975
p315,p1369
p202,p1008
p137,p476
p137,p1836
p137,p296
p1573,p1699
p1573,p1590
p670,p799
p670,p969
p468,p1658
p468,p1309
p1575,p1684
p1575,p1970
p937,p1575
p937,p1169
p637,p937
p223,p637
p1148,p1259
p272,p584
p147,p1253
p1268,p1579
p403,p1858
p339,p710
p1491,p1582
p1491,p1814
p391,p755
p391,p1588
p199,p1376
p138,p422
p14,p1371
p14,p1058
p970,p1586
p174,p1761
p296,p708
p670,p1879
p301,p1224
p301,p1976
p1592,p1643
p1401,p1592
p1005,p1401
p1005,p1210
p376,p1005
p336,p376
p555,p1409
p555,p1380
p521,p645
p169,p1871
p43,p1131
p1597,p1744
p1597,p1910
p586,p1597
p586,p1358
p586,p1640
p136,p1324
p327,p335
p720,p1602
p720,p1286
p510,p1053
p510,p978
p742,p1164
p95,p752
p95,p784
p1314,p1605
p1199,p1314
p325,p1199
p233,p1607
p266,p885
p266,p1372
p15,p1875
p22,p395
p22,p1231
p22,p1515
p1612,p1650
p1612,p1656
p476,p1612
p476,p1036
p296,p387
p1572,p1613
p1572,p1618
p1560,p1676
p1458,p1560
p443,p1458
p1614,p1735
p649,p1614
p360,p1615
p382,p1736
p1618,p1676
p12,p1613
p1318,p1620
p612,p1021
p94,p451
p855,p1356
p157,p1011
p1623,p1924
p1623,p1915
p957,p1623
p957,p1048
p678,p1394
p466,p1823
p67,p466
p576,p1377
p528,p588
p148,p175
p49,p372
p1414,p1630
p916,p1414
p916,p1126
p839,p916
p704,p839
p704,p1776
p1632,p1881
p1634,p1766
p601,p1297
p355,p991
p323,p1772
p323,p1050
p323,p1662
p1637,p1859
p1637,p1942
p1060,p1567
p1138,p1638
p1138,p1197
p1138,p1581
p399,p1138
p1135,p1348
p671,p1135
p671,p1497
p1640,p1958
p1640,p1888
p1532,p1640
p189,p1189
p138,p164
p138,p1019
p425,p1943
p1005,p1592
p725,p1005
p135,p1297
p580,p1859
p580,p1637
p1646,p1761
p481,p1646
p481,p536
p327,p1586
p234,p573
p1649,p1667
p289,p562
p1650,p1656
p1036,p1650
p1036,p1612
p387,p1849
p387,p1292
p1651,p1809
p321,p640
p785,p1653
p785,p1383
p785,p990
p785,p1817
p1195,p1654
p162,p1983
p1650,p1849
p1036,p1292
p150,p1964
p150,p1467
p1659,p1938
p1660,p1930
p1661,p1854
p598,p1703
p598,p742
p176,p826
p173,p176
p182,p444
p1057,p1328
p1057,p1642
p647,p1057
p1668,p1948
p1439,p1481
p599,p1439
p101,p1090
p394,p906
p169,p785
p169,p1810
p169,p1653
p1462,p1618
p1458,p1462
p498,p1677
p85,p816
p229,p1433
p229,p960
p1679,p1749
p606,p1361
p606,p1307
p46,p1132
p942,p1188
p675,p942
p1119,p1223
p126,p1863
p126,p1493
p20,p390
p937,p1970
p163,p637
p260,p1211
p656,p1298
p102,p1078
p102,p434
p1076,p1688
p159,p1494
p159,p1703
p13,p1482
p1692,p1946
p229,p474
p797,p1228
p283,p1405
p283,p1464
p283,p1271
p284,p1955
p284,p1447
p284,p1704
p69,p253
p1447,p1818
p217,p1842
p140,p279
p528,p765
p169,p1595
p169,p1085
p52,p449
p414,p670
p414,p1699
p303,p1341
p303,p719
p303,p1446
p144,p1307
p331,p1215
p127,p1194
p201,p1456
p1718,p1797
p377,p1718
p1054,p1182
p4,p132
p4,p1915
p643,p670
p42,p1062
p42,p1129
p42,p1140
p359,p1846
p1699,p1725
p799,p1699
p405,p670
p405,p1720
p1717,p1726
p705,p752
p469,p569
p469,p706
p247,p469
p793,p1245
p793,p1278
p1190,p1731
p110,p1456
p110,p1758
p553,p1379
p553,p1076
p1200,p1522
p209,p238
p1738,p1809
p910,p1651
p321,p816
p321,p1677
p29,p458
p106,p633
p608,p1741
p608,p1981
p226,p1910
p226,p1358
p243,p702
p635,p1911
p1106,p1863
p1106,p1493
p1106,p1119
p21,p908
p819,p1525
p819,p1110
p28,p75
p1755,p1989
p31,p1517
p31,p128
p31,p781
p132,p741
p71,p132
p11,p855
p504,p1534
p528,p1779
p294,p404
p294,p732
p294,p1448
p1081,p1646
p9,p536
p593,p646
p250,p699
p237,p250
p237,p1675
p1764,p1846
p100,p230
p100,p1624
p100,p1724
p100,p1413
p89,p1945
p89,p487
p142,p334
p26,p443
p26,p958
p269,p355
p269,p1636
p1774,p1901
p1163,p1275
p236,p1126
p597,p1427
p597,p751
p645,p1361
p521,p547
p1695,p1779
p797,p1498
p656,p797
p1463,p1780
p88,p193
p88,p1628
p1782,p1871
p917,p925
p464,p1031
p1482,p1731
p1190,p1482
p1532,p1888
p1787,p1824
p1125,p1787
p409,p1027
p409,p761
p939,p1788
p396,p1544
p1789,p1904
p1789,p1942
p1789,p1882
p1184,p1789
p1017,p1184
p1017,p1442
p83,p591
p705,p1728
p579,p1792
p579,p1392
p579,p1611
p215,p1505
p1794,p1934
p504,p1006
p504,p729
p634,p712
p1083,p1797
p1083,p1718
p1083,p1150
p750,p1799
p750,p1596
p603,p1091
p97,p1061
p428,p1747
p83,p1167
p83,p1448
p516,p1804
p516,p1339
p108,p865
p596,p1387
p224,p452
p224,p450
p224,p1371
p224,p1869
p32,p1764
p1651,p1738
p816,p910
p321,p746
p148,p1653
p714,p1812
p375,p461
p375,p1034
p375,p1967
p32,p1632
p32,p1045
p32,p1881
p32,p455
p1543,p1814
p1543,p1582
p1528,p1538
p429,p605
p235,p1464
p1208,p1310
p674,p1299
p197,p674
p1383,p1817
p347,p1383
p347,p1550
p347,p929
p347,p1282
p533,p1992
p127,p210
p192,p396
p192,p1118
p192,p1788
p220,p1268
p1125,p1824
p983,p1826
p393,p1264
p393,p1121
p1816,p1827
p1208,p1816
p1208,p1298
p1829,p1838
p600,p1554
p331,p733
p302,p331
p356,p1893
p1833,p1922
p1833,p1895
p969,p997
p969,p1539
p1834,p1852
p69,p1612
p69,p476
p971,p1829
p731,p741
p505,p1359
p44,p314
p437,p661
p437,p478
p437,p865
p140,p1259
p349,p1756
p1369,p1845
p170,p617
p273,p566
p50,p491
p133,p583
p1853,p1956
p139,p458
p1033,p1058
p14,p842
p14,p314
p1848,p1857
p1268,p1858
p1580,p1637
p580,p710
p125,p1850
p125,p1123
p339,p1191
p339,p672
p339,p1265
p462,p1862
p1751,p1863
p1493,p1751
p1106,p1682
p312,p486
p312,p1284
p36,p1945
p41,p1270
p1525,p1870
p1354,p1525
p67,p173
p67,p826
p43,p1595
p946,p1872
p946,p1845
p291,p789
p291,p1008
p291,p1369
p989,p1874
p38,p989
p38,p1109
p724,p1875
p724,p1490
p551,p724
p58,p551
p712,p1876
p19,p1521
p1317,p1878
p1137,p1317
p1137,p1554
p53,p643
p889,p1879
p889,p1711
p341,p414
p341,p1590
p341,p1601
p1184,p1882
p1184,p1942
p538,p1789
p104,p1198
p404,p681
p89,p866
p1888,p1958
p1640,p1786
p1189,p1532
p396,p1296
p181,p337
p181,p1712
p289,p1954
p620,p821
p384,p1607
p1895,p1922
p315,p1833
p202,p997
p1429,p1896
p237,p1763
p1491,p1899
p338,p755
p338,p1582
p251,p1351
p1902,p1965
p1902,p1948
p849,p1439
p489,p679
p366,p546
p366,p1395
p1017,p1789
p723,p1942
p723,p1882
p723,p764
p76,p886
p76,p748
p953,p1016
p86,p472
p86,p550
p887,p1263
p494,p887
p18,p1663
p1118,p1471
p6,p1443
p132,p1924
p298,p860
p298,p1556
p298,p1361
p66,p876
p66,p1120
p66,p1891
p1131,p1721
p172,p1085
p329,p723
p329,p1364
p322,p329
p322,p920
p1249,p1921
p491,p1549
p391,p1370
p315,p997
p315,p969
p1419,p1923
p364,p1681
p957,p1915
p833,p957
p1015,p1925
p987,p1015
p987,p1532
p677,p1412
p458,p593
p458,p1762
p458,p756
p458,p802
p1252,p1931
p609,p1233
p1090,p1932
p668,p1090
p609,p668
p206,p609
p769,p1387
p564,p774
p197,p685
p39,p757
p829,p1937
p62,p779
p1939,p1994
p91,p436
p91,p1261
p91,p854
p1334,p1940
p205,p1334
p205,p719
p205,p1341
p205,p897
p1882,p1942
p1765,p1945
p89,p1865
p1039,p1947
p1020,p1408
p1020,p1969
p849,p1965
p849,p1902
p51,p1799
p1733,p1950
p101,p1541
p101,p1039
p760,p1722
p48,p1447
p48,p1704
p358,p1853
p629,p1957
p629,p912
p1121,p1959
p1121,p1826
p983,p1121
p983,p1527
p294,p983
p294,p410
p309,p909
p309,p925
p691,p1916
p518,p1408
p518,p1947
p788,p1095
p788,p1436
p1867,p1964
p1805,p1867
p244,p1012
p244,p1657
p679,p1668
p741,p1966
p741,p1756
p71,p1312
p71,p349
p71,p1844
p714,p1967
p714,p1034
p461,p1124
p70,p461
p495,p737
p495,p1020
p796,p1302
p84,p571
p136,p1216
p287,p1176
p1741,p1981
p55,p1322
p1183,p1784
p276,p747
p276,p1480
p276,p998
p119,p482
p101,p1233
p154,p682
p381,p1953
p128,p1755
p31,p96
p1927,p1991
p431,p817
p1226,p1540
p533,p879
p1142,p1993
p693,p1998
p61,p693
p61,p346
p52,p733
p52,p1472
p52,p122
p146,p1548
p1453,p1993
p1142,p1453
p346,p1056
p727,p1229
