p0,p123
p0,p409
p0,p696
p0,p1506
p1,p1497
p1,p1968
p2,p126
p2,p1529
p3,p541
p3,p1592
p3,p1663
p4,p47
p4,p751
p4,p865
p5,p203
p5,p735
p5,p1024
p6,p1200
p6,p1654
p7,p92
p7,p634
p7,p1304
p8,p496
p8,p1318
p8,p1342
p8,p1448
p9,p107
p9,p1233
p10,p182
p10,p1322
p10,p1936
p11,p406
p11,p520
p11,p1111
p11,p1775
p12,p228
p12,p1099
p12,p1145
p12,p1845
p13,p53
p13,p1079
p13,p1756
p14,p64
p14,p105
p14,p1696
p15,p813
p15,p1840
p16,p458
p16,p540
p16,p1400
p17,p98
p17,p114
p17,p489
p18,p874
p19,p61
p19,p592
p19,p1246
p19,p1252
p20,p1120
p20,p1326
p20,p1980
p21,p953
p21,p1205
p22,p703
p22,p1682
p23,p959
p23,p1248
p24,p208
p24,p916
p25,p233
p25,p537
p25,p1961
p26,p121
p26,p672
p27,p797
p27,p1928
p28,p475
p28,p649
p28,p1709
p29,p461
p29,p775
p29,p1681
p30,p1023
p31,p741
p31,p1353
p31,p1981
p32,p285
p32,p1531
p32,p1605
p33,p339
p33,p678
p33,p1444
p34,p941
p34,p1918
p34,p1972
p35,p438
p35,p1812
p36,p973
p36,p1855
p36,p1941
p37,p382
p37,p1725
p38,p52
p38,p776
p39,p436
p39,p1981
p40,p664
p40,p753
p41,p383
p41,p701
p41,p1489
p41,p1731
p42,p1390
p42,p1540
p42,p1663
p43,p644
p43,p1809
p44,p895
p44,p1232
p45,p600
p45,p1722
p46,p1386
p46,p1501
p47,p1660
p47,p1736
p48,p1449
p48,p1671
p48,p1817
p49,p298
p49,p604
p50,p558
p50,p1054
p50,p1315
p51,p318
p52,p1812
p52,p1814
p53,p497
p54,p285
p54,p1362
p55,p852
p55,p1991
p56,p316
p56,p916
p56,p1665
p57,p489
p57,p907
p58,p848
p58,p1416
p58,p1735
p59,p983
p59,p1626
p60,p650
p60,p1571
p60,p1963
p61,p1898
p62,p658
p62,p1541
p62,p1971
p63,p332
p63,p497
p63,p632
p64,p864
p64,p1377
p65,p622
p65,p1346
p66,p412
p66,p1585
p67,p836
p67,p1375
p67,p1583
p68,p558
p68,p1282
p68,p1472
p69,p240
p69,p509
p70,p1051
p70,p1067
p70,p1636
p71,p580
p71,p1101
p71,p1592
p72,p227
p72,p1002
p73,p115
p73,p572
p73,p1619
p73,p1723
p74,p1304
p74,p1686
p75,p1213
p75,p1581
p76,p900
p76,p1708
p76,p1844
p77,p690
p77,p1161
p77,p1925
p78,p1016
p78,p1597
p78,p1898
p79,p403
p79,p599
p80,p399
p80,p669
p80,p1532
p81,p500
p81,p1937
p82,p187
p82,p579
p82,p955
p83,p310
p83,p1486
p84,p290
p85,p394
p85,p400
p85,p1208
p86,p280
p86,p361
p87,p464
p87,p1786
p87,p1938
p88,p473
p88,p633
p88,p1768
p89,p1569
p89,p1930
p90,p543
p90,p714
p91,p553
p91,p682
p91,p1081
p92,p200
p92,p1595
p93,p161
p93,p856
p93,p1652
p93,p1870
p94,p377
p94,p525
p94,p1500
p95,p972
p95,p1159
p95,p1608
p96,p924
p96,p994
p96,p1703
p97,p327
p97,p426
p98,p425
p98,p690
p99,p112
p99,p986
p99,p1967
p100,p243
p100,p573
p100,p1733
p101,p713
p101,p1311
p101,p1891
p102,p481
p102,p1507
p102,p1913
p103,p1450
p103,p1956
p104,p393
p104,p1879
p105,p294
p105,p1257
p106,p391
p106,p756
p106,p1742
p107,p739
p107,p1394
p108,p301
p108,p653
p109,p1742
p110,p882
p110,p1230
p110,p1631
p111,p727
p111,p1032
p111,p1624
p112,p1327
p112,p1707
p113,p148
p113,p1936
p114,p515
p114,p1161
p116,p613
p116,p1551
p117,p228
p117,p1487
p118,p1484
p118,p1683
p119,p712
p119,p817
p120,p524
p120,p1656
p121,p1081
p121,p1273
p122,p1481
p122,p1748
p123,p1708
p123,p1746
p123,p1789
p124,p1141
p124,p1436
p125,p1394
p125,p1477
p125,p1558
p126,p167
p126,p330
p127,p1440
p127,p1629
p127,p1927
p128,p275
p128,p547
p128,p1099
p129,p433
p129,p949
p129,p1955
p130,p455
p130,p886
p131,p187
p131,p1468
p132,p1685
p132,p1880
p132,p1921
p133,p184
p133,p600
p133,p1518
p134,p814
p134,p1317
p134,p1320
p135,p273
p135,p725
p136,p218
p136,p1557
p136,p1997
p137,p1166
p137,p1173
p137,p1259
p138,p513
p138,p598
p138,p1312
p139,p820
p139,p829
p139,p1400
p140,p1388
p140,p1832
p140,p1875
p141,p325
p141,p611
p141,p787
p142,p1670
p142,p1958
p143,p447
p143,p692
p143,p1069
p143,p1134
p144,p433
p144,p510
p145,p190
p145,p1582
p146,p742
p146,p1335
p146,p1347
p147,p1000
p147,p1514
p147,p1847
p148,p178
p148,p1294
p149,p708
p149,p1150
p149,p1324
p150,p1028
p150,p1036
p151,p908
p151,p1193
p151,p1558
p152,p565
p152,p1180
p152,p1864
p153,p1095
p153,p1352
p154,p236
p154,p426
p155,p1318
p155,p1719
p156,p893
p156,p1504
p156,p1693
p157,p660
p157,p750
p157,p1563
p158,p884
p158,p1058
p159,p840
p159,p1280
p160,p933
p160,p1410
p161,p369
p161,p1727
p161,p1822
p162,p684
p162,p1362
p162,p1618
p163,p1276
p163,p1949
p164,p418
p164,p1584
p164,p1763
p165,p1305
p165,p1596
p166,p551
p166,p758
p167,p1872
p168,p314
p168,p556
p168,p1937
p169,p1060
p169,p1362
p170,p1080
p170,p1090
p170,p1829
p171,p872
p171,p1449
p171,p1830
p172,p213
p172,p619
p172,p1323
p173,p687
p173,p1441
p174,p366
p174,p772
p174,p1498
p175,p178
p175,p831
p175,p1403
p176,p731
p176,p1285
p176,p1886
p177,p222
p177,p1821
p179,p208
p179,p316
p179,p1702
p180,p1153
p180,p1852
p181,p638
p181,p969
p181,p1761
p182,p1738
p183,p646
p183,p1418
p183,p1791
p184,p899
p185,p286
p186,p686
p186,p741
p186,p824
p187,p789
p188,p286
p188,p652
p188,p1913
p189,p1475
p189,p1661
p189,p1943
p190,p1707
p191,p663
p191,p1714
p192,p722
p192,p1201
p193,p692
p194,p373
p194,p885
p194,p1040
p195,p250
p195,p522
p195,p1684
p196,p769
p196,p1521
p196,p1825
p197,p300
p197,p597
p197,p897
p198,p1332
p198,p1333
p199,p763
p199,p1348
p199,p1422
p200,p1914
p201,p771
p201,p1360
p201,p1599
p202,p312
p202,p398
p203,p339
p203,p1876
p204,p693
p205,p304
p205,p457
p205,p1421
p206,p1212
p206,p1958
p207,p942
p207,p1536
p207,p1594
p208,p686
p209,p1175
p209,p1211
p210,p830
p210,p965
p211,p313
p211,p995
p212,p1376
p212,p1664
p213,p1781
p214,p562
p214,p1866
p214,p1934
p215,p966
p215,p1919
p215,p1996
p216,p608
p216,p1273
p216,p1413
p217,p503
p217,p853
p218,p544
p218,p939
p219,p943
p219,p1493
p220,p886
p220,p1526
p221,p1621
p221,p1833
p221,p1903
p222,p595
p222,p1654
p222,p1732
p223,p801
p223,p1176
p224,p625
p224,p724
p224,p1929
p225,p1007
p225,p1552
p225,p1764
p226,p561
p226,p1089
p227,p944
p228,p826
p229,p328
p229,p516
p229,p1547
p230,p267
p230,p1060
p231,p1251
p231,p1606
p232,p816
p232,p1178
p233,p389
p233,p519
p234,p261
p234,p545
p234,p1316
p234,p1792
p235,p1578
p235,p1743
p235,p1916
p236,p1437
p237,p1564
p237,p1588
p237,p1765
p238,p765
p238,p1401
p239,p1173
p239,p1691
p239,p1899
p240,p1629
p240,p1689
p241,p799
p241,p1053
p241,p1802
p242,p841
p242,p1723
p243,p1181
p244,p1570
p244,p1710
p244,p1935
p245,p507
p245,p1045
p245,p1190
p246,p831
p246,p1310
p247,p248
p247,p1684
p247,p1986
p248,p407
p248,p1431
p249,p382
p249,p806
p249,p1865
p250,p1165
p251,p259
p251,p1370
p252,p1364
p252,p1837
p253,p594
p253,p1505
p254,p342
p254,p677
p254,p1772
p255,p624
p255,p718
p255,p972
p256,p288
p256,p1205
p257,p958
p257,p1151
p257,p1749
p258,p1360
p258,p1716
p259,p1412
p260,p493
p260,p555
p260,p1212
p262,p443
p262,p981
p262,p1402
p263,p578
p263,p1577
p263,p1953
p264,p675
p264,p991
p265,p367
p265,p534
p265,p1066
p266,p452
p266,p1527
p266,p1818
p267,p434
p267,p684
p267,p1813
p268,p434
p268,p502
p268,p1255
p269,p582
p269,p988
p270,p349
p270,p1519
p271,p340
p271,p1538
p272,p1695
p272,p1737
p273,p1392
p274,p860
p274,p970
p274,p1518
p275,p485
p275,p1244
p276,p1219
p276,p1238
p277,p293
p277,p1345
p277,p1361
p278,p427
p278,p1794
p278,p1798
p279,p1096
p279,p1656
p280,p843
p280,p1810
p281,p554
p281,p897
p281,p1403
p282,p662
p282,p1849
p283,p793
p283,p1153
p284,p495
p284,p1125
p284,p1245
p284,p1275
p286,p1625
p287,p913
p287,p1968
p288,p1082
p288,p1516
p289,p762
p289,p1324
p290,p827
p290,p1058
p291,p1011
p291,p1946
p292,p1142
p292,p1169
p293,p889
p293,p1542
p294,p702
p294,p1725
p295,p536
p295,p1309
p295,p1650
p295,p1771
p296,p925
p296,p1303
p296,p1748
p297,p440
p297,p1426
p297,p1801
p298,p395
p298,p711
p299,p601
p299,p1043
p300,p498
p300,p1674
p301,p533
p301,p1642
p302,p738
p302,p814
p302,p1004
p303,p721
p303,p1549
p304,p1127
p305,p373
p305,p1266
p305,p1289
p306,p521
p307,p773
p307,p1458
p308,p989
p309,p1088
p309,p1887
p310,p1651
p311,p975
p311,p1794
p312,p631
p313,p912
p313,p1048
p314,p1010
p314,p1959
p315,p974
p315,p1762
p316,p1004
p317,p702
p317,p1447
p317,p1598
p318,p1001
p318,p1984
p319,p839
p319,p1307
p320,p422
p320,p1046
p320,p1344
p320,p1568
p321,p630
p321,p1771
p321,p1892
p322,p923
p323,p505
p323,p1892
p324,p1253
p324,p1254
p324,p1354
p325,p680
p325,p1436
p326,p414
p326,p566
p326,p890
p327,p421
p327,p1424
p328,p1245
p329,p448
p329,p1714
p330,p1527
p331,p685
p331,p1754
p331,p1982
p333,p759
p333,p932
p333,p1525
p333,p1970
p334,p1013
p334,p1769
p334,p1806
p335,p385
p335,p758
p335,p813
p336,p741
p336,p774
p336,p1643
p337,p907
p337,p1575
p338,p456
p338,p838
p338,p1338
p339,p1024
p340,p1641
p341,p443
p341,p979
p341,p1809
p342,p1097
p342,p1604
p343,p1207
p344,p958
p344,p1371
p345,p1012
p345,p1174
p345,p1994
p346,p574
p346,p1229
p347,p960
p347,p1110
p347,p1239
p348,p1718
p348,p1939
p349,p1483
p349,p1491
p349,p1922
p350,p580
p350,p1226
p351,p841
p351,p1172
p352,p1664
p352,p1831
p353,p653
p353,p1393
p353,p1638
p354,p1391
p354,p1402
p355,p1002
p355,p1541
p355,p1820
p356,p1159
p356,p1815
p356,p1906
p357,p906
p357,p1562
p358,p527
p358,p1284
p358,p1608
p359,p1639
p359,p1741
p360,p629
p360,p1194
p360,p1633
p361,p867
p361,p1550
p362,p382
p363,p1198
p363,p1842
p364,p593
p365,p498
p365,p882
p365,p1635
p365,p1926
p366,p1302
p366,p1658
p367,p1094
p368,p1441
p369,p1489
p370,p652
p370,p1164
p370,p1588
p371,p606
p371,p905
p372,p472
p372,p999
p374,p1322
p374,p1414
p374,p1936
p375,p1639
p376,p479
p376,p1649
p377,p653
p377,p1393
p377,p1642
p378,p460
p378,p1344
p379,p966
p379,p1147
p380,p1029
p380,p1736
p381,p400
p381,p1167
p381,p1973
p382,p1351
p383,p751
p383,p1034
p384,p517
p384,p1767
p385,p700
p386,p818
p386,p1937
p387,p488
p387,p1026
p387,p1673
p388,p467
p388,p1084
p388,p1456
p389,p1183
p390,p998
p390,p1359
p390,p1462
p391,p1894
p391,p1935
p392,p970
p393,p631
p393,p1541
p394,p1867
p394,p1973
p395,p760
p396,p1396
p396,p1838
p396,p1889
p397,p1585
p397,p1602
p398,p912
p398,p1646
p399,p1469
p400,p1726
p401,p895
p401,p1741
p402,p1167
p402,p1918
p403,p777
p403,p1208
p404,p1148
p404,p1979
p405,p710
p405,p1543
p406,p739
p406,p1589
p407,p1009
p407,p1994
p408,p501
p408,p1746
p408,p1901
p409,p859
p410,p628
p410,p661
p410,p1769
p411,p1556
p411,p1952
p412,p948
p412,p1158
p413,p584
p413,p699
p413,p1553
p414,p596
p415,p645
p415,p701
p415,p915
p416,p748
p416,p858
p416,p1463
p417,p1045
p417,p1700
p418,p998
p418,p1871
p419,p556
p419,p1010
p419,p1784
p420,p1214
p420,p1789
p421,p428
p421,p938
p422,p1468
p422,p1593
p423,p691
p423,p1896
p424,p761
p424,p1991
p425,p518
p425,p853
p425,p1590
p427,p844
p427,p1624
p428,p591
p428,p1662
p429,p1027
p429,p1338
p430,p743
p430,p1128
p430,p1238
p431,p844
p431,p1312
p431,p1330
p432,p465
p432,p834
p433,p968
p435,p1091
p435,p1265
p436,p790
p436,p1039
p436,p1567
p437,p515
p437,p589
p437,p846
p438,p1524
p439,p720
p439,p1759
p440,p471
p440,p1046
p440,p1139
p441,p795
p441,p1228
p441,p1390
p441,p1413
p442,p812
p442,p1077
p443,p1485
p444,p713
p444,p1464
p444,p1931
p445,p639
p445,p1740
p446,p718
p447,p930
p448,p985
p449,p678
p449,p747
p449,p749
p450,p1379
p451,p1292
p451,p1780
p452,p457
p452,p1979
p453,p677
p453,p1782
p453,p1801
p454,p1669
p454,p1717
p455,p1802
p456,p780
p457,p1443
p459,p1607
p459,p1923
p460,p1750
p461,p1142
p462,p1217
p462,p1965
p463,p842
p463,p867
p463,p970
p464,p1130
p464,p1859
p465,p885
p465,p1991
p466,p878
p466,p1388
p467,p1278
p468,p1446
p468,p1675
p468,p1750
p469,p546
p469,p978
p469,p1062
p470,p969
p470,p1058
p470,p1559
p471,p1426
p471,p1655
p472,p583
p473,p1778
p474,p1560
p475,p892
p475,p948
p476,p1184
p476,p1633
p477,p766
p477,p1746
p478,p591
p478,p923
p479,p1210
p480,p623
p480,p1021
p481,p1522
p481,p1995
p482,p1259
p482,p1861
p483,p873
p483,p1894
p484,p1249
p484,p1377
p485,p806
p486,p627
p486,p1204
p486,p1811
p487,p1173
p487,p1584
p487,p1861
p488,p1612
p490,p835
p490,p880
p490,p1384
p490,p1591
p491,p799
p491,p1914
p492,p660
p492,p933
p493,p863
p493,p1712
p494,p566
p494,p675
p495,p555
p495,p1287
p496,p1326
p496,p1343
p496,p1684
p497,p1647
p499,p1154
p499,p1737
p500,p1222
p501,p1537
p502,p903
p502,p1254
p503,p1445
p503,p1590
p504,p1064
p504,p1791
p504,p1974
p505,p1309
p505,p1631
p506,p1351
p506,p1530
p507,p857
p507,p1962
p508,p1104
p508,p1283
p508,p1628
p509,p997
p510,p945
p510,p1755
p511,p1640
p511,p1660
p512,p1345
p512,p1600
p512,p1901
p513,p1137
p514,p1411
p514,p1550
p514,p1607
p516,p840
p516,p1846
p517,p863
p517,p1212
p518,p1350
p519,p609
p519,p1822
p520,p1202
p521,p585
p521,p1068
p522,p887
p522,p1980
p523,p1828
p524,p1232
p525,p999
p525,p1807
p526,p688
p526,p1529
p527,p1457
p528,p635
p528,p1588
p529,p581
p529,p724
p530,p861
p530,p1521
p530,p1627
p531,p1883
p532,p1860
p533,p1034
p533,p1489
p534,p1443
p534,p1523
p534,p1811
p535,p787
p535,p1141
p535,p1392
p536,p706
p536,p1000
p536,p1420
p537,p641
p537,p782
p537,p794
p538,p771
p538,p1155
p539,p1031
p539,p1268
p539,p1635
p540,p1718
p541,p681
p541,p1853
p542,p730
p542,p1755
p543,p1088
p544,p1636
p545,p1160
p545,p1414
p546,p709
p547,p819
p547,p1598
p548,p1816
p548,p1863
p549,p742
p549,p908
p549,p1730
p550,p601
p550,p991
p550,p993
p550,p1691
p551,p914
p552,p710
p552,p924
p552,p1677
p553,p1903
p554,p1270
p554,p1917
p555,p1125
p557,p641
p557,p782
p557,p1957
p558,p754
p559,p785
p559,p1919
p560,p639
p560,p902
p561,p612
p561,p831
p562,p1728
p563,p738
p563,p1580
p564,p817
p564,p1290
p564,p1704
p565,p1030
p565,p1478
p566,p1848
p567,p1205
p568,p681
p568,p786
p568,p1216
p569,p1421
p569,p1818
p570,p1065
p570,p1446
p571,p899
p571,p1783
p571,p1897
p572,p1825
p573,p1547
p574,p616
p575,p599
p575,p660
p575,p671
p576,p807
p576,p1397
p577,p1008
p577,p1853
p577,p1985
p578,p834
p578,p1086
p579,p891
p579,p1862
p580,p1627
p581,p1341
p582,p743
p582,p1098
p583,p1736
p584,p972
p584,p1107
p585,p686
p585,p990
p586,p1880
p587,p754
p587,p1281
p588,p607
p588,p1186
p588,p1502
p589,p1261
p590,p1379
p590,p1859
p591,p1548
p592,p1329
p592,p1767
p593,p616
p594,p1710
p595,p1694
p595,p1785
p596,p1981
p597,p1646
p598,p617
p599,p1597
p600,p1992
p602,p1553
p603,p818
p603,p1511
p603,p1617
p604,p674
p604,p879
p605,p1757
p606,p1052
p606,p1647
p607,p1343
p607,p1448
p608,p1093
p608,p1153
p609,p701
p610,p878
p610,p1078
p611,p1724
p612,p1306
p613,p1231
p613,p1837
p614,p1057
p614,p1781
p615,p650
p615,p1498
p616,p1211
p617,p1399
p618,p1019
p618,p1022
p618,p1539
p619,p752
p620,p909
p620,p918
p621,p1534
p622,p1941
p623,p1878
p624,p1598
p624,p1845
p626,p1570
p626,p1928
p627,p949
p627,p1356
p628,p1132
p629,p1773
p630,p1622
p630,p1709
p632,p1070
p633,p664
p634,p643
p634,p1751
p635,p1271
p636,p746
p636,p1893
p636,p1947
p637,p655
p637,p1510
p637,p1765
p637,p1900
p638,p980
p639,p940
p640,p1381
p640,p1471
p641,p1364
p642,p873
p642,p1975
p643,p929
p644,p911
p644,p1427
p645,p782
p645,p1274
p646,p1907
p646,p1974
p647,p1105
p647,p1525
p647,p1855
p648,p854
p648,p919
p648,p921
p648,p1072
p651,p1778
p651,p1868
p654,p1145
p654,p1281
p655,p1178
p655,p1945
p656,p1040
p656,p1395
p657,p1220
p657,p1538
p658,p876
p659,p1183
p659,p1476
p659,p1799
p660,p1410
p661,p836
p661,p1583
p662,p874
p662,p1478
p663,p1276
p664,p1772
p665,p858
p665,p1463
p665,p1783
p666,p1632
p667,p1412
p667,p1485
p668,p1246
p668,p1418
p668,p1973
p669,p1560
p670,p1264
p670,p1600
p671,p704
p671,p1751
p672,p682
p672,p1333
p673,p714
p673,p791
p673,p1843
p674,p1026
p675,p1559
p676,p836
p676,p1503
p676,p1606
p676,p1954
p677,p1426
p678,p1024
p679,p829
p680,p1480
p680,p1947
p681,p896
p681,p1910
p682,p1888
p683,p1320
p683,p1834
p685,p954
p685,p1628
p687,p1163
p687,p1240
p688,p1888
p689,p1264
p689,p1901
p690,p1129
p691,p1355
p692,p1874
p693,p1051
p693,p1339
p694,p1615
p694,p1971
p695,p1280
p695,p1428
p696,p1700
p697,p767
p697,p1540
p698,p1473
p698,p1649
p699,p1257
p700,p744
p703,p1856
p703,p1964
p704,p1933
p705,p971
p705,p1181
p705,p1990
p706,p1672
p707,p925
p707,p1729
p708,p901
p708,p1287
p709,p1299
p709,p1849
p710,p874
p711,p1294
p712,p1103
p712,p1896
p713,p825
p714,p1369
p715,p904
p715,p1562
p716,p1184
p716,p1453
p717,p868
p717,p1430
p718,p1875
p719,p966
p719,p1454
p719,p1826
p720,p1235
p720,p1356
p721,p1693
p722,p1105
p722,p1855
p723,p1026
p723,p1317
p723,p1612
p724,p1749
p725,p877
p725,p1164
p726,p1043
p726,p1848
p727,p1137
p727,p1298
p728,p1157
p728,p1926
p729,p1231
p729,p1299
p729,p1961
p730,p1196
p730,p1811
p731,p965
p731,p1614
p732,p1835
p733,p956
p733,p1836
p734,p1252
p734,p1867
p735,p1116
p736,p921
p736,p1072
p736,p1546
p737,p851
p737,p876
p739,p1616
p740,p1344
p740,p1375
p740,p1954
p742,p1874
p743,p904
p744,p830
p745,p854
p745,p1513
p745,p1999
p746,p1800
p748,p1814
p749,p1112
p750,p1751
p751,p1085
p752,p833
p752,p1323
p753,p1862
p754,p1315
p755,p918
p755,p1579
p756,p1056
p757,p771
p757,p924
p757,p1023
p758,p1805
p759,p989
p760,p1481
p761,p1030
p762,p1712
p762,p1876
p763,p964
p763,p1118
p764,p1462
p764,p1836
p765,p1577
p766,p1214
p766,p1824
p767,p1081
p768,p790
p768,p822
p768,p1039
p769,p996
p770,p995
p770,p1609
p772,p788
p773,p1501
p774,p936
p774,p1702
p775,p837
p775,p1533
p776,p1516
p776,p1770
p777,p933
p778,p811
p778,p997
p779,p857
p779,p1796
p780,p838
p780,p1036
p781,p906
p781,p1668
p782,p915
p783,p922
p783,p1962
p784,p1357
p784,p1678
p784,p1976
p785,p832
p785,p1835
p786,p1097
p786,p1154
p788,p1185
p788,p1191
p789,p1593
p789,p1772
p790,p1634
p791,p985
p791,p1796
p792,p1288
p792,p1642
p793,p1195
p794,p1231
p795,p1667
p796,p1395
p796,p1555
p797,p987
p798,p964
p798,p1250
p798,p1480
p799,p1576
p800,p1014
p800,p1359
p802,p1863
p802,p1977
p803,p1304
p803,p1751
p804,p1050
p804,p1561
p805,p823
p805,p1007
p805,p1122
p807,p1179
p807,p1389
p807,p1881
p808,p1041
p808,p1966
p809,p827
p809,p1815
p809,p1832
p810,p1062
p810,p1850
p811,p1465
p812,p1586
p813,p1829
p815,p931
p815,p1755
p816,p1271
p816,p1998
p817,p1138
p818,p1319
p820,p1462
p820,p1871
p821,p1358
p821,p1623
p821,p1668
p822,p1423
p822,p1634
p822,p1832
p823,p1667
p823,p1737
p824,p1076
p824,p1353
p825,p934
p825,p1078
p825,p1236
p826,p1047
p827,p1634
p828,p959
p828,p1499
p828,p1701
p830,p1509
p832,p1305
p832,p1895
p833,p971
p833,p1181
p834,p951
p835,p1165
p837,p1491
p837,p1757
p838,p1977
p839,p982
p840,p1573
p841,p1627
p842,p1600
p843,p984
p843,p1549
p844,p1137
p845,p1350
p845,p1680
p846,p1823
p847,p1622
p847,p1662
p848,p981
p849,p1354
p849,p1841
p850,p901
p850,p1057
p851,p1263
p852,p1376
p852,p1776
p853,p1499
p854,p1192
p855,p934
p855,p1464
p856,p1115
p856,p1727
p857,p1042
p858,p937
p858,p1242
p859,p1789
p860,p1698
p860,p1810
p861,p1148
p861,p1872
p862,p1031
p862,p1738
p862,p1759
p863,p1851
p864,p973
p865,p1085
p865,p1288
p866,p1192
p866,p1271
p866,p1998
p867,p1902
p868,p1044
p869,p1146
p869,p1175
p870,p922
p870,p1431
p871,p1522
p872,p1293
p872,p1694
p872,p1785
p875,p1001
p875,p1101
p875,p1466
p877,p1301
p877,p1507
p878,p1423
p879,p1915
p880,p1015
p880,p1363
p881,p1219
p881,p1668
p883,p1685
p883,p1942
p884,p1258
p884,p1906
p885,p1864
p886,p1561
p887,p1229
p887,p1591
p888,p1293
p888,p1433
p888,p1671
p889,p1562
p890,p936
p891,p1851
p891,p1876
p892,p1233
p893,p1100
p894,p1951
p894,p1983
p894,p1987
p896,p1782
p897,p1917
p898,p1018
p898,p1536
p899,p1242
p901,p1209
p902,p1032
p902,p1529
p903,p1946
p904,p1690
p905,p1758
p906,p1415
p907,p1850
p909,p1786
p910,p1124
p910,p1704
p911,p1198
p911,p1573
p911,p1753
p913,p1704
p914,p1459
p914,p1793
p916,p1943
p917,p1133
p917,p1750
p918,p1673
p919,p1092
p919,p1372
p920,p1029
p920,p1037
p921,p1885
p921,p1995
p922,p1601
p925,p1409
p926,p947
p926,p1733
p927,p1066
p927,p1356
p928,p1714
p929,p1053
p929,p1595
p930,p1096
p930,p1797
p931,p1204
p932,p1217
p934,p1021
p935,p1758
p935,p1982
p936,p1643
p937,p1653
p937,p1992
p939,p1528
p939,p1744
p940,p1298
p940,p1453
p941,p1726
p941,p1856
p942,p1377
p943,p967
p943,p1014
p944,p1784
p945,p1267
p945,p1825
p946,p1071
p946,p1506
p946,p1708
p947,p1349
p948,p1025
p949,p1286
p950,p1313
p950,p1701
p951,p1538
p952,p1277
p953,p1316
p953,p1373
p954,p1144
p954,p1440
p955,p1720
p955,p1889
p956,p1014
p956,p1359
p957,p1393
p957,p1699
p959,p1129
p960,p1118
p960,p1168
p961,p993
p961,p1355
p961,p1659
p962,p1110
p962,p1422
p963,p1454
p963,p1817
p964,p1348
p965,p1886
p967,p1109
p967,p1899
p968,p1373
p968,p1430
p972,p1447
p974,p1108
p975,p1188
p976,p1143
p976,p1458
p976,p1469
p977,p1061
p977,p1380
p979,p1427
p980,p1406
p980,p1608
p982,p1325
p982,p1638
p983,p1895
p984,p1295
p984,p1687
p985,p1369
p986,p1496
p987,p1665
p987,p1911
p988,p1168
p988,p1239
p989,p1201
p989,p1473
p990,p1442
p990,p1445
p991,p1005
p992,p1645
p992,p1920
p993,p1109
p994,p1747
p995,p1879
p996,p1196
p997,p1762
p1000,p1650
p1001,p1065
p1003,p1858
p1003,p1994
p1004,p1017
p1004,p1505
p1005,p1613
p1006,p1021
p1006,p1236
p1008,p1663
p1008,p1948
p1009,p1174
p1010,p1820
p1012,p1682
p1013,p1803
p1015,p1131
p1015,p1374
p1016,p1670
p1016,p1978
p1017,p1630
p1018,p1124
p1018,p1683
p1019,p1615
p1020,p1408
p1020,p1484
p1021,p1162
p1022,p1149
p1022,p1514
p1023,p1716
p1025,p1278
p1025,p1860
p1027,p1028
p1027,p1429
p1028,p1366
p1030,p1831
p1031,p1235
p1032,p1474
p1033,p1646
p1034,p1085
p1035,p1073
p1035,p1122
p1036,p1816
p1037,p1337
p1038,p1062
p1038,p1404
p1039,p1162
p1041,p1501
p1042,p1964
p1043,p1612
p1044,p1770
p1045,p1262
p1047,p1891
p1048,p1847
p1049,p1695
p1049,p1948
p1050,p1697
p1050,p1721
p1051,p1118
p1052,p1754
p1054,p1666
p1055,p1703
p1055,p1747
p1056,p1570
p1057,p1324
p1059,p1115
p1059,p1799
p1060,p1922
p1061,p1200
p1063,p1380
p1063,p1626
p1064,p1720
p1065,p1215
p1065,p1405
p1067,p1087
p1068,p1199
p1069,p1966
p1071,p1098
p1071,p1367
p1072,p1092
p1072,p1713
p1073,p1737
p1073,p1944
p1074,p1372
p1074,p1706
p1075,p1511
p1075,p1937
p1075,p1959
p1076,p1365
p1077,p1378
p1077,p1686
p1078,p1891
p1079,p1703
p1080,p1657
p1082,p1160
p1083,p1209
p1083,p1275
p1083,p1287
p1084,p1194
p1084,p1631
p1086,p1407
p1086,p1705
p1087,p1989
p1088,p1873
p1089,p1256
p1089,p1646
p1090,p1873
p1091,p1653
p1092,p1531
p1092,p1692
p1093,p1273
p1094,p1556
p1095,p1542
p1097,p1782
p1100,p1520
p1101,p1910
p1102,p1225
p1102,p1827
p1102,p1919
p1103,p1470
p1104,p1756
p1106,p1469
p1107,p1257
p1107,p1447
p1108,p1498
p1111,p1548
p1112,p1260
p1113,p1824
p1113,p1843
p1114,p1725
p1114,p1745
p1115,p1366
p1115,p1652
p1116,p1781
p1117,p1335
p1117,p1471
p1117,p1730
p1119,p1132
p1119,p1907
p1120,p1342
p1121,p1243
p1121,p1629
p1123,p1253
p1123,p1533
p1123,p1884
p1123,p1921
p1124,p1497
p1125,p1916
p1126,p1255
p1127,p1435
p1128,p1339
p1129,p1977
p1130,p1222
p1131,p1591
p1132,p1949
p1133,p1760
p1133,p1779
p1134,p1797
p1135,p1435
p1135,p1952
p1136,p1264
p1136,p1482
p1136,p1722
p1137,p1237
p1138,p1470
p1138,p1683
p1139,p1675
p1140,p1157
p1140,p1650
p1142,p1433
p1142,p1713
p1143,p1679
p1144,p1835
p1145,p1438
p1146,p1250
p1146,p1374
p1147,p1826
p1147,p1895
p1148,p1527
p1149,p1437
p1151,p1267
p1152,p1904
p1154,p1912
p1155,p1376
p1155,p1543
p1156,p1774
p1156,p1840
p1157,p1674
p1158,p1587
p1160,p1729
p1163,p1969
p1165,p1839
p1166,p1673
p1167,p1726
p1168,p1339
p1169,p1191
p1169,p1671
p1170,p1786
p1171,p1437
p1171,p1905
p1172,p1512
p1175,p1582
p1176,p1296
p1177,p1637
p1177,p1743
p1177,p1916
p1178,p1765
p1179,p1475
p1180,p1398
p1182,p1619
p1182,p1723
p1182,p1929
p1183,p1870
p1185,p1454
p1186,p1240
p1187,p1400
p1187,p1836
p1188,p1532
p1189,p1696
p1189,p1745
p1189,p1970
p1190,p1262
p1190,p1854
p1191,p1681
p1192,p1625
p1193,p1587
p1194,p1909
p1195,p1203
p1197,p1269
p1197,p1282
p1198,p1349
p1199,p1313
p1202,p1467
p1202,p1639
p1203,p1439
p1203,p1560
p1206,p1223
p1206,p1482
p1206,p1787
p1207,p1529
p1209,p1990
p1210,p1611
p1210,p1932
p1213,p1337
p1213,p1790
p1215,p1801
p1216,p1985
p1217,p1296
p1218,p1804
p1218,p1938
p1220,p1311
p1221,p1450
p1221,p1828
p1221,p1842
p1223,p1459
p1223,p1805
p1224,p1619
p1224,p1749
p1225,p1658
p1225,p1777
p1226,p1574
p1226,p1833
p1226,p1872
p1227,p1290
p1227,p1939
p1228,p1540
p1230,p1909
p1232,p1688
p1234,p1330
p1234,p1336
p1236,p1423
p1237,p1298
p1238,p1339
p1239,p1645
p1240,p1378
p1241,p1331
p1241,p1626
p1241,p1640
p1242,p1783
p1243,p1777
p1244,p1281
p1245,p1578
p1246,p1382
p1247,p1524
p1247,p1766
p1248,p1389
p1248,p1504
p1249,p1284
p1251,p1644
p1251,p1720
p1254,p1757
p1256,p1306
p1258,p1406
p1259,p1579
p1260,p1444
p1260,p1552
p1261,p1850
p1263,p1959
p1265,p1883
p1266,p1680
p1266,p1931
p1268,p1917
p1269,p1401
p1269,p1565
p1270,p1738
p1272,p1556
p1272,p1909
p1274,p1291
p1274,p1988
p1275,p1547
p1276,p1972
p1277,p1526
p1277,p1576
p1278,p1585
p1279,p1699
p1279,p1807
p1279,p1997
p1283,p1364
p1284,p1553
p1285,p1371
p1285,p1524
p1286,p1544
p1288,p1500
p1289,p1555
p1289,p1931
p1291,p1957
p1292,p1346
p1293,p1449
p1295,p1429
p1296,p1530
p1297,p1460
p1297,p1698
p1297,p1810
p1300,p1764
p1300,p1868
p1301,p1866
p1302,p1689
p1303,p1630
p1306,p1488
p1307,p1429
p1308,p1383
p1308,p1563
p1308,p1858
p1310,p1804
p1310,p1915
p1311,p1555
p1312,p1587
p1313,p1432
p1314,p1386
p1314,p1471
p1315,p1865
p1319,p1763
p1321,p1340
p1321,p1728
p1325,p1687
p1325,p1890
p1326,p1342
p1327,p1945
p1328,p1632
p1329,p1382
p1330,p1679
p1331,p1731
p1331,p1988
p1332,p1439
p1334,p1692
p1334,p1713
p1336,p1788
p1338,p1930
p1340,p1739
p1340,p1821
p1341,p1509
p1345,p1923
p1347,p1966
p1352,p1411
p1352,p1983
p1354,p1946
p1357,p1410
p1358,p1419
p1361,p1844
p1363,p1422
p1365,p1442
p1367,p1690
p1368,p1438
p1368,p1487
p1368,p1490
p1369,p1769
p1370,p1402
p1371,p1886
p1372,p1605
p1373,p1955
p1375,p1779
p1379,p1488
p1381,p1788
p1382,p1838
p1383,p1502
p1383,p1686
p1385,p1414
p1385,p1610
p1386,p1458
p1387,p1593
p1387,p1655
p1388,p1423
p1389,p1701
p1390,p1948
p1391,p1526
p1392,p1877
p1394,p1589
p1396,p1851
p1397,p1711
p1398,p1404
p1398,p1752
p1399,p1602
p1399,p1773
p1405,p1984
p1407,p1577
p1408,p1457
p1409,p1715
p1409,p1882
p1411,p1890
p1415,p1542
p1416,p1428
p1417,p1431
p1417,p1839
p1417,p1986
p1418,p1949
p1419,p1699
p1420,p1514
p1424,p1554
p1424,p1662
p1425,p1461
p1425,p1957
p1427,p1452
p1427,p1753
p1430,p1812
p1432,p1475
p1433,p1546
p1434,p1554
p1434,p1672
p1434,p1771
p1435,p1633
p1436,p1989
p1439,p1532
p1441,p1719
p1442,p1567
p1444,p1676
p1445,p1455
p1446,p1495
p1451,p1535
p1451,p1732
p1452,p1956
p1455,p1878
p1456,p1773
p1459,p1787
p1460,p1520
p1460,p1711
p1461,p1596
p1461,p1626
p1463,p1975
p1465,p1982
p1466,p1782
p1467,p1545
p1468,p1644
p1468,p1993
p1470,p1484
p1473,p1965
p1474,p1794
p1476,p1823
p1477,p1545
p1478,p1543
p1479,p1710
p1481,p1834
p1482,p1657
p1482,p1873
p1486,p1920
p1487,p1641
p1490,p1565
p1492,p1717
p1492,p1774
p1493,p1896
p1494,p1893
p1494,p1960
p1495,p1717
p1495,p1750
p1495,p1924
p1497,p1780
p1503,p1907
p1504,p1569
p1504,p1881
p1505,p1665
p1506,p1700
p1508,p1512
p1508,p1924
p1509,p1808
p1510,p1945
p1512,p1984
p1515,p1706
p1516,p1715
p1517,p1522
p1517,p1785
p1518,p1897
p1519,p1692
p1522,p1546
p1528,p1807
p1530,p1666
p1534,p1698
p1534,p1897
p1535,p1694
p1535,p1830
p1537,p1844
p1538,p1953
p1539,p1905
p1544,p1955
p1545,p1874
p1547,p1990
p1548,p1616
p1550,p1890
p1551,p1747
p1557,p1623
p1561,p1950
p1562,p1690
p1564,p1877
p1564,p1900
p1566,p1967
p1568,p1993
p1571,p1942
p1572,p1681
p1572,p1963
p1573,p1846
p1574,p1592
p1575,p1680
p1578,p1620
p1579,p1786
p1580,p1702
p1581,p1821
p1583,p1803
p1586,p1914
p1586,p1969
p1587,p1602
p1594,p1941
p1597,p1857
p1597,p1978
p1601,p1651
p1603,p1679
p1603,p1798
p1604,p1778
p1604,p1912
p1606,p1993
p1607,p1902
p1609,p1971
p1613,p1761
p1614,p1766
p1616,p1622
p1617,p1871
p1620,p1735
p1620,p1869
p1625,p1885
p1632,p1775
p1645,p1854
p1648,p1760
p1648,p1803
p1654,p1790
p1657,p1805
p1658,p1827
p1659,p1761
p1661,p1911
p1666,p1865
p1669,p1808
p1670,p1933
p1676,p1768
p1676,p1868
p1677,p1747
p1678,p1858
p1682,p1962
p1688,p1741
p1689,p1777
p1693,p1930
p1697,p1933
p1698,p1711
p1699,p1987
p1705,p1734
p1705,p1940
p1706,p1999
p1707,p1800
p1718,p1904
p1721,p1743
p1722,p1787
p1724,p1877
p1724,p1960
p1729,p1748
p1733,p1846
p1734,p1776
p1739,p1819
p1742,p1783
p1744,p1934
p1752,p1849
p1754,p1756
p1760,p1774
p1763,p1861
p1764,p1944
p1766,p1883
p1767,p1958
p1784,p1859
p1791,p1889
p1793,p1992
p1795,p1807
p1795,p1819
p1799,p1823
p1806,p1829
p1817,p1830
p1823,p1925
p1826,p1830
p1827,p1996
p1843,p1887
p1857,p1898
p1860,p1892
p1862,p1908
p1863,p1925
p1869,p1950
p1880,p1884
p1882,p1935
p1890,p1951
p1900,p1960
p1912,p1944
p1921,p1963
p1924,p1929
p1927,p1982
p1945,p1967
