p0,p149
p0,p231
p0,p646
p0,p1483
p1,p165
p1,p829
p1,p1580
p2,p119
p2,p1543
p3,p516
p3,p890
p3,p994
p3,p1978
p4,p122
p4,p1432
p4,p1551
p4,p1592
p5,p171
p5,p777
p5,p1060
p5,p1347
p5,p1784
p5,p1841
p6,p331
p6,p632
p6,p1240
p6,p1409
p7,p482
p7,p1009
p7,p1515
p7,p1831
p8,p560
p8,p695
p8,p1152
p8,p1307
p8,p1712
p8,p1806
p9,p775
p9,p1210
p10,p136
p10,p700
p10,p1736
p11,p509
p11,p1708
p11,p1852
p12,p374
p12,p965
p12,p1927
p13,p325
p13,p414
p13,p1715
p14,p524
p14,p545
p14,p968
p14,p1874
p15,p364
p15,p973
p15,p1191
p15,p1326
p15,p1357
p16,p150
p16,p648
p16,p1879
p16,p1932
p17,p817
p17,p1007
p17,p1374
p18,p47
p18,p674
p18,p849
p18,p1056
p18,p1232
p18,p1566
p19,p787
p19,p1248
p19,p1574
p20,p945
p20,p1127
p20,p1354
p20,p1437
p20,p1896
p21,p78
p21,p282
p21,p825
p21,p1491
p22,p79
p22,p800
p22,p1671
p22,p1887
p23,p907
p23,p965
p23,p1280
p23,p1393
p23,p1927
p24,p635
p24,p1046
p24,p1786
p25,p96
p25,p730
p25,p1521
p25,p1616
p25,p1979
p26,p424
p26,p1040
p26,p1401
p27,p219
p27,p704
p28,p224
p28,p548
p28,p1489
p29,p334
p29,p1189
p29,p1324
p29,p1804
p29,p1894
p30,p265
p30,p1445
p30,p1633
p31,p356
p31,p1242
p31,p1713
p32,p1043
p32,p1075
p32,p1469
p32,p1520
p33,p446
p33,p526
p33,p714
p33,p767
p34,p1407
p34,p1622
p34,p1929
p35,p220
p35,p381
p35,p1860
p35,p1905
p36,p73
p36,p1458
p36,p1481
p36,p1847
p37,p732
p37,p1360
p37,p1369
p37,p1396
p38,p167
p38,p322
p38,p1370
p38,p1955
p39,p1047
p39,p1790
p40,p133
p40,p1150
p40,p1484
p41,p385
p41,p728
p41,p1565
p41,p1755
p42,p1271
p42,p1818
p43,p75
p43,p113
p43,p818
p43,p1594
p44,p72
p44,p462
p44,p1126
p44,p1302
p44,p1795
p45,p573
p45,p620
p45,p1878
p46,p372
p46,p593
p46,p1941
p47,p676
p47,p972
p47,p1220
p48,p304
p48,p1469
p48,p1847
p48,p1922
p49,p1043
p49,p1188
p49,p1562
p50,p656
p50,p1313
p51,p983
p51,p1116
p51,p1299
p51,p1382
p52,p249
p52,p1132
p52,p1669
p52,p1980
p53,p1282
p53,p1588
p53,p1677
p54,p248
p54,p1727
p54,p1761
p55,p203
p55,p432
p55,p493
p55,p1086
p56,p130
p56,p507
p56,p581
p56,p652
p56,p734
p57,p936
p57,p969
p57,p1513
p57,p1801
p57,p1973
p58,p457
p58,p495
p58,p1295
p58,p1903
p59,p203
p59,p354
p59,p1952
p60,p65
p60,p313
p60,p661
p60,p858
p60,p1769
p61,p1031
p61,p1084
p61,p1406
p62,p529
p62,p1545
p62,p1640
p63,p85
p63,p209
p63,p389
p63,p808
p63,p1724
p64,p266
p64,p1241
p64,p1624
p65,p590
p65,p661
p65,p1147
p66,p185
p66,p918
p66,p1127
p66,p1321
p67,p186
p67,p880
p67,p988
p67,p1943
p68,p108
p68,p179
p68,p558
p68,p707
p68,p1454
p68,p1464
p69,p137
p69,p1506
p69,p1718
p69,p1911
p70,p499
p70,p1197
p71,p216
p71,p761
p71,p765
p71,p1508
p72,p462
p72,p665
p72,p821
p73,p1803
p73,p1934
p74,p385
p74,p1480
p74,p1651
p74,p1755
p75,p617
p75,p818
p75,p1255
p76,p1010
p76,p1033
p76,p1883
p77,p91
p77,p345
p77,p362
p77,p863
p77,p1423
p78,p175
p78,p807
p78,p1449
p78,p1491
p79,p650
p79,p1641
p80,p207
p80,p300
p80,p409
p80,p480
p81,p479
p81,p820
p81,p1382
p81,p1672
p81,p1680
p82,p140
p82,p764
p82,p890
p82,p1523
p82,p1798
p82,p1812
p83,p467
p83,p678
p83,p1699
p84,p453
p84,p456
p85,p494
p85,p1331
p85,p1724
p85,p1970
p86,p931
p86,p997
p87,p806
p87,p1298
p87,p1571
p87,p1730
p88,p1035
p88,p1502
p88,p1819
p88,p1883
p89,p177
p89,p256
p89,p1208
p89,p1428
p90,p447
p90,p781
p90,p1117
p90,p1290
p90,p1600
p91,p362
p91,p1086
p91,p1423
p92,p1331
p92,p1348
p92,p1724
p93,p344
p93,p974
p93,p1098
p93,p1746
p94,p449
p94,p603
p94,p1949
p95,p348
p95,p657
p95,p1031
p95,p1406
p95,p1705
p95,p1981
p96,p348
p96,p657
p96,p1521
p96,p1939
p97,p1293
p97,p1378
p97,p1424
p97,p1451
p98,p454
p98,p495
p98,p718
p98,p738
p98,p1400
p99,p151
p99,p247
p99,p1185
p100,p773
p100,p1629
p101,p474
p101,p594
p101,p726
p101,p1531
p102,p524
p102,p545
p102,p1091
p102,p1341
p103,p440
p103,p449
p103,p1328
p103,p1361
p103,p1716
p103,p1848
p104,p279
p104,p1177
p104,p1218
p105,p551
p105,p1207
p105,p1344
p105,p1580
p106,p486
p106,p552
p106,p1544
p107,p1025
p107,p1414
p107,p1817
p108,p123
p108,p558
p108,p901
p108,p1454
p108,p1785
p109,p934
p109,p1011
p109,p1509
p110,p227
p111,p313
p111,p658
p111,p953
p111,p1199
p112,p494
p112,p1272
p113,p502
p114,p932
p114,p1080
p114,p1818
p115,p226
p115,p1370
p115,p1537
p116,p611
p116,p985
p116,p1234
p116,p1438
p116,p1547
p117,p622
p117,p1184
p117,p1511
p117,p1768
p117,p1974
p118,p291
p118,p879
p118,p890
p118,p994
p118,p1447
p119,p237
p119,p790
p120,p421
p120,p857
p120,p937
p120,p1085
p120,p1145
p120,p1174
p121,p603
p121,p872
p121,p1585
p121,p1848
p122,p900
p122,p1432
p122,p1551
p122,p1875
p123,p208
p123,p1167
p123,p1454
p123,p1681
p123,p1785
p124,p272
p124,p1735
p125,p312
p125,p949
p125,p1394
p125,p1968
p126,p199
p126,p1245
p126,p1450
p126,p1993
p127,p221
p127,p1452
p127,p1721
p127,p1779
p128,p433
p128,p854
p128,p900
p129,p1230
p129,p1881
p130,p1069
p130,p1076
p131,p952
p131,p1143
p131,p1950
p131,p1998
p132,p462
p132,p1358
p133,p536
p133,p1109
p133,p1150
p134,p1026
p134,p1116
p134,p1689
p134,p1917
p135,p267
p135,p852
p135,p1013
p135,p1057
p135,p1117
p136,p378
p136,p624
p136,p1546
p137,p1293
p137,p1424
p138,p339
p138,p737
p138,p1697
p138,p1814
p139,p948
p139,p1596
p139,p1762
p139,p1956
p140,p764
p140,p1341
p140,p1472
p140,p1536
p140,p1859
p141,p798
p141,p1019
p141,p1211
p141,p1586
p142,p485
p142,p570
p142,p677
p142,p1947
p143,p414
p143,p548
p143,p560
p143,p1489
p144,p538
p144,p541
p144,p796
p144,p1048
p144,p1637
p144,p1748
p145,p841
p145,p903
p146,p756
p146,p1977
p147,p1704
p147,p1815
p148,p172
p148,p395
p148,p1131
p148,p1589
p148,p1985
p149,p337
p149,p357
p149,p1014
p149,p1568
p150,p1457
p150,p1932
p150,p1971
p151,p1194
p151,p1622
p152,p161
p152,p856
p152,p924
p152,p995
p153,p782
p153,p1284
p153,p1506
p153,p1718
p153,p1977
p154,p506
p154,p868
p154,p1658
p155,p287
p155,p428
p155,p1087
p155,p1185
p155,p1308
p156,p936
p156,p1077
p156,p1747
p157,p1201
p157,p1222
p157,p1362
p158,p415
p158,p1036
p158,p1495
p158,p1857
p159,p1683
p159,p1960
p160,p599
p160,p634
p160,p867
p160,p1276
p161,p1803
p162,p555
p162,p1067
p162,p1921
p162,p1982
p163,p306
p163,p1006
p163,p1291
p164,p878
p164,p1174
p164,p1646
p165,p263
p165,p556
p165,p1976
p166,p257
p166,p342
p166,p848
p166,p1759
p167,p183
p167,p1140
p167,p1955
p167,p1996
p168,p990
p168,p1266
p168,p1758
p168,p1821
p169,p292
p169,p836
p169,p1061
p169,p1455
p169,p1776
p170,p408
p170,p926
p170,p1214
p170,p1349
p171,p263
p171,p352
p171,p1841
p172,p649
p172,p1985
p173,p580
p173,p1497
p174,p297
p174,p1577
p174,p1776
p174,p1823
p175,p815
p175,p1045
p175,p1491
p175,p1660
p176,p672
p176,p703
p176,p970
p177,p1428
p177,p1663
p178,p239
p178,p1034
p178,p1283
p179,p553
p179,p707
p179,p1464
p180,p1176
p180,p1876
p181,p196
p181,p391
p181,p934
p181,p1011
p182,p284
p182,p730
p182,p1161
p182,p1961
p183,p215
p183,p1140
p183,p1488
p183,p1710
p184,p1009
p184,p1247
p184,p1515
p184,p1525
p185,p918
p185,p1021
p185,p1960
p186,p802
p186,p1019
p187,p781
p187,p1149
p187,p1698
p188,p795
p188,p946
p188,p1193
p188,p1552
p188,p1640
p189,p668
p189,p1282
p189,p1450
p189,p1778
p189,p1845
p190,p479
p190,p820
p190,p1505
p191,p356
p191,p1063
p192,p592
p192,p593
p192,p1016
p193,p422
p193,p1310
p193,p1532
p194,p281
p194,p644
p194,p1322
p195,p316
p195,p1252
p195,p1661
p195,p1763
p195,p1916
p196,p1011
p196,p1317
p196,p1851
p197,p852
p197,p1149
p197,p1760
p198,p333
p198,p435
p198,p943
p198,p1367
p199,p1373
p199,p1422
p199,p1870
p199,p1993
p200,p355
p200,p400
p200,p1614
p200,p1618
p201,p496
p201,p643
p201,p723
p201,p1941
p202,p338
p202,p440
p202,p857
p202,p987
p202,p1145
p202,p1328
p203,p405
p203,p1952
p204,p438
p204,p877
p204,p887
p204,p1460
p204,p1623
p205,p244
p205,p432
p205,p1127
p205,p1896
p206,p520
p206,p1270
p206,p1310
p207,p300
p207,p434
p207,p989
p208,p476
p208,p1167
p208,p1263
p209,p275
p209,p303
p209,p1319
p210,p375
p210,p464
p210,p551
p210,p565
p210,p622
p211,p457
p211,p782
p211,p1718
p211,p1903
p212,p235
p212,p455
p212,p907
p212,p1130
p212,p1250
p212,p1280
p212,p1556
p213,p243
p213,p1366
p214,p378
p214,p437
p214,p624
p214,p1630
p215,p1115
p215,p1164
p215,p1488
p215,p1710
p216,p403
p216,p761
p216,p925
p216,p1612
p217,p313
p217,p676
p217,p832
p217,p1220
p218,p735
p218,p969
p218,p1267
p218,p1485
p219,p628
p219,p981
p219,p1327
p220,p293
p220,p307
p220,p1385
p220,p1905
p221,p1721
p221,p1858
p222,p775
p222,p1386
p222,p1543
p223,p488
p223,p1143
p223,p1587
p224,p996
p224,p1711
p225,p723
p225,p939
p225,p1041
p225,p1078
p225,p1545
p226,p690
p226,p1241
p226,p1988
p227,p366
p227,p1676
p228,p448
p228,p1083
p228,p1650
p229,p508
p229,p1809
p230,p681
p230,p895
p230,p1028
p230,p1146
p231,p786
p231,p1483
p231,p1673
p231,p1881
p232,p314
p232,p995
p232,p1560
p233,p545
p233,p1487
p233,p1661
p233,p1906
p233,p1916
p234,p540
p234,p1730
p234,p1834
p234,p1849
p235,p907
p235,p1130
p235,p1501
p235,p1927
p236,p1458
p236,p1847
p236,p1922
p237,p623
p237,p1067
p237,p1607
p238,p1277
p238,p1340
p238,p1605
p238,p1775
p239,p968
p239,p1283
p239,p1874
p239,p1885
p239,p1978
p240,p323
p240,p1314
p240,p1540
p241,p779
p241,p1846
p242,p570
p242,p961
p242,p1578
p243,p1745
p243,p1898
p244,p493
p244,p1127
p245,p815
p245,p1045
p245,p1120
p245,p1251
p246,p1022
p246,p1071
p246,p1090
p246,p1537
p246,p1729
p247,p653
p247,p1807
p248,p746
p248,p844
p248,p860
p248,p1257
p248,p1761
p249,p270
p249,p1132
p250,p588
p250,p804
p250,p962
p250,p1033
p251,p442
p251,p1549
p251,p1577
p251,p1951
p251,p1979
p252,p761
p252,p1236
p252,p1242
p252,p1286
p252,p1713
p253,p447
p253,p510
p253,p722
p253,p1364
p253,p1600
p253,p1697
p254,p448
p254,p1458
p254,p1650
p255,p929
p255,p1393
p255,p1789
p255,p1890
p256,p607
p256,p1208
p257,p833
p257,p1907
p257,p1928
p258,p588
p258,p673
p258,p1712
p259,p426
p259,p587
p259,p1653
p259,p1988
p260,p559
p260,p1071
p260,p1097
p260,p1114
p260,p1653
p261,p476
p262,p1749
p262,p1781
p263,p481
p263,p556
p264,p794
p264,p1027
p264,p1739
p265,p826
p265,p1633
p266,p320
p266,p497
p266,p1988
p267,p1117
p267,p1760
p268,p717
p268,p1412
p268,p1864
p269,p308
p269,p869
p269,p1921
p270,p1238
p270,p1265
p270,p1980
p271,p406
p271,p433
p271,p454
p271,p665
p271,p854
p271,p1051
p271,p1110
p271,p1795
p271,p1839
p272,p1475
p272,p1912
p273,p1315
p273,p1353
p273,p1585
p274,p422
p274,p498
p274,p682
p274,p1270
p275,p303
p275,p717
p275,p1797
p276,p761
p276,p1877
p277,p329
p277,p1621
p277,p1869
p278,p351
p278,p865
p279,p1421
p279,p1434
p279,p1828
p280,p451
p280,p485
p280,p677
p280,p1631
p280,p1662
p281,p693
p281,p1294
p281,p1448
p282,p917
p282,p1395
p282,p1449
p283,p935
p283,p958
p283,p1289
p283,p1703
p284,p1186
p284,p1616
p285,p731
p285,p1538
p285,p1946
p285,p1985
p286,p480
p286,p490
p286,p1107
p287,p512
p287,p1087
p287,p1591
p288,p575
p288,p1088
p288,p1303
p288,p1687
p289,p933
p289,p1581
p289,p1740
p290,p852
p290,p1984
p291,p1447
p291,p1584
p292,p1061
p292,p1377
p292,p1510
p293,p578
p293,p1385
p293,p1844
p294,p396
p294,p969
p294,p1801
p295,p977
p295,p1181
p296,p1469
p296,p1922
p297,p346
p297,p1205
p297,p1823
p298,p813
p298,p902
p298,p1902
p299,p528
p299,p642
p299,p885
p299,p1961
p299,p1969
p300,p409
p300,p1070
p300,p1237
p301,p660
p301,p825
p301,p1359
p301,p1391
p302,p650
p302,p915
p302,p1589
p302,p1641
p303,p494
p303,p1272
p304,p810
p304,p1847
p304,p1947
p305,p741
p305,p1628
p305,p1923
p305,p1938
p306,p1291
p306,p1872
p306,p1991
p307,p561
p307,p982
p307,p1133
p308,p325
p308,p993
p308,p1806
p308,p1820
p309,p902
p309,p1450
p309,p1486
p309,p1499
p310,p391
p310,p625
p310,p934
p310,p1602
p311,p1628
p311,p1799
p311,p1888
p311,p1923
p312,p843
p312,p873
p312,p949
p313,p661
p313,p1199
p313,p1769
p314,p691
p314,p1318
p314,p1560
p315,p330
p315,p488
p315,p1461
p315,p1897
p316,p365
p316,p1636
p317,p454
p317,p554
p317,p743
p317,p854
p317,p1494
p318,p643
p318,p914
p318,p955
p318,p1016
p319,p913
p319,p1474
p319,p1756
p319,p1770
p320,p497
p320,p1233
p320,p1787
p321,p797
p321,p859
p321,p888
p321,p1435
p321,p1463
p322,p1153
p322,p1815
p322,p1955
p323,p420
p323,p1190
p323,p1835
p323,p1946
p324,p1209
p324,p1231
p324,p1498
p324,p1757
p325,p1820
p326,p1801
p326,p1975
p327,p1708
p327,p1852
p327,p1913
p328,p502
p328,p617
p328,p697
p328,p910
p328,p1392
p329,p1336
p329,p1967
p330,p1461
p330,p1645
p330,p1936
p331,p1240
p331,p1409
p331,p1904
p331,p1908
p332,p401
p332,p644
p332,p1322
p333,p612
p333,p943
p334,p957
p334,p1073
p334,p1448
p334,p1500
p335,p397
p335,p748
p335,p1161
p335,p1206
p335,p1918
p336,p670
p336,p1029
p336,p1326
p337,p341
p337,p572
p337,p1568
p337,p1618
p338,p857
p338,p896
p338,p1482
p339,p737
p339,p824
p339,p847
p339,p1134
p340,p716
p340,p1065
p340,p1219
p340,p1470
p340,p1655
p341,p572
p341,p1222
p341,p1618
p342,p754
p342,p1405
p342,p1759
p343,p380
p343,p899
p343,p1510
p343,p1526
p344,p1572
p345,p633
p345,p863
p345,p1020
p346,p1510
p346,p1776
p347,p444
p347,p772
p347,p1744
p347,p1871
p348,p534
p348,p550
p349,p475
p349,p571
p349,p1037
p349,p1248
p349,p1774
p350,p450
p350,p1237
p350,p1746
p351,p924
p351,p1942
p352,p908
p352,p1714
p352,p1914
p353,p884
p353,p1417
p353,p1739
p354,p537
p354,p1013
p354,p1800
p355,p1614
p355,p1627
p357,p572
p357,p1357
p357,p1483
p357,p1737
p358,p923
p358,p1603
p358,p1858
p358,p1893
p359,p633
p359,p1020
p359,p1325
p360,p769
p360,p1347
p361,p369
p361,p905
p361,p1312
p361,p1497
p362,p1952
p363,p605
p363,p1512
p363,p1846
p363,p1948
p364,p923
p364,p1191
p364,p1893
p365,p1243
p365,p1763
p366,p656
p366,p1676
p366,p1827
p367,p557
p367,p575
p367,p744
p367,p1514
p368,p1048
p368,p1168
p368,p1619
p368,p1674
p369,p416
p369,p419
p369,p850
p369,p1314
p370,p503
p370,p526
p370,p739
p370,p1504
p371,p1678
p371,p1934
p371,p1983
p372,p602
p372,p1078
p372,p1264
p372,p1941
p373,p482
p373,p544
p373,p1613
p373,p1906
p374,p436
p374,p1688
p374,p1891
p375,p464
p375,p565
p375,p1644
p375,p1945
p376,p530
p376,p1065
p376,p1124
p376,p1601
p377,p814
p377,p874
p377,p1059
p377,p1330
p378,p624
p378,p1192
p379,p883
p379,p1114
p379,p1479
p380,p960
p380,p1473
p381,p578
p381,p1830
p381,p1860
p382,p398
p382,p400
p382,p1362
p382,p1721
p382,p1779
p382,p1912
p383,p823
p383,p1064
p383,p1527
p383,p1836
p383,p1880
p384,p504
p384,p1129
p384,p1147
p384,p1259
p385,p1480
p385,p1965
p386,p978
p386,p1254
p386,p1296
p387,p879
p387,p890
p387,p1398
p387,p1611
p388,p1451
p388,p1695
p389,p1100
p389,p1319
p389,p1466
p390,p403
p390,p834
p390,p1001
p390,p1155
p392,p1634
p392,p1731
p392,p1804
p392,p1811
p393,p418
p393,p1056
p393,p1875
p394,p628
p394,p797
p394,p1252
p394,p1636
p395,p1169
p395,p1195
p395,p1652
p396,p507
p396,p1751
p396,p1975
p397,p528
p397,p748
p397,p1161
p398,p567
p398,p1362
p398,p1721
p398,p1862
p399,p1561
p400,p1362
p400,p1614
p400,p1735
p401,p715
p401,p1171
p402,p583
p402,p900
p403,p834
p403,p1001
p403,p1429
p404,p413
p404,p600
p404,p991
p404,p1112
p404,p1843
p404,p1999
p405,p493
p405,p1057
p406,p433
p406,p1051
p406,p1432
p407,p606
p407,p645
p407,p1155
p407,p1177
p408,p926
p408,p1214
p408,p1691
p409,p480
p409,p1005
p409,p1107
p409,p1924
p410,p729
p410,p920
p410,p1832
p410,p1833
p411,p951
p411,p1030
p411,p1157
p411,p1330
p411,p1541
p411,p1998
p412,p1178
p412,p1184
p412,p1664
p412,p1701
p412,p1768
p413,p876
p413,p1176
p414,p560
p414,p1806
p415,p760
p415,p1857
p416,p1338
p416,p1540
p417,p1289
p417,p1684
p418,p1477
p419,p1312
p419,p1314
p419,p1375
p420,p632
p420,p1538
p420,p1835
p420,p1946
p421,p514
p421,p626
p421,p669
p421,p1020
p422,p426
p423,p751
p423,p979
p423,p1102
p424,p938
p424,p1401
p424,p1513
p424,p1973
p425,p495
p425,p738
p425,p1903
p426,p498
p426,p639
p427,p734
p427,p969
p427,p1413
p428,p1485
p428,p1622
p428,p1693
p428,p1966
p429,p522
p429,p574
p429,p1132
p429,p1669
p430,p503
p430,p841
p431,p621
p431,p1027
p431,p1049
p431,p1372
p432,p472
p432,p1086
p434,p1070
p435,p671
p435,p943
p436,p931
p436,p1443
p436,p1891
p437,p1192
p437,p1528
p437,p1994
p438,p492
p438,p877
p438,p1460
p438,p1637
p438,p1935
p439,p699
p439,p1118
p439,p1431
p439,p1706
p440,p1138
p440,p1482
p441,p1236
p441,p1508
p442,p1028
p442,p1521
p442,p1549
p442,p1979
p443,p1120
p443,p1244
p443,p1391
p443,p1517
p444,p1154
p445,p586
p445,p1000
p445,p1725
p446,p1105
p446,p1930
p447,p785
p447,p1117
p447,p1600
p449,p1716
p449,p1848
p450,p470
p450,p1070
p450,p1237
p451,p485
p451,p853
p451,p1662
p452,p1415
p452,p1726
p453,p693
p453,p1294
p454,p495
p454,p554
p454,p1302
p454,p1795
p455,p799
p455,p1542
p455,p1556
p456,p1018
p456,p1558
p457,p782
p457,p1295
p457,p1356
p457,p1903
p458,p1312
p458,p1375
p458,p1497
p458,p1533
p459,p837
p459,p875
p459,p1816
p459,p1827
p460,p618
p461,p646
p461,p786
p461,p1379
p461,p1819
p462,p515
p462,p1358
p462,p1625
p463,p752
p463,p1178
p463,p1629
p463,p1701
p464,p622
p464,p1987
p465,p1091
p465,p1252
p465,p1523
p465,p1798
p466,p1290
p466,p1599
p466,p1698
p467,p678
p467,p709
p467,p1353
p467,p1361
p468,p768
p468,p996
p468,p999
p468,p1345
p469,p621
p469,p1214
p469,p1478
p470,p889
p470,p1156
p471,p1006
p471,p1349
p471,p1645
p472,p1692
p472,p1896
p473,p701
p473,p731
p473,p1200
p473,p1538
p473,p1626
p474,p892
p474,p1708
p475,p828
p475,p1418
p476,p846
p476,p1263
p477,p642
p477,p1196
p477,p1969
p478,p729
p478,p1833
p479,p820
p479,p1287
p479,p1791
p479,p1855
p480,p490
p480,p1518
p481,p812
p481,p829
p482,p1515
p482,p1899
p483,p648
p483,p1297
p484,p553
p484,p659
p484,p707
p484,p942
p485,p570
p486,p909
p486,p1365
p486,p1544
p486,p1957
p487,p579
p487,p1575
p487,p1644
p488,p935
p488,p1587
p488,p1897
p489,p642
p489,p1186
p489,p1648
p489,p1961
p490,p668
p490,p1518
p490,p1753
p491,p1439
p491,p1455
p491,p1616
p492,p770
p492,p1460
p492,p1935
p494,p1272
p494,p1970
p495,p1302
p496,p529
p496,p643
p496,p1524
p496,p1640
p496,p1690
p497,p897
p497,p1866
p498,p566
p498,p682
p498,p1787
p499,p598
p499,p920
p500,p1208
p500,p1305
p501,p585
p501,p612
p501,p1459
p501,p1817
p501,p1910
p502,p1340
p503,p739
p503,p1224
p503,p1980
p504,p866
p504,p1700
p505,p630
p505,p1105
p505,p1709
p506,p1627
p506,p1658
p507,p1076
p508,p922
p508,p1685
p508,p1809
p509,p932
p509,p1080
p509,p1767
p510,p785
p510,p1697
p510,p1814
p511,p988
p511,p1741
p511,p1757
p511,p1825
p512,p1591
p512,p1609
p512,p1665
p512,p1770
p513,p1048
p513,p1095
p513,p1183
p513,p1262
p513,p1674
p514,p669
p514,p863
p514,p1020
p515,p821
p516,p1555
p516,p1859
p517,p1005
p517,p1258
p518,p725
p518,p778
p518,p1375
p519,p598
p519,p820
p519,p1137
p519,p1215
p519,p1649
p519,p1783
p520,p1125
p520,p1310
p521,p1209
p521,p1396
p521,p1498
p521,p1860
p522,p671
p522,p1910
p523,p988
p523,p1757
p523,p1995
p524,p545
p524,p1341
p524,p1859
p524,p1874
p525,p1460
p525,p1501
p525,p1623
p525,p1891
p526,p767
p526,p871
p526,p1504
p527,p1529
p527,p1581
p527,p1762
p527,p1850
p527,p1880
p528,p885
p528,p1961
p529,p788
p530,p1601
p531,p732
p531,p1135
p531,p1714
p532,p843
p532,p1394
p532,p1851
p533,p549
p533,p1334
p533,p1635
p533,p1805
p533,p1850
p534,p550
p534,p640
p534,p681
p534,p1516
p535,p1168
p535,p1567
p535,p1868
p536,p716
p536,p1109
p536,p1248
p537,p1013
p537,p1719
p537,p1800
p538,p541
p538,p1453
p538,p1637
p539,p1021
p539,p1332
p539,p1438
p539,p1547
p540,p757
p540,p1082
p540,p1175
p541,p796
p541,p806
p542,p774
p542,p968
p542,p1160
p542,p1659
p543,p779
p543,p1285
p543,p1596
p543,p1863
p543,p1956
p544,p984
p544,p1124
p544,p1350
p544,p1484
p544,p1515
p544,p1613
p544,p1763
p546,p1017
p546,p1121
p546,p1346
p547,p630
p547,p1547
p547,p1986
p548,p560
p548,p1152
p548,p1489
p549,p609
p549,p1762
p549,p1805
p550,p895
p551,p565
p551,p1207
p552,p1311
p552,p1622
p553,p1309
p554,p718
p554,p1494
p554,p1666
p555,p623
p555,p869
p555,p1386
p556,p1579
p557,p744
p557,p1185
p557,p1308
p558,p901
p558,p1468
p559,p976
p559,p1071
p559,p1503
p560,p1152
p561,p912
p561,p1151
p561,p1385
p562,p1068
p562,p1122
p562,p1181
p562,p1225
p562,p1339
p562,p1999
p563,p564
p563,p641
p563,p1024
p563,p1265
p564,p568
p564,p1265
p564,p1667
p565,p1231
p566,p635
p566,p1004
p566,p1781
p566,p1786
p567,p923
p567,p1191
p567,p1201
p567,p1362
p567,p1862
p568,p641
p568,p1367
p568,p1667
p569,p760
p569,p1668
p571,p1576
p571,p1767
p573,p1878
p574,p1182
p574,p1669
p575,p913
p576,p1542
p576,p1642
p576,p1953
p577,p647
p577,p1387
p577,p1782
p577,p1867
p577,p1944
p578,p1741
p579,p1575
p579,p1945
p580,p815
p580,p1251
p580,p1497
p580,p1554
p581,p683
p581,p734
p581,p1966
p582,p791
p582,p1278
p582,p1571
p582,p1730
p583,p826
p583,p1494
p583,p1666
p583,p1796
p584,p1009
p584,p1180
p584,p1247
p584,p1271
p585,p612
p585,p1817
p585,p1854
p586,p1284
p586,p1293
p586,p1430
p586,p1695
p587,p690
p587,p1072
p587,p1653
p588,p721
p589,p590
p589,p1203
p589,p1416
p589,p1519
p589,p1592
p590,p661
p590,p1147
p590,p1592
p590,p1937
p591,p651
p591,p1005
p591,p1924
p591,p1964
p592,p955
p592,p1000
p592,p1016
p592,p1430
p593,p1264
p594,p726
p594,p892
p595,p1329
p595,p1338
p595,p1835
p596,p619
p596,p1352
p596,p1445
p597,p956
p597,p1395
p597,p1401
p597,p1449
p598,p1649
p598,p1783
p599,p643
p599,p1202
p600,p748
p600,p1225
p600,p1339
p600,p1889
p601,p814
p601,p1412
p602,p784
p602,p1078
p602,p1557
p603,p692
p603,p714
p603,p767
p603,p1848
p604,p608
p604,p965
p604,p1281
p604,p1688
p604,p1764
p605,p747
p605,p1948
p606,p616
p606,p1933
p607,p1305
p607,p1854
p608,p1256
p608,p1281
p609,p1805
p609,p1829
p610,p804
p610,p1658
p611,p963
p611,p985
p611,p1716
p613,p1316
p613,p1567
p613,p1920
p614,p846
p614,p966
p614,p1046
p614,p1263
p615,p713
p615,p1053
p615,p1170
p615,p1418
p616,p618
p616,p629
p617,p1131
p617,p1255
p617,p1671
p617,p1887
p619,p1103
p619,p1352
p620,p1103
p622,p1974
p623,p1067
p624,p1630
p624,p1777
p625,p1173
p625,p1179
p625,p1602
p626,p1174
p626,p1325
p627,p684
p627,p1578
p627,p1723
p628,p981
p628,p1243
p628,p1636
p629,p1743
p629,p1794
p629,p1933
p630,p1273
p630,p1709
p631,p867
p631,p1690
p631,p1853
p632,p1239
p633,p1123
p634,p1276
p634,p1561
p635,p966
p635,p1046
p635,p1781
p636,p695
p636,p1010
p636,p1883
p637,p870
p637,p875
p637,p1855
p638,p1188
p638,p1654
p638,p1720
p639,p1118
p639,p1249
p640,p681
p640,p1084
p640,p1442
p641,p1047
p641,p1663
p642,p1961
p642,p1969
p643,p1202
p643,p1690
p644,p1297
p645,p1155
p645,p1177
p645,p1434
p645,p1805
p646,p1014
p647,p1320
p647,p1517
p647,p1734
p648,p715
p648,p1932
p649,p1195
p649,p1300
p650,p1838
p651,p1157
p651,p1381
p651,p1534
p652,p1039
p652,p1069
p652,p1929
p653,p1194
p653,p1311
p654,p793
p654,p1499
p655,p722
p655,p1064
p655,p1333
p655,p1364
p655,p1384
p657,p886
p657,p1705
p658,p694
p658,p953
p658,p1707
p659,p682
p659,p762
p659,p1004
p660,p1665
p660,p1750
p661,p972
p661,p1220
p662,p780
p662,p941
p662,p971
p662,p1015
p663,p740
p663,p782
p663,p979
p664,p717
p664,p1797
p664,p1864
p665,p821
p665,p1670
p665,p1795
p665,p1839
p666,p1060
p666,p1473
p666,p1990
p667,p794
p667,p1873
p668,p1113
p668,p1845
p669,p1085
p669,p1423
p670,p1326
p670,p1573
p671,p1132
p672,p703
p672,p1095
p672,p1571
p673,p695
p673,p1010
p674,p827
p674,p849
p674,p1822
p675,p676
p675,p832
p675,p849
p675,p1584
p676,p1220
p677,p1631
p678,p709
p678,p893
p679,p737
p679,p842
p679,p1697
p680,p755
p680,p816
p681,p895
p682,p762
p682,p1004
p683,p1039
p683,p1622
p683,p1966
p684,p817
p684,p1007
p684,p1317
p684,p1509
p685,p1135
p685,p1579
p685,p1914
p686,p1111
p686,p1187
p686,p1192
p687,p1563
p687,p1639
p688,p759
p688,p835
p688,p1702
p688,p1882
p689,p808
p689,p865
p689,p1422
p689,p1466
p690,p1072
p690,p1988
p691,p1318
p692,p767
p692,p1265
p692,p1315
p693,p1476
p694,p1052
p694,p1136
p694,p1707
p695,p1035
p695,p1307
p696,p840
p696,p1410
p696,p1959
p696,p1981
p697,p990
p697,p1887
p698,p925
p698,p1612
p698,p1635
p698,p1740
p699,p1099
p699,p1118
p699,p1532
p700,p1548
p700,p1940
p701,p818
p701,p1594
p701,p1626
p702,p1496
p702,p1772
p703,p1115
p703,p1553
p704,p981
p705,p1303
p705,p1687
p705,p1756
p706,p1094
p706,p1268
p706,p1276
p706,p1793
p707,p906
p707,p942
p707,p1754
p708,p763
p708,p1235
p708,p1539
p708,p1720
p709,p1738
p710,p1253
p710,p1530
p711,p1002
p711,p1275
p711,p1358
p711,p1403
p712,p719
p712,p1050
p712,p1784
p713,p830
p713,p1053
p713,p1170
p713,p1895
p714,p1246
p714,p1709
p714,p1949
p715,p1297
p715,p1545
p715,p1879
p716,p1219
p716,p1655
p718,p1411
p719,p960
p719,p1060
p719,p1784
p720,p1008
p720,p1227
p720,p1365
p721,p1404
p722,p823
p722,p1064
p722,p1364
p723,p939
p723,p1078
p724,p749
p724,p964
p724,p1254
p724,p1296
p724,p1411
p725,p1120
p725,p1375
p725,p1533
p725,p1564
p726,p1531
p726,p1766
p727,p1171
p727,p1552
p727,p1598
p728,p1288
p728,p1366
p728,p1898
p728,p1965
p729,p920
p729,p999
p729,p1833
p730,p1939
p731,p1200
p731,p1538
p732,p1135
p733,p1745
p733,p1858
p733,p1965
p735,p1513
p736,p1398
p736,p1435
p736,p1812
p737,p1134
p737,p1877
p738,p1569
p739,p871
p739,p1224
p740,p1126
p740,p1356
p740,p1625
p741,p1603
p741,p1938
p742,p827
p742,p879
p742,p1103
p742,p1447
p742,p1686
p743,p854
p743,p900
p743,p1494
p744,p1807
p745,p976
p745,p1920
p746,p817
p746,p1119
p746,p1374
p747,p921
p747,p1642
p747,p1948
p747,p1953
p748,p1808
p749,p1254
p749,p1633
p749,p1796
p750,p1207
p750,p1511
p751,p947
p751,p979
p751,p992
p752,p1420
p752,p1462
p753,p769
p753,p1951
p754,p1368
p754,p1597
p754,p1928
p755,p1575
p756,p947
p756,p1284
p756,p1397
p756,p1725
p757,p862
p757,p1175
p757,p1834
p758,p773
p758,p1178
p759,p1217
p759,p1376
p759,p1731
p759,p1882
p760,p1211
p761,p1236
p762,p942
p762,p1270
p763,p922
p763,p1042
p763,p1235
p763,p1363
p763,p1539
p764,p1555
p765,p1429
p766,p1187
p766,p1192
p766,p1546
p767,p1265
p767,p1504
p768,p920
p768,p996
p768,p1593
p768,p1715
p769,p1954
p770,p941
p770,p1493
p771,p803
p771,p859
p772,p1672
p772,p1744
p772,p1791
p774,p864
p774,p1659
p775,p1780
p776,p1224
p777,p812
p777,p1060
p778,p1120
p778,p1279
p778,p1734
p779,p1596
p779,p1657
p780,p971
p780,p1015
p780,p1868
p781,p1079
p781,p1290
p782,p1356
p782,p1977
p783,p921
p783,p1542
p783,p1556
p784,p1264
p784,p1557
p785,p1117
p786,p1597
p786,p1881
p787,p1139
p787,p1219
p787,p1248
p788,p891
p789,p946
p789,p1524
p790,p1343
p791,p845
p791,p1849
p792,p1253
p792,p1690
p792,p1853
p793,p1038
p793,p1792
p794,p1739
p795,p1545
p795,p1552
p795,p1640
p796,p1048
p796,p1183
p797,p1252
p797,p1463
p797,p1523
p798,p892
p798,p1216
p798,p1380
p799,p1250
p799,p1542
p800,p1788
p800,p1887
p801,p1590
p801,p1775
p801,p1908
p801,p1909
p802,p1223
p802,p1825
p803,p861
p805,p894
p805,p899
p805,p1184
p805,p1462
p805,p1701
p806,p1183
p806,p1298
p806,p1453
p806,p1571
p807,p815
p807,p1449
p807,p1963
p809,p1017
p809,p1668
p810,p1436
p810,p1847
p811,p1037
p811,p1638
p813,p1148
p813,p1486
p814,p1059
p814,p1824
p815,p1045
p815,p1251
p816,p1967
p817,p1007
p817,p1374
p819,p951
p819,p1260
p820,p1783
p821,p1670
p822,p1106
p822,p1915
p823,p1064
p823,p1600
p824,p847
p824,p1013
p824,p1117
p824,p1814
p825,p917
p825,p1491
p826,p1796
p827,p849
p827,p1447
p828,p1036
p828,p1774
p828,p1857
p830,p1053
p831,p874
p831,p1059
p831,p1588
p832,p1707
p833,p869
p833,p1399
p833,p1907
p834,p925
p834,p1155
p834,p1334
p835,p1189
p835,p1702
p835,p1731
p836,p1455
p836,p1616
p837,p875
p837,p1215
p837,p1617
p838,p1195
p838,p1387
p838,p1652
p839,p1024
p839,p1047
p839,p1353
p839,p1738
p840,p991
p840,p1165
p840,p1843
p840,p1959
p841,p1383
p842,p1333
p842,p1364
p842,p1697
p843,p1394
p844,p860
p844,p1108
p844,p1119
p844,p1582
p845,p1278
p846,p966
p846,p1263
p847,p1063
p847,p1583
p847,p1719
p847,p1962
p848,p1035
p848,p1399
p848,p1759
p850,p1329
p850,p1338
p851,p1518
p851,p1753
p851,p1792
p852,p1057
p853,p1509
p853,p1602
p853,p1662
p855,p964
p855,p1390
p855,p1400
p855,p1569
p855,p1911
p856,p1373
p856,p1742
p856,p1870
p857,p896
p857,p1145
p858,p1129
p859,p888
p860,p1257
p860,p1968
p860,p1997
p861,p1435
p861,p1611
p861,p1878
p862,p1175
p862,p1453
p862,p1615
p863,p1423
p864,p1659
p864,p1899
p864,p1989
p865,p1422
p865,p1742
p866,p1679
p866,p1700
p866,p1839
p867,p1561
p868,p962
p868,p1371
p868,p1931
p869,p1386
p869,p1399
p869,p1643
p869,p1780
p870,p1213
p870,p1287
p871,p1696
p871,p1930
p872,p1361
p872,p1585
p872,p1848
p873,p949
p874,p1330
p874,p1541
p875,p1213
p875,p1215
p875,p1505
p875,p1827
p876,p1068
p877,p887
p877,p1615
p878,p896
p878,p1886
p879,p890
p880,p988
p880,p1336
p880,p1586
p881,p1567
p881,p1619
p881,p1729
p882,p1089
p882,p1402
p883,p1535
p884,p1006
p884,p1098
p885,p954
p885,p1339
p886,p1206
p886,p1918
p887,p1130
p887,p1175
p887,p1623
p888,p981
p889,p1739
p889,p1873
p890,p1812
p891,p939
p891,p1545
p892,p1216
p892,p1380
p893,p1138
p893,p1886
p894,p899
p894,p1473
p894,p1990
p895,p1028
p895,p1521
p897,p1153
p897,p1355
p897,p1866
p898,p1073
p898,p1598
p899,p1462
p899,p1473
p899,p1510
p900,p1432
p900,p1733
p900,p1875
p901,p1785
p901,p1926
p902,p1245
p902,p1486
p903,p1630
p903,p1777
p904,p950
p904,p1015
p904,p1868
p906,p942
p906,p1003
p906,p1816
p906,p1827
p907,p1280
p907,p1927
p908,p1714
p909,p1407
p909,p1544
p909,p1558
p910,p1111
p910,p1471
p911,p1173
p911,p1602
p911,p1972
p911,p1983
p912,p1837
p913,p1303
p913,p1474
p914,p955
p914,p1202
p914,p1226
p915,p1169
p915,p1838
p916,p1467
p916,p1684
p916,p1992
p917,p1204
p917,p1395
p917,p1750
p918,p1127
p918,p1683
p918,p1984
p919,p1180
p919,p1831
p920,p999
p920,p1593
p921,p1082
p922,p1539
p922,p1761
p922,p1809
p923,p1191
p923,p1862
p924,p1742
p924,p1803
p925,p1334
p926,p1366
p926,p1691
p927,p1749
p927,p1892
p928,p1050
p928,p1055
p928,p1347
p928,p1823
p929,p1393
p929,p1764
p930,p1067
p930,p1570
p930,p1607
p931,p1281
p932,p1576
p932,p1818
p933,p1384
p933,p1529
p933,p1581
p934,p1509
p934,p1602
p935,p1703
p936,p1801
p937,p987
p937,p1085
p937,p1145
p937,p1212
p937,p1306
p938,p956
p938,p1269
p938,p1513
p940,p1210
p940,p1301
p941,p1456
p941,p1935
p942,p1003
p943,p1910
p944,p975
p944,p1527
p944,p1836
p945,p1054
p945,p1212
p945,p1306
p945,p1437
p946,p1193
p946,p1217
p946,p1640
p947,p979
p947,p1397
p947,p1977
p948,p1596
p948,p1657
p948,p1836
p948,p1880
p949,p1997
p950,p1388
p950,p1639
p951,p1030
p951,p1998
p952,p1824
p953,p1136
p953,p1440
p954,p977
p954,p1969
p955,p1000
p956,p1269
p956,p1401
p957,p1322
p957,p1448
p957,p1500
p958,p959
p958,p1647
p958,p1703
p959,p1289
p959,p1292
p959,p1647
p959,p1992
p960,p1050
p960,p1526
p961,p1023
p961,p1520
p961,p1723
p962,p1033
p962,p1371
p963,p1104
p963,p1716
p964,p1296
p964,p1390
p964,p1411
p965,p1688
p965,p1764
p966,p1781
p967,p1263
p967,p1309
p968,p1160
p968,p1885
p970,p1164
p970,p1262
p970,p1632
p971,p1093
p972,p1220
p972,p1937
p973,p1158
p973,p1326
p973,p1608
p973,p1893
p974,p1098
p974,p1156
p974,p1417
p974,p1746
p975,p1527
p975,p1599
p975,p1600
p976,p1090
p976,p1114
p976,p1503
p980,p1365
p980,p1507
p980,p1957
p982,p1133
p982,p1369
p983,p1382
p983,p1570
p983,p1680
p984,p1124
p984,p1243
p984,p1327
p984,p1763
p985,p1163
p985,p1234
p986,p1092
p986,p1214
p986,p1755
p987,p1104
p987,p1145
p987,p1328
p988,p1825
p989,p1518
p990,p1758
p990,p1788
p990,p1821
p991,p1012
p992,p1397
p992,p1402
p993,p1689
p993,p1813
p993,p1917
p994,p1034
p994,p1584
p994,p1884
p994,p1978
p996,p1345
p996,p1711
p997,p1493
p998,p1292
p998,p1366
p999,p1044
p1000,p1430
p1001,p1172
p1001,p1429
p1002,p1094
p1002,p1268
p1002,p1275
p1002,p1840
p1003,p1313
p1003,p1827
p1004,p1786
p1006,p1098
p1006,p1478
p1007,p1720
p1008,p1227
p1009,p1180
p1009,p1247
p1011,p1317
p1012,p1717
p1012,p1889
p1014,p1379
p1014,p1426
p1014,p1568
p1015,p1456
p1018,p1069
p1018,p1076
p1019,p1211
p1019,p1943
p1020,p1325
p1021,p1054
p1021,p1321
p1021,p1332
p1022,p1619
p1022,p1710
p1022,p1729
p1022,p1842
p1023,p1075
p1023,p1947
p1024,p1047
p1024,p1425
p1025,p1081
p1025,p1266
p1026,p1116
p1026,p1593
p1026,p1715
p1027,p1372
p1028,p1146
p1028,p1521
p1029,p1888
p1030,p1157
p1030,p1381
p1030,p1572
p1031,p1084
p1031,p1410
p1031,p1981
p1032,p1089
p1032,p1202
p1032,p1226
p1032,p1793
p1033,p1819
p1034,p1052
p1034,p1136
p1034,p1440
p1034,p1978
p1035,p1643
p1036,p1495
p1036,p1774
p1036,p1852
p1037,p1053
p1038,p1113
p1038,p1753
p1039,p1622
p1039,p1929
p1040,p1077
p1041,p1078
p1041,p1879
p1041,p1971
p1042,p1363
p1043,p1520
p1043,p1720
p1044,p1345
p1045,p1660
p1048,p1093
p1048,p1168
p1048,p1674
p1048,p1748
p1049,p1372
p1049,p1419
p1049,p1856
p1050,p1205
p1050,p1823
p1051,p1432
p1051,p1604
p1052,p1136
p1052,p1884
p1054,p1321
p1054,p1437
p1055,p1823
p1055,p1826
p1056,p1566
p1058,p1389
p1058,p1630
p1058,p1994
p1059,p1412
p1059,p1588
p1059,p1864
p1060,p1784
p1061,p1186
p1061,p1648
p1062,p1142
p1062,p1410
p1062,p1726
p1062,p1959
p1063,p1134
p1063,p1583
p1063,p1713
p1064,p1529
p1064,p1880
p1065,p1304
p1065,p1470
p1065,p1655
p1066,p1952
p1066,p1958
p1067,p1607
p1068,p1112
p1069,p1076
p1069,p1558
p1070,p1237
p1071,p1072
p1073,p1634
p1074,p1749
p1074,p1787
p1075,p1520
p1076,p1496
p1079,p1149
p1080,p1106
p1081,p1682
p1082,p1101
p1083,p1348
p1085,p1306
p1086,p1692
p1086,p1952
p1087,p1308
p1087,p1609
p1088,p1342
p1088,p1687
p1089,p1094
p1089,p1226
p1090,p1503
p1090,p1567
p1091,p1487
p1091,p1536
p1092,p1565
p1092,p1755
p1093,p1168
p1093,p1559
p1093,p1748
p1094,p1275
p1094,p1402
p1095,p1262
p1095,p1571
p1096,p1173
p1096,p1179
p1096,p1620
p1097,p1114
p1097,p1249
p1098,p1728
p1099,p1431
p1099,p1532
p1100,p1408
p1100,p1778
p1101,p1130
p1101,p1175
p1102,p1275
p1102,p1625
p1103,p1686
p1104,p1212
p1105,p1696
p1105,p1709
p1107,p1845
p1107,p1924
p1108,p1582
p1108,p1968
p1109,p1248
p1109,p1576
p1110,p1416
p1110,p1604
p1110,p1839
p1111,p1192
p1112,p1999
p1113,p1753
p1114,p1535
p1114,p1563
p1116,p1166
p1118,p1479
p1119,p1595
p1119,p1802
p1120,p1517
p1120,p1734
p1121,p1151
p1121,p1844
p1122,p1181
p1123,p1337
p1124,p1304
p1124,p1656
p1125,p1313
p1126,p1295
p1126,p1302
p1126,p1625
p1127,p1437
p1127,p1896
p1128,p1377
p1128,p1420
p1128,p1648
p1129,p1147
p1130,p1556
p1131,p1255
p1131,p1671
p1132,p1667
p1133,p1369
p1133,p1905
p1134,p1713
p1135,p1335
p1135,p1396
p1136,p1440
p1137,p1649
p1137,p1926
p1138,p1699
p1138,p1886
p1139,p1470
p1139,p1574
p1140,p1704
p1140,p1955
p1141,p1310
p1141,p1532
p1143,p1587
p1144,p1190
p1144,p1279
p1144,p1375
p1144,p1782
p1146,p1549
p1148,p1318
p1148,p1902
p1149,p1760
p1150,p1350
p1150,p1576
p1151,p1385
p1151,p1837
p1152,p1404
p1153,p1815
p1153,p1866
p1154,p1287
p1155,p1805
p1156,p1417
p1156,p1739
p1157,p1534
p1157,p1541
p1158,p1608
p1158,p1799
p1158,p1923
p1159,p1858
p1159,p1992
p1160,p1885
p1162,p1170
p1162,p1606
p1162,p1895
p1163,p1234
p1163,p1273
p1163,p1861
p1164,p1632
p1164,p1710
p1165,p1415
p1165,p1726
p1165,p1843
p1165,p1959
p1166,p1570
p1166,p1813
p1166,p1917
p1167,p1309
p1167,p1454
p1169,p1675
p1170,p1418
p1170,p1668
p1170,p1895
p1171,p1500
p1174,p1646
p1177,p1933
p1178,p1701
p1182,p1383
p1182,p1548
p1182,p1669
p1184,p1701
p1184,p1768
p1184,p1990
p1185,p1308
p1185,p1622
p1186,p1616
p1186,p1648
p1187,p1392
p1187,p1414
p1188,p1562
p1188,p1720
p1189,p1324
p1189,p1507
p1189,p1894
p1190,p1300
p1190,p1782
p1191,p1201
p1191,p1357
p1193,p1634
p1193,p1811
p1194,p1311
p1196,p1420
p1196,p1694
p1197,p1446
p1197,p1783
p1198,p1228
p1198,p1673
p1199,p1769
p1200,p1255
p1201,p1222
p1203,p1259
p1203,p1416
p1203,p1519
p1203,p1679
p1204,p1269
p1204,p1395
p1204,p1750
p1205,p1526
p1206,p1939
p1209,p1498
p1209,p1830
p1210,p1907
p1211,p1223
p1213,p1676
p1214,p1856
p1215,p1505
p1216,p1586
p1216,p1869
p1217,p1731
p1217,p1811
p1218,p1789
p1218,p1890
p1219,p1248
p1221,p1475
p1221,p1684
p1222,p1618
p1223,p1844
p1225,p1339
p1225,p1999
p1227,p1702
p1228,p1490
p1228,p1673
p1229,p1285
p1229,p1421
p1229,p1434
p1229,p1512
p1229,p1863
p1230,p1301
p1231,p1344
p1231,p1498
p1231,p1757
p1232,p1551
p1232,p1875
p1232,p1937
p1233,p1355
p1233,p1722
p1233,p1892
p1234,p1273
p1234,p1547
p1235,p1654
p1236,p1508
p1237,p1258
p1238,p1504
p1238,p1980
p1239,p1441
p1239,p1835
p1240,p1908
p1241,p1988
p1243,p1327
p1244,p1359
p1244,p1660
p1245,p1373
p1246,p1273
p1246,p1709
p1246,p1861
p1246,p1949
p1247,p1271
p1247,p1525
p1247,p1576
p1249,p1479
p1250,p1280
p1250,p1610
p1251,p1497
p1251,p1564
p1252,p1487
p1252,p1523
p1252,p1636
p1252,p1916
p1253,p1524
p1254,p1633
p1256,p1771
p1258,p1964
p1259,p1519
p1260,p1522
p1261,p1296
p1261,p1390
p1262,p1619
p1262,p1632
p1262,p1674
p1264,p1430
p1264,p1695
p1265,p1425
p1267,p1485
p1267,p1693
p1268,p1276
p1268,p1840
p1270,p1313
p1273,p1709
p1274,p1967
p1274,p1995
p1275,p1402
p1276,p1793
p1277,p1471
p1277,p1528
p1278,p1553
p1279,p1944
p1280,p1610
p1281,p1688
p1282,p1677
p1282,p1845
p1283,p1885
p1284,p1293
p1284,p1725
p1285,p1863
p1286,p1713
p1286,p1877
p1287,p1791
p1288,p1565
p1288,p1691
p1290,p1600
p1291,p1897
p1291,p1991
p1292,p1550
p1292,p1647
p1293,p1506
p1293,p1695
p1294,p1900
p1294,p1925
p1295,p1302
p1295,p1356
p1297,p1752
p1297,p1900
p1298,p1834
p1299,p1446
p1299,p1783
p1300,p1782
p1301,p1368
p1302,p1795
p1303,p1687
p1304,p1484
p1304,p1655
p1305,p1682
p1306,p1354
p1306,p1423
p1307,p1643
p1309,p1464
p1314,p1375
p1315,p1427
p1316,p1388
p1317,p1802
p1318,p1902
p1319,p1408
p1319,p1797
p1320,p1687
p1320,p1867
p1321,p1437
p1323,p1583
p1323,p1800
p1324,p1507
p1324,p1901
p1324,p1957
p1327,p1656
p1328,p1716
p1329,p1441
p1330,p1824
p1331,p1724
p1332,p1960
p1333,p1384
p1334,p1805
p1335,p1396
p1335,p1465
p1335,p1498
p1335,p1579
p1335,p1976
p1336,p1995
p1337,p1958
p1340,p1909
p1341,p1536
p1341,p1859
p1342,p1387
p1342,p1867
p1343,p1607
p1343,p1871
p1344,p1465
p1344,p1580
p1346,p1606
p1346,p1837
p1347,p1784
p1347,p1841
p1348,p1724
p1348,p1942
p1349,p1478
p1349,p1550
p1350,p1444
p1350,p1484
p1351,p1751
p1351,p1772
p1351,p1975
p1352,p1733
p1352,p1765
p1353,p1427
p1353,p1738
p1354,p1692
p1354,p1896
p1357,p1737
p1358,p1625
p1359,p1391
p1359,p1491
p1359,p1660
p1360,p1860
p1360,p1905
p1361,p1699
p1361,p1848
p1363,p1685
p1364,p1697
p1366,p1691
p1367,p1428
p1367,p1854
p1368,p1597
p1370,p1996
p1371,p1426
p1371,p1819
p1371,p1931
p1372,p1419
p1373,p1902
p1374,p1539
p1374,p1761
p1375,p1533
p1376,p1530
p1376,p1882
p1377,p1510
p1378,p1424
p1379,p1426
p1379,p1819
p1380,p1495
p1380,p1913
p1381,p1572
p1382,p1680
p1382,p1783
p1383,p1980
p1384,p1529
p1384,p1740
p1386,p1543
p1386,p1780
p1387,p1782
p1388,p1868
p1389,p1590
p1389,p1775
p1389,p1994
p1390,p1911
p1391,p1756
p1392,p1414
p1392,p1758
p1393,p1610
p1393,p1789
p1394,p1851
p1395,p1449
p1397,p1402
p1397,p1725
p1398,p1435
p1398,p1611
p1399,p1643
p1400,p1569
p1402,p1725
p1403,p1840
p1404,p1712
p1405,p1502
p1405,p1759
p1405,p1819
p1406,p1516
p1407,p1544
p1408,p1677
p1408,p1778
p1408,p1797
p1409,p1538
p1409,p1626
p1413,p1485
p1414,p1865
p1415,p1843
p1415,p1876
p1416,p1432
p1416,p1604
p1422,p1466
p1422,p1870
p1424,p1911
p1425,p1427
p1426,p1568
p1428,p1854
p1430,p1695
p1432,p1604
p1433,p1492
p1433,p1925
p1434,p1863
p1435,p1463
p1436,p1481
p1436,p1631
p1436,p1947
p1439,p1577
p1439,p1979
p1443,p1460
p1443,p1493
p1443,p1891
p1444,p1515
p1444,p1525
p1445,p1733
p1448,p1476
p1448,p1901
p1449,p1963
p1450,p1993
p1452,p1467
p1452,p1475
p1453,p1615
p1453,p1637
p1454,p1464
p1455,p1776
p1457,p1557
p1457,p1971
p1458,p1650
p1459,p1910
p1459,p1940
p1460,p1891
p1461,p1703
p1463,p1523
p1463,p1812
p1465,p1498
p1465,p1976
p1466,p1993
p1467,p1475
p1467,p1684
p1468,p1617
p1468,p1754
p1469,p1562
p1472,p1536
p1472,p1798
p1473,p1990
p1474,p1514
p1474,p1609
p1476,p1901
p1477,p1765
p1479,p1706
p1480,p1651
p1480,p1938
p1481,p1631
p1481,p1678
p1482,p1886
p1483,p1737
p1487,p1916
p1489,p1711
p1490,p1573
p1490,p1673
p1490,p1737
p1492,p1496
p1494,p1666
p1495,p1852
p1495,p1913
p1497,p1564
p1500,p1598
p1501,p1623
p1501,p1927
p1502,p1759
p1505,p1855
p1507,p1957
p1510,p1526
p1511,p1990
p1512,p1642
p1512,p1948
p1513,p1973
p1514,p1609
p1517,p1734
p1518,p1753
p1520,p1723
p1522,p1572
p1522,p1991
p1523,p1812
p1524,p1640
p1525,p1576
p1527,p1600
p1527,p1836
p1528,p1605
p1528,p1994
p1529,p1880
p1531,p1915
p1533,p1564
p1534,p1541
p1534,p1845
p1534,p1924
p1535,p1563
p1537,p1842
p1537,p1996
p1538,p1626
p1541,p1845
p1542,p1953
p1546,p1865
p1547,p1986
p1548,p1773
p1548,p1910
p1549,p1951
p1550,p1647
p1550,p1936
p1552,p1598
p1554,p1732
p1554,p1963
p1558,p1957
p1559,p1748
p1559,p1935
p1560,p1620
p1561,p1853
p1563,p1920
p1565,p1755
p1566,p1686
p1566,p1822
p1572,p1746
p1574,p1638
p1575,p1757
p1581,p1635
p1581,p1850
p1582,p1595
p1583,p1962
p1584,p1884
p1586,p1869
p1586,p1943
p1587,p1897
p1587,p1950
p1588,p1864
p1589,p1641
p1590,p1908
p1591,p1665
p1591,p1693
p1592,p1937
p1593,p1715
p1594,p1626
p1594,p1904
p1594,p1909
p1595,p1802
p1601,p1656
p1602,p1662
p1603,p1938
p1603,p1965
p1605,p1775
p1605,p1994
p1606,p1837
p1607,p1744
p1608,p1893
p1610,p1789
p1611,p1878
p1612,p1740
p1613,p1661
p1613,p1763
p1613,p1906
p1614,p1735
p1615,p1637
p1619,p1632
p1621,p1766
p1624,p1866
p1627,p1931
p1628,p1651
p1628,p1923
p1629,p1694
p1630,p1994
p1631,p1972
p1635,p1850
p1639,p1920
p1641,p1671
p1642,p1948
p1642,p1953
p1644,p1987
p1645,p1936
p1646,p1886
p1647,p1936
p1649,p1832
p1652,p1675
p1657,p1846
p1659,p1989
p1661,p1916
p1662,p1972
p1663,p1790
p1664,p1768
p1665,p1770
p1666,p1796
p1670,p1700
p1672,p1680
p1672,p1791
p1673,p1881
p1676,p1827
p1677,p1778
p1678,p1972
p1678,p1983
p1679,p1839
p1680,p1744
p1681,p1785
p1681,p1833
p1683,p1984
p1686,p1822
p1689,p1820
p1689,p1917
p1693,p1750
p1696,p1930
p1704,p1955
p1705,p1717
p1707,p1884
p1711,p1715
p1714,p1914
p1717,p1981
p1718,p1911
p1719,p1962
p1720,p1723
p1721,p1779
p1721,p1862
p1722,p1815
p1724,p1942
p1726,p1959
p1727,p1809
p1728,p1872
p1730,p1849
p1731,p1894
p1732,p1963
p1734,p1944
p1735,p1912
p1736,p1773
p1736,p1777
p1739,p1873
p1741,p1830
p1742,p1870
p1743,p1771
p1743,p1794
p1743,p1810
p1743,p1933
p1745,p1898
p1746,p1964
p1747,p1973
p1751,p1772
p1751,p1975
p1752,p1900
p1752,p1925
p1754,p1816
p1756,p1770
p1757,p1945
p1762,p1850
p1762,p1956
p1764,p1771
p1767,p1774
p1767,p1852
p1768,p1974
p1771,p1794
p1775,p1994
p1779,p1912
p1780,p1907
p1782,p1944
p1785,p1832
p1785,p1926
p1788,p1821
p1788,p1887
p1789,p1828
p1799,p1888
p1799,p1923
p1800,p1958
p1804,p1894
p1808,p1889
p1808,p1918
p1810,p1890
p1810,p1933
p1813,p1917
p1813,p1982
p1824,p1998
p1826,p1919
p1829,p1863
p1829,p1956
p1830,p1860
p1831,p1989
p1832,p1926
p1842,p1996
p1843,p1876
p1845,p1924
p1861,p1949
p1863,p1956
p1865,p1940
p1872,p1991
p1897,p1950
p1898,p1965
p1899,p1906
p1900,p1925
p1904,p1908
p1904,p1909
p1907,p1928
p1919,p1954
p1946,p1985
p1950,p1991
p1951,p1954
p1968,p1997
p1972,p1983
