p1348,l0
p1836,l0
p1849,l0
p1246,l0
p1454,l0
p1498,l0
p712,l0
p725,l0
p604,l1
p1087,l1
p134,l1
p608,l1
p1363,l2
p303,l2
p1038,l2
p1952,l2
p1995,l2
p15,l2
p717,l2
p1327,l2
p1568,l3
p234,l4
p1303,l4
p178,l4
p618,l5
p1390,l5
p668,l6
p1771,l6
p751,l6
p1341,l7
p209,l7
p107,l7
p1335,l7
p1022,l7
p595,l7
p1471,l7
p1657,l8
p860,l8
p9,l8
p123,l8
p1457,l9
p667,l9
p345,l9
p1230,l9
p1183,l9
p473,l9
p1640,l10
p1308,l10
p543,l10
p1188,l10
p1491,l10
p279,l10
p701,l10
p493,l10
p1044,l10
p282,l11
p1999,l11
p913,l11
p1578,l11
p1627,l11
p367,l11
p1827,l12
p1874,l12
p1082,l12
p1630,l12
p1407,l12
p1482,l12
p941,l12
p126,l13
p63,l13
p1473,l13
p186,l13
p1441,l13
p1776,l14
p969,l14
p816,l14
p1104,l14
p796,l14
p441,l14
p1600,l14
p1416,l15
p1459,l15
p572,l16
p1335,l16
p52,l16
p1185,l16
p749,l17
p1986,l17
p1269,l17
p1841,l17
p1696,l18
p1690,l18
p1163,l18
p1036,l18
p227,l18
p515,l18
p655,l18
p971,l18
p1989,l19
p658,l19
p43,l20
p1190,l20
p969,l20
p1942,l20
p1174,l20
p1660,l20
p955,l20
p308,l21
p92,l21
p1119,l21
p590,l21
p773,l21
p1596,l21
p728,l21
p656,l21
p227,l21
p1481,l22
p1627,l22
p518,l22
p180,l22
p382,l22
p1692,l22
p1825,l22
p1458,l22
p1998,l22
p1069,l23
p1099,l23
p574,l23
p1424,l23
p364,l23
p551,l23
p231,l24
p414,l24
p1866,l24
p1381,l24
p457,l24
p581,l24
p833,l25
p1843,l25
p616,l25
p298,l25
p1850,l25
p1187,l25
p1038,l25
p65,l25
p31,l25
p755,l26
p900,l26
p1124,l26
p1882,l27
p1199,l27
p1532,l27
p1409,l27
p1739,l27
p762,l27
p1996,l28
p447,l28
p1077,l28
p1716,l28
p238,l28
p1345,l28
p922,l28
p1693,l28
p968,l28
p1160,l29
p1376,l29
p48,l29
p317,l29
p1193,l29
p425,l29
p1807,l29
p1094,l29
p1210,l30
p1393,l30
p1987,l30
p1729,l30
p367,l30
p1551,l30
p1682,l30
p1100,l30
p36,l30
p127,l31
p693,l31
p913,l31
p182,l31
p441,l32
p49,l32
p1903,l32
p806,l32
p1543,l32
p1701,l33
p424,l33
p145,l33
p1026,l33
p54,l33
p1757,l33
p1773,l34
p114,l34
p235,l34
p868,l34
p1682,l34
p1292,l34
p276,l34
p723,l34
p27,l35
p246,l35
p374,l35
p1560,l35
p645,l35
p841,l35
p404,l35
p1704,l35
p974,l35
p1939,l36
p788,l36
p267,l37
p1378,l37
p747,l37
p925,l37
p1444,l37
p535,l37
p508,l38
p1276,l38
p1597,l38
p934,l38
p1726,l38
p1178,l39
p620,l39
p1492,l39
p1725,l39
p977,l40
p491,l40
p1404,l40
p1259,l40
p183,l40
p275,l40
p187,l40
p865,l41
p1096,l41
p325,l42
p1937,l42
p645,l42
p779,l42
p245,l42
p198,l43
p1185,l43
p636,l43
p166,l43
p1390,l43
p1531,l43
p782,l44
p1656,l44
p499,l44
p100,l45
p1211,l45
p1698,l45
p1038,l46
p1636,l46
p1874,l47
p1954,l47
p1487,l47
p10,l47
p192,l47
p714,l47
p1009,l48
p1678,l48
p1080,l48
p1052,l48
p1648,l48
p1442,l48
p762,l48
p79,l48
p1680,l49
p1927,l49
p710,l49
p69,l49
p1309,l49
p1177,l50
p158,l50
p887,l50
p1648,l50
p750,l51
p116,l51
p421,l51
p1383,l51
p1502,l51
p1980,l51
p310,l52
p1043,l52
p688,l52
p601,l52
p168,l53
p631,l53
p1774,l53
p1261,l53
p1154,l53
p53,l54
p1394,l54
p1582,l54
p410,l54
p1949,l54
p600,l54
p1935,l54
p1816,l54
p365,l54
p1128,l55
p1462,l55
p1946,l55
p1032,l55
p1289,l55
p766,l55
p1558,l55
p369,l56
p450,l56
p1793,l56
p29,l56
p1903,l57
p204,l57
p1120,l57
p472,l58
p1992,l58
p252,l59
p1753,l59
p810,l59
p294,l59
p1792,l59
p1596,l59
p625,l60
p1539,l60
p1460,l60
p331,l60
p973,l61
p1305,l61
p1622,l61
p728,l61
p1285,l61
p1042,l62
p1482,l63
p1721,l63
p1084,l64
p106,l64
p1029,l64
p276,l64
p1681,l64
p994,l64
p839,l64
p882,l64
p1940,l65
p1280,l65
p647,l65
p799,l65
p1450,l65
p1022,l66
p1069,l66
p521,l66
p1593,l66
p1820,l66
p440,l66
p225,l66
p1994,l66
p776,l66
p1611,l67
p1301,l67
p1761,l67
p798,l67
p1040,l67
p1215,l67
p1410,l67
p754,l67
p1619,l68
p1689,l68
p510,l69
p832,l69
p785,l69
p1205,l69
p365,l69
p1380,l69
p80,l69
p1255,l69
p50,l69
p1273,l70
p1038,l70
p187,l70
p97,l70
p871,l70
p1337,l70
p398,l71
p543,l71
p1460,l71
p1910,l71
p610,l71
p791,l71
p314,l71
p452,l72
p765,l72
p454,l72
p1985,l72
p1406,l72
p1041,l73
p846,l73
p1061,l73
p432,l73
p1340,l73
p1507,l73
p117,l74
p537,l74
p1888,l74
p1564,l74
p396,l74
p810,l74
p1628,l74
p692,l74
p856,l74
p453,l75
p45,l75
p1407,l75
p141,l75
p1520,l75
p1339,l76
p1230,l76
p1683,l76
p1815,l76
p259,l76
p416,l76
p704,l76
p1653,l76
p1289,l76
p48,l77
p223,l77
p215,l77
p1306,l77
p24,l77
p215,l77
p1920,l77
p437,l78
p885,l78
p790,l78
p369,l78
p556,l78
p813,l78
p974,l78
p1927,l78
p906,l78
p1988,l79
p667,l79
p974,l79
p1781,l79
p1654,l79
p120,l79
p613,l80
p1065,l80
p1715,l80
p803,l80
p382,l81
p76,l81
p1082,l82
p205,l83
p1880,l83
p934,l83
p1666,l84
p1492,l84
p1934,l84
p556,l84
p570,l85
p1520,l85
p1125,l85
p397,l86
p1044,l86
p1316,l87
p855,l87
p282,l87
p1216,l87
p1943,l87
p168,l88
p929,l88
p411,l88
p1580,l88
p1383,l88
p301,l88
p445,l88
p950,l89
p1632,l89
p485,l90
p450,l90
p1843,l90
p1384,l91
p1386,l91
p611,l92
p1128,l92
p1195,l92
p1362,l92
p1183,l93
p1539,l93
p459,l93
p1867,l93
p910,l94
p112,l94
p146,l94
p1979,l94
p1008,l94
p644,l94
p133,l94
p579,l95
p751,l95
p1096,l95
p1334,l96
p180,l97
p1153,l97
p29,l97
p1672,l97
p1958,l97
p37,l97
p1323,l97
p59,l97
p130,l98
p1069,l98
p1048,l98
p775,l98
p686,l98
p1271,l99
p1205,l99
p374,l99
p143,l99
p146,l99
p162,l100
p1850,l100
p1285,l100
p1169,l101
p1308,l101
p1336,l101
p1086,l102
p1746,l102
p1212,l102
p1938,l102
p387,l102
p1193,l102
p985,l103
p508,l103
p882,l104
p1116,l105
p1787,l105
p907,l105
p1625,l105
p835,l105
p70,l106
p973,l106
p478,l106
p810,l107
p305,l107
p1209,l107
p139,l107
p911,l108
p1438,l108
p1551,l109
p765,l109
p453,l109
p193,l109
p879,l110
p922,l110
p1127,l110
p1568,l110
p67,l111
p956,l111
p1238,l111
p461,l111
p447,l111
p625,l111
p126,l111
p244,l111
p1349,l112
p1112,l112
p863,l112
p1083,l112
p1933,l112
p1494,l112
p247,l112
p1627,l112
p1822,l112
p185,l113
p937,l113
p884,l113
p1801,l113
p1145,l113
p367,l113
p808,l113
p1353,l113
p690,l114
p274,l114
p1216,l114
p1661,l115
p507,l115
p233,l115
p1302,l116
p765,l116
p1194,l116
p833,l116
p674,l116
p905,l116
p1208,l116
p1846,l116
p1903,l116
p1011,l117
p1366,l117
p1837,l118
p1746,l118
p45,l118
p936,l118
p1554,l119
p1336,l119
p1351,l119
p943,l119
p3,l119
p949,l119
p1479,l120
p967,l120
p1886,l120
p744,l120
p1152,l120
p1234,l120
p1952,l121
p571,l121
p1556,l121
p1863,l121
p1009,l121
p1936,l121
p1694,l121
p13,l122
p236,l122
p776,l122
p1851,l122
p1968,l122
p387,l122
p1445,l122
p847,l122
p1439,l123
p338,l123
p475,l123
p760,l123
p1794,l123
p1728,l123
p998,l124
p354,l124
p40,l124
p1365,l124
p663,l124
p669,l125
p1397,l126
p812,l126
p96,l126
p971,l126
p965,l126
p690,l126
p714,l126
p269,l126
p1907,l127
p1861,l127
p902,l127
p1421,l127
p402,l127
p802,l127
p795,l127
p309,l127
p1500,l128
p227,l129
p1334,l129
p1175,l130
p1473,l130
p681,l130
p1941,l130
p297,l130
p1888,l131
p1469,l131
p1380,l131
p1038,l131
p58,l131
p637,l131
p1008,l131
p344,l132
p268,l132
p1211,l132
p1717,l132
p564,l132
p310,l133
p577,l133
p126,l133
p214,l134
p40,l134
p259,l135
p0,l135
p583,l135
p789,l135
p1264,l135
p826,l135
p1561,l135
p1154,l135
p1411,l136
p1801,l136
p223,l136
p555,l136
p1435,l137
p620,l137
p700,l137
p138,l137
p955,l137
p1658,l137
p779,l137
p1317,l138
p1771,l138
p1801,l139
p202,l139
p1514,l139
p839,l139
p1186,l139
p1264,l140
p850,l141
p825,l142
p1266,l142
p944,l142
p378,l143
p1762,l143
p866,l143
p1144,l143
p1921,l143
p1532,l143
p126,l144
p1893,l144
p1689,l144
p1690,l145
p825,l145
p1408,l145
p317,l145
p1285,l145
p1893,l145
p819,l146
p843,l146
p1239,l147
p1207,l147
p392,l147
p399,l147
p1043,l147
p1983,l147
p1997,l147
p966,l147
p366,l148
p831,l148
p295,l148
p1325,l148
p616,l148
p1214,l148
p1347,l148
p1704,l148
p1231,l148
p1592,l149
p1375,l149
p874,l149
p580,l149
p1377,l149
p743,l149
p1643,l150
p1959,l150
p772,l150
p1945,l150
p270,l150
p1555,l150
p1159,l150
p256,l150
p969,l151
p50,l151
p317,l152
p715,l153
p209,l153
p389,l153
p1857,l154
p518,l154
p1520,l154
p717,l154
p969,l154
p1375,l154
p576,l154
p1589,l155
p1785,l155
p745,l155
p1230,l155
p773,l155
p10,l155
p355,l155
p1908,l155
p1830,l156
p792,l156
p1070,l156
p1067,l156
p1495,l156
p874,l156
p1084,l156
p459,l156
p854,l156
p607,l157
p278,l157
p978,l157
p1166,l158
p89,l158
p1518,l158
p1280,l158
p870,l158
p551,l158
p1538,l158
p1158,l158
p1751,l158
p748,l159
p1654,l159
p1898,l159
p824,l159
p103,l159
p1326,l160
p1519,l160
p186,l160
p1670,l160
p639,l160
p595,l160
p935,l160
p153,l160
p1735,l161
p1626,l161
p132,l161
p940,l161
p408,l161
p931,l161
p1084,l161
p1688,l161
p550,l162
p960,l162
p1669,l163
p1153,l164
p542,l164
p1309,l164
p1292,l165
p1002,l165
p1497,l166
p429,l166
p177,l166
p1051,l166
p1546,l166
p1176,l166
p913,l166
p1991,l166
p959,l166
p622,l167
p1183,l167
p199,l167
p713,l167
p1447,l168
p1503,l168
p1648,l168
p497,l168
p14,l169
p1469,l169
p572,l169
p1764,l169
p1702,l169
p1974,l169
p626,l169
p1265,l170
p1434,l170
p1102,l170
p1521,l170
p182,l170
p1397,l171
p501,l171
p2,l172
p72,l172
p751,l172
p447,l172
p1045,l172
p238,l172
p874,l173
p801,l173
p1770,l173
p269,l174
p1556,l175
p865,l175
p1340,l176
p715,l176
p1848,l176
p1173,l176
p1572,l176
p435,l176
p1335,l176
p924,l176
p913,l177
p517,l177
p1105,l177
p102,l177
p614,l177
p1486,l177
p935,l177
p1271,l178
p1405,l178
p1986,l178
p1806,l178
p1904,l179
p1463,l179
p1080,l179
p287,l179
p502,l179
p66,l180
p766,l180
p394,l180
p469,l180
p1690,l180
p817,l180
p1108,l181
p184,l181
p494,l181
p978,l181
p571,l181
p1110,l181
p639,l181
p72,l182
p1529,l182
p678,l182
p1204,l182
p1321,l182
p1375,l182
p1071,l182
p1376,l183
p127,l183
p192,l183
p984,l183
p1588,l183
p816,l183
p161,l184
p1352,l184
p666,l184
p1136,l184
p1031,l185
p425,l185
p1040,l185
p414,l186
p1583,l186
p1542,l186
p1689,l186
p33,l187
p1190,l187
p101,l187
p1563,l187
p1805,l187
p662,l187
p57,l187
p939,l187
p1606,l188
p1118,l188
p295,l188
p763,l188
p135,l188
p1317,l188
p995,l189
p214,l189
p49,l189
p1183,l189
p1307,l189
p976,l189
p1507,l189
p1156,l189
p552,l189
p1633,l190
p1387,l190
p863,l190
p477,l190
p1235,l190
p236,l190
p1319,l190
p1617,l190
p532,l190
p1472,l191
p1753,l191
p1194,l191
p916,l191
p1444,l192
p749,l192
p1820,l192
p1951,l192
p99,l192
p1024,l193
p415,l193
p896,l194
p191,l194
p1574,l194
p1384,l194
p1703,l194
p1170,l194
p747,l195
p370,l196
p217,l196
p1345,l196
p11,l196
p42,l196
p165,l196
p355,l196
p419,l196
p733,l196
p1484,l197
p910,l197
p1347,l198
p1719,l198
p593,l198
p1224,l198
p1575,l199
p615,l199
p1868,l199
p802,l199
p812,l199
p1128,l199
p150,l199
p153,l199
p82,l200
p1880,l200
p195,l200
p302,l200
p143,l200
p50,l200
p108,l200
p65,l201
p35,l201
p234,l201
p51,l201
p1488,l201
p1365,l201
p403,l201
p1337,l201
p1329,l201
p145,l202
p1134,l202
p1546,l202
p466,l203
p1314,l204
p1135,l204
p1390,l205
p34,l205
p628,l205
p1123,l206
p254,l206
p458,l206
p1631,l206
p1797,l206
p1346,l206
p1385,l206
p1977,l206
p1981,l206
p1697,l207
p1505,l208
p1496,l208
p64,l208
p294,l208
p91,l208
p305,l208
p1259,l208
p1873,l208
p397,l208
p63,l209
p1944,l209
p1355,l209
p366,l209
p636,l210
p154,l210
p514,l210
p1334,l210
p1051,l210
p1126,l210
p837,l210
p973,l210
p333,l210
p1329,l211
p1713,l211
p1607,l211
p774,l211
p1734,l211
p1651,l211
p903,l211
p1254,l211
p346,l212
p78,l213
p259,l213
p1639,l213
p1196,l213
p1921,l213
p1229,l213
p1121,l213
p1748,l214
p1146,l214
p13,l214
p582,l214
p615,l214
p459,l214
p982,l214
p322,l214
p1104,l214
p743,l215
p1857,l215
p1551,l215
p334,l215
p22,l215
p1829,l216
p168,l216
p1296,l216
p160,l216
p1676,l216
p876,l216
p267,l216
p177,l216
p1219,l216
p1006,l217
p1227,l217
p1002,l218
p275,l218
p1155,l218
p1695,l218
p70,l218
p892,l218
p225,l219
p1969,l219
p1860,l219
p739,l219
p218,l219
p276,l219
p450,l220
p1762,l220
p535,l220
p898,l221
p1673,l221
p1849,l221
p230,l221
p1588,l221
p730,l221
p1286,l221
p188,l221
p1360,l221
p307,l222
p260,l222
p1381,l222
p682,l222
p1683,l222
p1844,l223
p1070,l223
p1434,l223
p927,l223
p1045,l223
p1498,l223
p1113,l224
p1308,l224
p851,l224
p1490,l224
p46,l224
p1891,l224
p1643,l225
p1180,l225
p543,l225
p245,l225
p774,l226
p1562,l226
p746,l226
p1453,l226
p1965,l227
p579,l227
p96,l227
p1127,l227
p877,l227
p167,l227
p583,l228
p1314,l228
p683,l228
p1100,l229
p120,l229
p465,l229
p964,l229
p802,l229
p1978,l229
p1531,l229
p1703,l229
p57,l229
p1903,l230
p53,l230
p1075,l230
p1842,l230
p685,l230
p241,l231
p115,l231
p1125,l231
p1769,l231
p153,l231
p1378,l231
p153,l231
p1313,l231
p843,l232
p1503,l232
p1799,l232
p1811,l232
p1065,l232
p679,l232
p1296,l233
p821,l233
p1860,l233
p1078,l233
p1367,l233
p1320,l233
p696,l233
p1292,l234
p1164,l234
p1599,l234
p621,l234
p1500,l234
p1406,l235
p196,l236
p482,l236
p1645,l236
p352,l236
p1943,l236
p532,l236
p1658,l237
p1105,l237
p804,l237
p1745,l237
p104,l237
p1706,l237
p1204,l238
p840,l238
p539,l238
p1099,l238
p1932,l238
p308,l239
p1453,l239
p1661,l239
p724,l239
p192,l239
p465,l239
p1655,l239
p1627,l239
p1951,l239
p715,l240
p1488,l240
p1539,l240
p1739,l241
p665,l241
p1444,l241
p1171,l241
p46,l241
p598,l241
p35,l241
p1871,l242
p154,l242
p135,l242
p1597,l242
p841,l243
p1303,l243
p1159,l243
p430,l243
p1465,l243
p57,l243
p683,l243
p411,l244
p1419,l244
p356,l244
p527,l244
p1893,l244
p1158,l244
p1509,l245
p1141,l245
p1719,l245
p1085,l245
p1746,l245
p1008,l246
p1411,l246
p1768,l246
p964,l246
p180,l247
p1617,l247
p1324,l247
p1565,l247
p138,l247
p1905,l247
p1072,l248
p621,l248
p615,l248
p1295,l249
p473,l249
p783,l249
p1098,l249
p1307,l249
p637,l249
p1484,l249
p961,l249
p685,l250
p1255,l250
p1317,l251
p787,l251
p1543,l251
p56,l251
p564,l251
p1877,l251
p98,l252
p1663,l252
p946,l252
p1840,l252
p1127,l252
p1656,l252
p854,l252
p688,l252
p1550,l253
p1348,l253
p1162,l253
p1030,l253
p702,l253
p1489,l253
p509,l253
p91,l254
p1108,l254
p671,l254
p155,l254
p1531,l254
p481,l255
p1762,l255
p88,l255
p1411,l255
p1392,l255
p1092,l255
p1042,l255
p1106,l255
p1087,l256
p146,l256
p185,l257
p570,l257
p685,l257
p1934,l258
p335,l258
p988,l259
p989,l259
p648,l259
p141,l259
p30,l259
p1990,l259
p937,l259
p1532,l260
p1987,l260
p953,l260
p395,l260
p592,l260
p818,l261
p850,l262
p129,l262
p1420,l262
p1816,l262
p1847,l262
p1725,l262
p162,l262
p1901,l262
p1154,l262
p228,l263
p1832,l263
p1882,l263
p354,l264
p980,l264
p750,l264
p1865,l264
p1058,l264
p1169,l264
p858,l264
p990,l265
p277,l265
p1038,l265
p873,l265
p1971,l265
p1996,l265
p504,l265
p265,l265
p1541,l266
p1370,l266
p322,l266
p1046,l266
p1326,l266
p204,l266
p1204,l266
p727,l267
p1595,l267
p1052,l267
p1460,l267
p1150,l267
p805,l267
p639,l267
p51,l267
p426,l268
p1236,l268
p71,l268
p567,l268
p819,l268
p842,l269
p114,l269
p258,l269
p795,l269
p1840,l270
p1583,l270
p504,l270
p1851,l270
p936,l270
p1969,l270
p911,l270
p619,l271
p903,l271
p928,l271
p1105,l271
p780,l271
p1926,l271
p684,l271
p318,l271
p1735,l272
p487,l272
p1114,l272
p569,l272
p1840,l272
p1580,l272
p897,l273
p200,l273
p971,l273
p53,l273
p352,l273
p1561,l273
p1659,l273
p1034,l273
p137,l273
p1939,l274
p382,l274
p971,l274
p835,l274
p1168,l274
p1969,l274
p1338,l275
p289,l275
p372,l275
p505,l275
p304,l275
p1048,l275
p1200,l275
p303,l275
p1633,l276
p806,l276
p1718,l276
p447,l276
p489,l276
p1945,l277
p291,l277
p231,l277
p1841,l277
p1559,l277
p1669,l277
p1224,l277
p698,l277
p529,l278
p9,l278
p1093,l278
p1650,l278
p1872,l279
p1223,l279
p484,l279
p818,l279
p1312,l280
p1723,l281
p329,l281
p1879,l281
p1908,l281
p1558,l281
p595,l281
p197,l281
p829,l282
p567,l282
p584,l282
p366,l282
p1170,l282
p247,l282
p1329,l282
p1138,l283
p1612,l283
p1783,l283
p491,l283
p654,l283
p27,l284
p242,l284
p153,l284
p1830,l284
p1520,l284
p1389,l284
p469,l285
p1298,l285
p378,l285
p1685,l285
p1622,l285
p580,l285
p1296,l286
p508,l287
p1162,l287
p640,l287
p90,l287
p357,l287
p340,l288
p1893,l288
p150,l288
p303,l288
p675,l288
p665,l288
p342,l288
p1659,l288
p529,l289
p1856,l289
p1064,l289
p1071,l289
p1573,l289
p1281,l289
p1325,l289
p1323,l289
p1547,l290
p657,l290
p1695,l290
p187,l290
p38,l290
p165,l291
p1510,l291
p1722,l291
p273,l291
p1253,l291
p467,l292
p412,l292
p1229,l292
p301,l292
p1878,l292
p1013,l292
p1065,l292
p1188,l292
p173,l292
p1420,l293
p386,l294
p752,l295
p1187,l295
p1025,l295
p977,l295
p1033,l295
p1896,l295
p483,l295
p1214,l296
p1048,l296
p1724,l296
p723,l296
p1899,l296
p1832,l296
p537,l296
p131,l296
p382,l296
p459,l297
p1317,l297
p1332,l297
p960,l297
p1711,l297
p273,l298
p351,l298
p865,l298
p804,l298
p563,l298
p1413,l298
p602,l299
p466,l299
p26,l299
p244,l299
p1463,l299
p386,l299
p1116,l299
p1250,l299
