p1592,l286
p604,l286
p1513,l286
p1503,l286
p1575,l286
p42,l286
p868,l286
p472,l286
p547,l266
p288,l266
p919,l266
p438,l266
p308,l266
p1943,l266
p1017,l266
p619,l266
p1289,l197
p931,l197
p552,l197
p1827,l197
p660,l197
p474,l197
p1453,l197
p1486,l197
p640,l69
p1443,l69
p397,l69
p1200,l69
p1806,l69
p1829,l69
p992,l69
p1532,l69
p832,l29
p1048,l29
p88,l29
p1792,l29
p1117,l29
p911,l29
p1921,l29
p1335,l29
p1161,l34
p1166,l34
p87,l34
p20,l34
p1970,l34
p822,l34
p1485,l34
p127,l34
p1478,l0
p1720,l0
p1027,l0
p312,l0
p6,l0
p673,l1
p1112,l2
p754,l2
p910,l2
p1500,l2
p571,l3
p569,l4
p1938,l4
p1905,l4
p526,l4
p1709,l5
p1359,l6
p588,l7
p846,l7
p939,l7
p295,l7
p104,l8
p883,l8
p62,l8
p336,l8
p1843,l8
p1208,l8
p1953,l8
p451,l8
p240,l9
p184,l9
p846,l9
p60,l10
p926,l10
p268,l11
p301,l11
p474,l11
p11,l11
p1053,l11
p1471,l12
p1069,l12
p1963,l12
p638,l12
p1408,l13
p1579,l13
p1799,l13
p1985,l14
p52,l14
p162,l14
p1472,l14
p0,l14
p957,l14
p710,l14
p26,l15
p342,l16
p1502,l17
p593,l18
p1461,l18
p1368,l18
p675,l18
p17,l18
p173,l19
p973,l19
p1152,l19
p1395,l19
p633,l19
p1694,l19
p1532,l19
p414,l20
p1434,l20
p337,l20
p1075,l20
p269,l20
p349,l20
p1418,l20
p1072,l20
p345,l21
p1752,l21
p527,l22
p453,l23
p778,l23
p179,l23
p422,l24
p681,l24
p1260,l25
p878,l25
p1798,l25
p512,l26
p186,l26
p1950,l26
p144,l26
p655,l26
p247,l26
p1918,l26
p115,l27
p1974,l27
p202,l27
p1779,l27
p1039,l28
p248,l28
p1218,l28
p1033,l28
p1003,l28
p102,l28
p575,l30
p1359,l30
p820,l30
p1693,l30
p1178,l30
p590,l31
p1133,l31
p1125,l31
p719,l31
p1129,l31
p766,l31
p1293,l31
p794,l32
p501,l32
p710,l33
p1223,l33
p980,l33
p1326,l33
p1677,l35
p968,l36
p1170,l36
p671,l36
p178,l36
p150,l36
p1561,l36
p789,l37
p838,l37
p1072,l37
p1869,l37
p1612,l37
p419,l37
p1043,l38
p1712,l38
p1587,l38
p606,l38
p1381,l38
p959,l38
p1178,l38
p464,l38
p892,l39
p1834,l39
p1418,l39
p827,l40
p1632,l40
p802,l40
p946,l40
p147,l40
p627,l40
p423,l40
p700,l41
p653,l41
p1116,l41
p94,l41
p588,l41
p462,l42
p834,l42
p1707,l43
p1038,l43
p1169,l43
p966,l43
p502,l43
p975,l43
p1776,l43
p1417,l43
p1458,l44
p1341,l45
p351,l45
p605,l45
p793,l45
p1999,l45
p548,l45
p15,l45
p1005,l45
p348,l46
p1972,l46
p764,l46
p533,l46
p117,l46
p1625,l46
p290,l46
p1437,l46
p1709,l47
p1229,l47
p289,l48
p841,l49
p707,l49
p1849,l50
p873,l51
p1355,l51
p1286,l51
p1559,l52
p1131,l52
p1592,l52
p424,l52
p1270,l52
p858,l53
p1104,l53
p633,l53
p1931,l53
p832,l53
p1212,l53
p194,l53
p858,l54
p782,l54
p1743,l54
p1749,l55
p1517,l55
p1769,l55
p1820,l55
p1510,l55
p1293,l55
p957,l55
p1042,l55
p840,l56
p1691,l56
p1667,l56
p629,l57
p1048,l57
p336,l57
p894,l57
p1440,l57
p37,l58
p960,l58
p1795,l59
p1647,l59
p1889,l59
p1700,l60
p257,l60
p19,l60
p180,l60
p1072,l61
p1705,l61
p177,l61
p47,l61
p528,l61
p192,l61
p1038,l62
p550,l62
p1634,l62
p511,l62
p1871,l62
p1429,l62
p1868,l62
p970,l62
p1763,l63
p610,l63
p412,l63
p1273,l63
p1545,l63
p235,l64
p1930,l64
p1489,l64
p474,l64
p1625,l64
p1136,l64
p569,l64
p52,l64
p986,l65
p1314,l65
p1534,l65
p1073,l65
p227,l65
p1941,l65
p1724,l66
p1934,l66
p951,l66
p313,l66
p757,l67
p1165,l67
p817,l67
p552,l67
p266,l67
p1422,l67
p620,l67
p1557,l68
p752,l68
p1837,l68
p865,l68
p1904,l68
p629,l68
p1085,l70
p1076,l70
p1662,l70
p48,l70
p1054,l70
p230,l70
p1465,l70
p963,l71
p1723,l71
p1331,l71
p841,l71
p212,l71
p1129,l71
p769,l72
p789,l72
p1251,l72
p646,l72
p489,l72
p61,l72
p56,l72
p1977,l72
p1661,l73
p537,l73
p1718,l73
p717,l73
p1624,l73
p1908,l73
p1586,l73
p1568,l74
p1128,l74
p1653,l74
p772,l74
p287,l74
p1770,l74
p1351,l74
p595,l75
p269,l75
p1273,l75
p1300,l75
p1645,l75
p812,l75
p868,l76
p1502,l77
p1121,l77
p353,l78
p354,l78
p1630,l78
p1747,l78
p723,l78
p1837,l78
p1876,l79
p468,l79
p677,l79
p1872,l79
p985,l79
p1491,l79
p1069,l79
p1772,l80
p930,l81
p1528,l81
p1380,l81
p631,l81
p580,l81
p1664,l82
p1433,l82
p530,l82
p1200,l82
p392,l83
p675,l83
p1896,l84
p904,l84
p789,l84
p1988,l84
p796,l85
p1462,l85
p469,l85
p1688,l85
p723,l85
p808,l86
p1480,l86
p1313,l87
p95,l87
p398,l87
p1196,l87
p734,l88
p1423,l88
p784,l88
p358,l88
p1587,l89
p959,l90
p1553,l90
p456,l90
p91,l91
p1011,l91
p1355,l91
p299,l91
p1790,l91
p678,l92
p1328,l92
p1379,l92
p183,l92
p846,l92
p87,l92
p1041,l93
p1957,l93
p1593,l93
p843,l93
p1248,l93
p20,l93
p1447,l93
p638,l94
p1009,l94
p1401,l94
p1439,l94
p66,l95
p345,l95
p1861,l95
p1357,l95
p278,l95
p1148,l95
p886,l96
p1927,l96
p1064,l96
p298,l96
p969,l96
p762,l96
p1403,l96
p813,l97
p865,l98
p1625,l98
p1344,l98
p1464,l98
p1277,l98
p1218,l98
p908,l99
p1096,l99
p193,l99
p60,l99
p115,l99
p1927,l99
p335,l99
p1,l100
p1162,l100
p44,l100
p1559,l101
p722,l101
p321,l101
p1434,l101
p1384,l101
p1866,l101
p1608,l102
p1936,l102
p1743,l102
p647,l102
p60,l103
p1940,l103
p252,l103
p941,l104
p1225,l104
p1208,l104
p1888,l105
p0,l105
p1573,l105
p1377,l105
p229,l105
p921,l105
p734,l106
p1045,l106
p1251,l106
p693,l106
p778,l106
p716,l106
p359,l107
p1344,l107
p466,l107
p852,l108
p1722,l109
p321,l109
p1499,l109
p1034,l109
p1009,l110
p298,l110
p78,l110
p722,l110
p178,l111
p838,l111
p706,l111
p1690,l111
p160,l111
p1265,l112
p1868,l112
p393,l112
p1208,l112
p1481,l113
p1123,l113
p1903,l113
p508,l113
p1338,l113
p344,l113
p1834,l113
p1119,l114
p538,l114
p549,l114
p500,l114
p1192,l114
p1809,l114
p1755,l114
p855,l114
p1161,l115
p566,l115
p1089,l115
p446,l116
p1509,l116
p855,l116
p470,l116
p1017,l116
p1861,l116
p1008,l117
p1273,l118
p1677,l118
p229,l118
p811,l118
p1245,l118
p1002,l118
p749,l119
p348,l119
p611,l119
p277,l119
p1942,l120
p885,l120
p937,l120
p676,l120
p1032,l120
p475,l121
p1409,l121
p1207,l121
p516,l121
p387,l122
p262,l123
p1398,l123
p333,l123
p20,l123
p367,l123
p502,l123
p1911,l124
p1135,l124
p864,l125
p1889,l125
p35,l126
p1918,l126
p589,l127
p893,l127
p745,l127
p176,l127
p646,l127
p1655,l127
p132,l127
p1123,l127
p871,l128
p1005,l128
p1331,l128
p1034,l129
p77,l129
p1741,l129
p1810,l130
p1975,l130
p1406,l130
p77,l130
p1079,l130
p76,l130
p411,l130
p1824,l131
p1834,l132
p1778,l132
p587,l132
p1927,l132
p637,l132
p759,l132
p306,l132
p8,l133
p1905,l133
p1825,l133
p802,l133
p492,l133
p1467,l133
p982,l133
p1605,l134
p1307,l135
p1224,l135
p1195,l135
p1614,l135
p535,l136
p685,l136
p1797,l136
p1368,l137
p1044,l137
p106,l137
p1898,l137
p1198,l137
p963,l137
p1741,l137
p1887,l138
p835,l138
p1548,l138
p1551,l138
p309,l139
p323,l139
p83,l139
p714,l139
p1499,l139
p499,l139
p1513,l139
p433,l139
p1042,l140
p1102,l140
p1682,l140
p1185,l140
p1956,l140
p1191,l141
p946,l141
p1261,l141
p250,l141
p172,l141
p977,l141
p1299,l141
p444,l142
p1806,l142
p471,l142
p1701,l142
p1613,l143
p1492,l144
p1388,l144
p1886,l144
p1228,l144
p636,l144
p384,l145
p1651,l145
p983,l146
p104,l146
p1638,l147
p165,l147
p490,l147
p1310,l147
p844,l147
p1347,l147
p395,l147
p1226,l147
p700,l148
p1243,l148
p430,l148
p851,l148
p801,l149
p530,l149
p484,l149
p384,l149
p1651,l149
p552,l150
p1923,l150
p1561,l150
p879,l150
p869,l150
p63,l150
p871,l150
p1446,l150
p1887,l151
p782,l151
p1872,l151
p1710,l151
p426,l151
p1526,l152
p1625,l152
p245,l152
p1025,l152
p193,l152
p825,l152
p167,l152
p1746,l152
p932,l153
p179,l153
p728,l153
p1760,l153
p704,l153
p209,l153
p404,l154
p696,l154
p1889,l154
p1303,l154
p534,l154
p287,l154
p525,l154
p1431,l154
p1372,l155
p1485,l155
p1550,l156
p243,l156
p1108,l156
p1295,l156
p1711,l157
p1072,l157
p1419,l158
p421,l158
p783,l158
p763,l158
p1424,l158
p1965,l158
p757,l158
p828,l158
p1494,l159
p1059,l159
p368,l159
p1923,l160
p1846,l160
p1746,l160
p1948,l160
p470,l160
p430,l160
p1801,l160
p532,l160
p836,l161
p403,l161
p935,l161
p1549,l161
p938,l161
p336,l162
p1416,l162
p1692,l162
p52,l162
p1275,l162
p1312,l162
p731,l162
p1864,l163
p882,l163
p1746,l163
p1613,l163
p913,l163
p698,l163
p454,l163
p138,l163
p1612,l164
p1951,l164
p109,l164
p1983,l164
p488,l164
p1301,l165
p1753,l165
p117,l165
p64,l165
p95,l166
p258,l166
p1644,l167
p1050,l167
p1588,l167
p1827,l168
p1997,l168
p1994,l168
p620,l168
p1534,l168
p1288,l169
p1967,l169
p1248,l169
p894,l169
p1876,l169
p884,l169
p436,l170
p1874,l170
p955,l170
p766,l170
p844,l170
p538,l170
p972,l170
p1339,l170
p1570,l171
p1613,l171
p631,l171
p320,l172
p137,l172
p95,l172
p74,l172
p683,l172
p647,l172
p1666,l172
p776,l173
p176,l173
p175,l173
p113,l173
p1281,l173
p1023,l173
p1705,l173
p1453,l173
p1842,l174
p1011,l174
p1250,l174
p111,l174
p1602,l174
p282,l174
p873,l174
p899,l175
p654,l175
p1974,l175
p1372,l175
p1186,l175
p618,l175
p388,l175
p1114,l175
p839,l176
p956,l176
p857,l177
p597,l177
p658,l177
p1794,l177
p538,l177
p1341,l177
p873,l178
p686,l178
p1409,l178
p1071,l179
p1140,l179
p659,l179
p440,l179
p1290,l179
p427,l180
p309,l180
p400,l180
p707,l180
p1573,l181
p1432,l181
p298,l182
p1433,l182
p1282,l183
p712,l183
p88,l183
p761,l183
p1409,l183
p1736,l183
p1861,l184
p887,l185
p698,l185
p64,l185
p1489,l185
p378,l185
p569,l185
p292,l185
p632,l186
p1466,l186
p1747,l186
p1756,l186
p424,l187
p787,l187
p1360,l187
p1993,l188
p1244,l188
p1799,l188
p195,l188
p1908,l188
p1732,l188
p697,l189
p1848,l189
p791,l189
p1571,l189
p888,l189
p1919,l189
p1277,l189
p1428,l190
p401,l190
p721,l190
p830,l191
p1962,l191
p1637,l191
p1454,l191
p1600,l192
p856,l192
p1186,l192
p1792,l192
p656,l192
p1089,l192
p65,l192
p899,l192
p924,l193
p1552,l193
p690,l194
p1567,l194
p927,l194
p1062,l195
p1872,l195
p1558,l196
p694,l196
p1330,l196
p1968,l196
p1610,l196
p771,l196
p1809,l198
p200,l199
p1938,l199
p931,l199
p452,l199
p1298,l199
p418,l199
p1584,l199
p1616,l200
p1044,l200
p1601,l200
p735,l200
p504,l200
p1346,l201
p938,l201
p742,l201
p955,l201
p1107,l201
p1659,l201
p435,l201
p749,l202
p533,l203
p876,l203
p1205,l203
p1178,l203
p1402,l204
p924,l204
p108,l204
p1535,l204
p165,l204
p1429,l204
p530,l204
p816,l205
p486,l205
p1290,l205
p1570,l205
p602,l205
p202,l205
p1790,l205
p841,l205
p1001,l206
p609,l206
p292,l207
p1838,l207
p143,l207
p1969,l207
p610,l207
p1001,l207
p1864,l207
p1795,l208
p1494,l208
p1553,l208
p750,l208
p1388,l208
p689,l209
p1700,l209
p1371,l209
p635,l209
p112,l209
p1005,l209
p735,l209
p1410,l210
p154,l210
p1615,l210
p143,l210
p1885,l210
p1869,l210
p1850,l210
p233,l211
p806,l211
p447,l211
p792,l211
p1256,l211
p1613,l212
p1291,l212
p1389,l212
p1397,l212
p269,l213
p410,l213
p1711,l213
p1398,l214
p1225,l214
p562,l214
p1470,l214
p1591,l214
p7,l214
p1403,l214
p1457,l214
p1929,l215
p1253,l215
p399,l215
p858,l215
p1667,l216
p1796,l217
p1920,l218
p819,l218
p222,l218
p1458,l218
p1795,l219
p1969,l219
p328,l219
p1058,l219
p463,l219
p648,l219
p678,l219
p826,l220
p1690,l220
p1038,l221
p1347,l221
p925,l221
p193,l221
p322,l221
p833,l221
p290,l222
p1386,l222
p853,l222
p122,l222
p1238,l222
p307,l222
p1357,l222
p1291,l222
p1153,l223
p1717,l223
p620,l224
p1880,l224
p1326,l224
p861,l224
p787,l224
p48,l224
p1233,l224
p74,l225
p720,l226
p912,l226
p377,l227
p1529,l227
p924,l228
p363,l228
p260,l228
p1820,l228
p1403,l229
p1664,l230
p31,l230
p799,l230
p872,l230
p1750,l230
p364,l230
p1345,l230
p1062,l231
p1969,l231
p731,l231
p1917,l231
p1620,l231
p1414,l231
p279,l232
p897,l232
p1821,l232
p1070,l232
p573,l233
p1559,l233
p1120,l233
p140,l233
p596,l234
p1383,l234
p939,l234
p13,l234
p696,l234
p1030,l234
p367,l234
p417,l235
p550,l236
p699,l237
p265,l237
p624,l237
p1590,l238
p538,l238
p398,l238
p467,l238
p226,l238
p1582,l238
p1333,l238
p1118,l238
p335,l239
p812,l239
p438,l239
p1070,l240
p490,l240
p1068,l240
p1452,l240
p1744,l240
p1961,l240
p996,l240
p22,l240
p1195,l241
p675,l241
p1706,l241
p97,l242
p534,l242
p1040,l242
p318,l242
p541,l242
p434,l243
p149,l243
p286,l243
p967,l243
p790,l243
p559,l243
p1657,l243
p1067,l244
p387,l244
p1396,l244
p881,l244
p91,l244
p1531,l244
p559,l245
p150,l245
p1199,l246
p509,l246
p1317,l246
p52,l246
p868,l246
p1317,l247
p811,l247
p806,l248
p328,l248
p1515,l249
p1257,l249
p56,l249
p1452,l249
p337,l249
p30,l249
p1309,l249
p1003,l249
p629,l250
p645,l250
p1752,l250
p363,l250
p615,l250
p1145,l250
p1412,l250
p59,l251
p1794,l252
p546,l252
p1142,l252
p1402,l252
p743,l252
p1553,l252
p1617,l253
p329,l253
p1793,l254
p589,l254
p749,l254
p1414,l254
p1457,l254
p638,l254
p1231,l254
p1428,l254
p304,l255
p447,l256
p1655,l256
p1032,l256
p24,l256
p1681,l256
p220,l257
p1036,l257
p461,l258
p1083,l258
p44,l258
p1698,l258
p1162,l258
p1011,l258
p716,l258
p1784,l258
p169,l259
p841,l259
p1678,l259
p493,l259
p1461,l260
p1722,l260
p257,l260
p1278,l260
p266,l260
p888,l260
p1223,l261
p672,l261
p1020,l261
p41,l261
p666,l261
p1620,l261
p749,l261
p1314,l261
p1387,l262
p400,l262
p1313,l262
p1768,l262
p1058,l262
p1568,l263
p379,l263
p172,l263
p1409,l263
p806,l263
p1980,l263
p1445,l263
p999,l264
p1891,l264
p908,l264
p1075,l264
p1160,l265
p574,l265
p901,l267
p1095,l267
p371,l267
p923,l267
p1030,l268
p1532,l268
p28,l268
p1080,l268
p1916,l268
p912,l268
p470,l269
p302,l269
p750,l269
p1689,l269
p1685,l269
p1059,l270
p708,l270
p1835,l270
p1516,l270
p978,l270
p118,l271
p625,l271
p1982,l271
p1487,l272
p327,l272
p1552,l273
p1585,l273
p95,l273
p356,l273
p775,l273
p736,l274
p376,l274
p400,l274
p157,l274
p1197,l274
p1927,l274
p411,l274
p125,l275
p1654,l275
p1582,l275
p1725,l275
p300,l276
p1143,l276
p1069,l276
p1179,l276
p199,l276
p472,l276
p877,l277
p1303,l277
p787,l277
p1946,l277
p910,l277
p848,l277
p497,l277
p391,l278
p542,l278
p316,l278
p500,l279
p563,l279
p1446,l280
p1192,l281
p125,l281
p299,l281
p1913,l282
p448,l282
p1326,l283
p794,l283
p1140,l283
p1114,l283
p974,l283
p1290,l283
p1715,l283
p1164,l283
p852,l284
p49,l284
p1125,l284
p1688,l284
p1552,l284
p1961,l285
p1097,l285
p43,l285
p65,l285
p1,l285
p1029,l285
p143,l285
p601,l285
p170,l287
p89,l287
p1537,l287
p796,l287
p1318,l287
p1223,l287
p711,l287
p1038,l287
p412,l288
p71,l288
p258,l288
p1715,l288
p918,l288
p166,l288
p1355,l288
p275,l289
p884,l290
p1873,l290
p424,l290
p704,l290
p422,l290
p1663,l290
p903,l291
p1992,l291
p453,l291
p446,l291
p1933,l291
p412,l292
p1894,l292
p891,l292
p540,l292
p42,l292
p698,l293
p1526,l293
p1463,l293
p1326,l294
p1798,l294
p1831,l294
p192,l295
p551,l295
p1733,l295
p916,l295
p1446,l295
p1614,l295
p1001,l295
p97,l295
p1670,l296
p1345,l296
p1439,l296
p1172,l297
p489,l297
p900,l297
p1576,l297
p539,l297
p218,l298
p490,l298
p1798,l298
p1269,l298
p1347,l299
p1607,l299
p214,l299
