p800,l0
p179,l0
p1302,l0
p1120,l0
p108,l0
p54,l0
p1402,l0
p1777,l0
p1999,l0
p583,l0
p1780,l1
p1677,l1
p1794,l1
p709,l1
p101,l1
p1225,l1
p987,l1
p553,l1
p1719,l1
p1254,l1
p538,l2
p1289,l2
p149,l2
p1193,l2
p1995,l2
p693,l2
p1114,l2
p72,l2
p1425,l2
p1598,l2
p1876,l3
p351,l3
p1197,l3
p1736,l3
p1196,l3
p20,l3
p1413,l3
p1960,l3
p1411,l3
p1341,l3
p552,l4
p224,l4
p1479,l4
p725,l4
p1731,l4
p68,l4
p1857,l4
p681,l4
p145,l4
p1026,l4
p1779,l5
p189,l5
p1016,l5
p1856,l5
p133,l5
p582,l5
p1497,l5
p1917,l5
p246,l5
p1264,l5
p1570,l7
p569,l7
p308,l7
p291,l7
p126,l7
p1568,l7
p939,l7
p1720,l7
p1822,l7
p1476,l7
p1572,l8
p460,l8
p1584,l8
p400,l8
p1252,l8
p1420,l8
p459,l8
p1234,l8
p802,l8
p306,l8
p160,l9
p975,l9
p513,l9
p1975,l9
p1964,l9
p1165,l9
p24,l9
p1659,l9
p501,l9
p1603,l9
p1510,l10
p591,l10
p498,l10
p169,l10
p977,l10
p275,l10
p1784,l10
p1692,l10
p476,l10
p1167,l10
p695,l11
p491,l11
p787,l11
p488,l11
p1400,l11
p120,l11
p1169,l11
p401,l11
p43,l11
p263,l11
p1403,l12
p1027,l12
p602,l12
p1233,l12
p367,l12
p25,l12
p1695,l12
p1678,l12
p1767,l12
p82,l12
p1299,l14
p146,l14
p768,l14
p1908,l14
p586,l14
p1362,l14
p1642,l14
p1096,l14
p1056,l14
p1033,l14
p1580,l15
p1921,l15
p1787,l15
p928,l15
p1566,l15
p1763,l15
p1158,l15
p1751,l15
p1146,l15
p1294,l15
p1087,l18
p282,l18
p510,l18
p340,l18
p946,l18
p256,l18
p1797,l18
p286,l18
p151,l18
p445,l18
p637,l21
p1807,l21
p1532,l21
p42,l21
p430,l21
p1585,l21
p1789,l21
p1218,l21
p214,l21
p740,l21
p785,l22
p1398,l22
p1765,l22
p193,l22
p391,l22
p1014,l22
p1366,l22
p1291,l22
p243,l22
p1451,l22
p1457,l23
p1593,l23
p1744,l23
p1293,l23
p1060,l23
p1865,l23
p738,l23
p1132,l23
p479,l23
p303,l23
p1530,l25
p375,l25
p143,l25
p175,l25
p795,l25
p212,l25
p994,l25
p1173,l25
p770,l25
p1474,l25
p1022,l27
p236,l27
p1079,l27
p906,l27
p344,l27
p56,l27
p1205,l27
p1574,l27
p1086,l27
p916,l27
p654,l28
p568,l28
p1644,l28
p1288,l28
p1650,l28
p663,l28
p846,l28
p944,l28
p1726,l28
p1094,l28
p1275,l29
p402,l29
p6,l29
p136,l29
p894,l29
p950,l29
p925,l29
p413,l29
p1769,l29
p954,l29
p65,l30
p181,l30
p438,l30
p397,l30
p1314,l30
p1148,l30
p450,l30
p862,l30
p295,l30
p885,l30
p558,l31
p307,l31
p1545,l31
p1735,l31
p1567,l31
p881,l31
p1006,l31
p1487,l31
p215,l31
p1898,l31
p630,l34
p326,l34
p1468,l34
p230,l34
p1152,l34
p966,l34
p772,l34
p1591,l34
p475,l34
p1636,l34
p405,l36
p350,l36
p890,l36
p395,l36
p1123,l36
p1569,l36
p1343,l36
p1098,l36
p1914,l36
p128,l36
p1786,l37
p526,l37
p1800,l37
p620,l37
p44,l37
p1564,l37
p1352,l37
p540,l37
p786,l37
p1718,l37
p1253,l39
p425,l39
p861,l39
p1315,l39
p1397,l39
p566,l39
p334,l39
p5,l39
p165,l39
p461,l39
p85,l40
p1232,l40
p323,l40
p290,l40
p1501,l40
p899,l40
p933,l40
p205,l40
p1624,l40
p1221,l40
p1142,l41
p1605,l41
p387,l41
p1249,l41
p532,l41
p1842,l41
p671,l41
p1651,l41
p312,l41
p1178,l41
p267,l42
p1133,l42
p163,l42
p1519,l42
p1980,l42
p1872,l42
p1422,l42
p1674,l42
p238,l42
p124,l42
p348,l46
p1188,l46
p266,l46
p1489,l46
p325,l46
p1823,l46
p806,l46
p427,l46
p733,l46
p835,l46
p53,l51
p1147,l51
p258,l51
p1505,l51
p1224,l51
p766,l51
p1506,l51
p1210,l51
p1608,l51
p417,l51
p1235,l56
p1100,l56
p27,l56
p1600,l56
p1475,l56
p1989,l56
p141,l56
p724,l56
p422,l56
p1708,l56
p1849,l57
p1270,l57
p1903,l57
p463,l57
p1556,l57
p368,l57
p1160,l57
p1760,l57
p1843,l57
p1626,l57
p1231,l59
p84,l59
p313,l59
p1029,l59
p507,l59
p1820,l59
p811,l59
p385,l59
p1616,l59
p1592,l59
p1639,l61
p1785,l61
p1690,l61
p1050,l61
p1156,l61
p1810,l61
p349,l61
p777,l61
p1727,l61
p661,l61
p665,l63
p62,l63
p1893,l63
p610,l63
p1544,l63
p408,l63
p1472,l63
p1072,l63
p1657,l63
p1925,l63
p744,l64
p1048,l64
p1583,l64
p251,l64
p1113,l64
p74,l64
p534,l64
p1523,l64
p75,l64
p1632,l64
p779,l66
p932,l66
p995,l66
p1259,l66
p1238,l66
p484,l66
p635,l66
p1813,l66
p573,l66
p1490,l66
p494,l67
p1423,l67
p1649,l67
p988,l67
p328,l67
p1276,l67
p1251,l67
p934,l67
p1207,l67
p1867,l67
p756,l74
p660,l74
p882,l74
p533,l74
p1788,l74
p1040,l74
p1847,l74
p1640,l74
p1750,l74
p440,l74
p1529,l76
p608,l76
p613,l76
p1141,l76
p1728,l76
p1128,l76
p1965,l76
p1059,l76
p14,l76
p1313,l76
p250,l86
p1180,l86
p78,l86
p529,l86
p1945,l86
p1749,l86
p1791,l86
p821,l86
p1587,l86
p1573,l86
p1620,l88
p918,l88
p154,l88
p1321,l88
p10,l88
p39,l88
p615,l88
p1753,l88
p961,l88
p1990,l88
p723,l94
p809,l94
p866,l94
p451,l94
p657,l94
p672,l94
p487,l94
p625,l94
p1199,l94
p948,l94
p315,l95
p1213,l95
p398,l95
p1140,l95
p594,l95
p1547,l95
p658,l95
p415,l95
p1307,l95
p1342,l95
p520,l98
p1340,l98
p1418,l98
p1565,l98
p838,l98
p819,l98
p1385,l98
p1666,l98
p219,l98
p581,l98
p1698,l99
p1444,l99
p1671,l99
p244,l99
p1515,l99
p1118,l99
p1716,l99
p1073,l99
p1441,l99
p1709,l99
p140,l100
p523,l100
p1484,l100
p1803,l100
p177,l100
p1910,l100
p1935,l100
p1870,l100
p1328,l100
p1899,l100
p1063,l101
p18,l101
p493,l101
p1943,l101
p237,l101
p923,l101
p1609,l101
p1721,l101
p1707,l101
p1145,l101
p937,l103
p444,l103
p1511,l103
p373,l103
p951,l103
p803,l103
p316,l103
p969,l103
p993,l103
p605,l103
p1883,l108
p1667,l108
p1655,l108
p775,l108
p551,l108
p474,l108
p343,l108
p767,l108
p656,l108
p1634,l108
p783,l116
p341,l116
p825,l116
p37,l116
p1481,l116
p726,l116
p626,l116
p284,l116
p327,l116
p716,l116
p38,l125
p1576,l125
p119,l125
p597,l125
p1838,l125
p1981,l125
p428,l125
p88,l125
p1926,l125
p1062,l125
p512,l126
p264,l126
p1934,l126
p1968,l126
p1771,l126
p516,l126
p1092,l126
p1061,l126
p278,l126
p277,l126
p1683,l127
p764,l127
p499,l127
p1911,l127
p833,l127
p1055,l127
p1267,l127
p1986,l127
p1391,l127
p97,l127
p1739,l130
p1950,l130
p1900,l130
p1284,l130
p1680,l130
p1067,l130
p1534,l130
p1102,l130
p100,l130
p1260,l130
p29,l132
p773,l132
p981,l132
p739,l132
p96,l132
p1776,l132
p1220,l132
p1816,l132
p1920,l132
p1918,l132
p1419,l135
p1520,l135
p831,l135
p1874,l135
p265,l135
p1905,l135
p920,l135
p1131,l135
p1019,l135
p1095,l135
p965,l139
p281,l139
p1380,l139
p704,l139
p1417,l139
p1186,l139
p606,l139
p261,l139
p1037,l139
p1586,l139
p1713,l141
p419,l141
p1500,l141
p1495,l141
p1693,l141
p1367,l141
p1136,l141
p1733,l141
p1710,l141
p668,l141
p943,l142
p1896,l142
p816,l142
p1582,l142
p1399,l142
p522,l142
p1,l142
p1415,l142
p1039,l142
p1837,l142
p565,l147
p1878,l147
p59,l147
p1290,l147
p1194,l147
p752,l147
p601,l147
p1873,l147
p1389,l147
p1940,l147
p1613,l148
p1987,l148
p1266,l148
p1250,l148
p432,l148
p1601,l148
p1551,l148
p542,l148
p664,l148
p593,l148
p813,l150
p884,l150
p979,l150
p1942,l150
p629,l150
p1241,l150
p1712,l150
p1628,l150
p1277,l150
p879,l150
p473,l152
p749,l152
p1588,l152
p1045,l152
p1897,l152
p717,l152
p1686,l152
p1076,l152
p1217,l152
p1229,l152
p1245,l155
p1471,l155
p1246,l155
p649,l155
p805,l155
p824,l155
p690,l155
p2,l155
p960,l155
p585,l155
p815,l156
p254,l156
p1358,l156
p414,l156
p1913,l156
p1372,l156
p1672,l156
p359,l156
p627,l156
p1286,l156
p1150,l157
p1034,l157
p49,l157
p221,l157
p853,l157
p421,l157
p732,l157
p1216,l157
p1467,l157
p89,l157
p1978,l158
p1871,l158
p1825,l158
p1552,l158
p61,l158
p682,l158
p1428,l158
p1075,l158
p609,l158
p1762,l158
p1938,l159
p1071,l159
p447,l159
p1696,l159
p372,l159
p1271,l159
p1085,l159
p1047,l159
p170,l159
p317,l159
p1099,l162
p1647,l162
p174,l162
p271,l162
p652,l162
p114,l162
p1538,l162
p1684,l162
p761,l162
p392,l162
p28,l163
p1443,l163
p1864,l163
p247,l163
p903,l163
p1715,l163
p309,l163
p191,l163
p1379,l163
p617,l163
p751,l164
p1546,l164
p178,l164
p1746,l164
p336,l164
p406,l164
p1761,l164
p26,l164
p1292,l164
p855,l164
p735,l166
p1306,l166
p1279,l166
p496,l166
p1491,l166
p793,l166
p1835,l166
p233,l166
p1258,l166
p1112,l166
p1280,l168
p1499,l168
p784,l168
p619,l168
p1305,l168
p1257,l168
p502,l168
p1382,l168
p618,l168
p604,l168
p1396,l169
p135,l169
p1074,l169
p287,l169
p530,l169
p337,l169
p1845,l169
p1308,l169
p227,l169
p1770,l169
p789,l173
p889,l173
p1439,l173
p1594,l173
p1525,l173
p701,l173
p435,l173
p546,l173
p293,l173
p872,l173
p202,l174
p877,l174
p1172,l174
p1360,l174
p1889,l174
p1008,l174
p335,l174
p1081,l174
p235,l174
p914,l174
p1395,l175
p883,l175
p978,l175
p550,l175
p364,l175
p698,l175
p1866,l175
p389,l175
p919,l175
p109,l175
p1809,l176
p632,l176
p1175,l176
p921,l176
p1363,l176
p1615,l176
p908,l176
p730,l176
p854,l176
p1383,l176
p379,l177
p1330,l177
p1177,l177
p1775,l177
p86,l177
p209,l177
p1581,l177
p1331,l177
p1662,l177
p1317,l177
p292,l178
p760,l178
p588,l178
p757,l178
p927,l178
p1091,l178
p547,l178
p1891,l178
p798,l178
p1801,l178
p354,l180
p722,l180
p418,l180
p886,l180
p804,l180
p633,l180
p1722,l180
p453,l180
p1191,l180
p1303,l180
p153,l182
p1015,l182
p173,l182
p429,l182
p1435,l182
p982,l182
p360,l182
p1464,l182
p288,l182
p32,l182
p158,l184
p543,l184
p634,l184
p112,l184
p1179,l184
p1881,l184
p1310,l184
p519,l184
p1153,l184
p514,l184
p76,l185
p820,l185
p1408,l185
p1066,l185
p745,l185
p1137,l185
p314,l185
p1149,l185
p970,l185
p1846,l185
p362,l186
p1298,l186
p1670,l186
p155,l186
p1115,l186
p1171,l186
p1834,l186
p531,l186
p1325,l186
p643,l186
p562,l188
p687,l188
p1805,l188
p297,l188
p911,l188
p1984,l188
p1951,l188
p1528,l188
p1774,l188
p759,l188
p245,l189
p1817,l189
p1831,l189
p1631,l189
p162,l189
p1346,l189
p1054,l189
p683,l189
p1611,l189
p1714,l189
p159,l191
p439,l191
p187,l191
p1049,l191
p8,l191
p1316,l191
p1939,l191
p1689,l191
p1664,l191
p1974,l191
p1734,l193
p105,l193
p670,l193
p1877,l193
p1517,l193
p346,l193
p762,l193
p504,l193
p123,l193
p699,l193
p403,l194
p1512,l194
p102,l194
p1263,l194
p736,l194
p1983,l194
p986,l194
p433,l194
p1527,l194
p166,l194
p34,l196
p570,l196
p121,l196
p1332,l196
p729,l196
p1550,l196
p1485,l196
p1130,l196
p1537,l196
p486,l196
p1895,l202
p847,l202
p35,l202
p518,l202
p333,l202
p623,l202
p1209,l202
p561,l202
p1046,l202
p708,l202
p895,l205
p1766,l205
p330,l205
p559,l205
p144,l205
p30,l205
p1781,l205
p868,l205
p1090,l205
p611,l205
p560,l218
p64,l218
p356,l218
p536,l218
p603,l218
p443,l218
p1827,l218
p301,l218
p1596,l218
p1001,l218
p1208,l221
p1933,l221
p500,l221
p1682,l221
p19,l221
p851,l221
p249,l221
p1119,l221
p111,l221
p742,l221
p902,l249
p1723,l249
p1268,l249
p557,l249
p1812,l249
p201,l249
p997,l249
p148,l249
p1691,l249
p23,l249
p1031,l251
p1204,l251
p1083,l251
p107,l251
p1492,l251
p1376,l251
p1122,l251
p222,l251
p1637,l251
p1578,l251
p541,l6
p1554,l6
p1244,l6
p1883,l6
p778,l6
p357,l13
p265,l13
p473,l13
p1150,l13
p903,l13
p133,l13
p1013,l13
p1357,l13
p44,l13
p775,l16
p1933,l16
p622,l16
p793,l16
p386,l17
p816,l19
p1469,l19
p401,l19
p167,l20
p1318,l20
p741,l24
p512,l24
p1107,l24
p238,l24
p1853,l26
p1814,l26
p1527,l26
p1802,l26
p1929,l32
p310,l33
p563,l33
p1588,l33
p982,l33
p953,l33
p1158,l33
p793,l35
p1763,l35
p1358,l35
p1162,l38
p294,l38
p1142,l38
p1814,l38
p55,l38
p1593,l43
p548,l43
p972,l43
p625,l44
p1363,l44
p574,l44
p1151,l45
p1570,l45
p337,l45
p354,l47
p202,l47
p176,l47
p1512,l47
p480,l47
p1748,l47
p773,l47
p204,l48
p1491,l48
p1875,l49
p828,l49
p1394,l49
p1941,l50
p1835,l50
p441,l50
p1286,l50
p658,l50
p1691,l50
p1538,l50
p1254,l50
p977,l52
p1123,l52
p888,l52
p1877,l52
p1493,l52
p1723,l52
p241,l53
p1919,l53
p390,l53
p748,l53
p267,l53
p793,l53
p464,l54
p275,l54
p1407,l54
p23,l54
p1112,l54
p1462,l54
p1116,l54
p173,l54
p673,l55
p1380,l55
p123,l55
p75,l55
p1094,l55
p1370,l55
p880,l55
p665,l55
p1472,l58
p193,l60
p909,l60
p1373,l60
p381,l60
p379,l60
p47,l60
p1370,l60
p714,l60
p764,l62
p1196,l62
p1272,l62
p1263,l62
p96,l65
p793,l65
p1393,l65
p1765,l65
p1338,l65
p1700,l65
p560,l68
p1726,l68
p1721,l68
p1742,l68
p749,l68
p1304,l69
p409,l69
p1402,l70
p940,l71
p1986,l71
p683,l71
p554,l71
p1795,l72
p81,l72
p1388,l72
p330,l72
p955,l72
p1891,l72
p13,l72
p88,l72
p731,l73
p321,l75
p1925,l75
p1462,l75
p1480,l75
p606,l75
p903,l75
p365,l75
p1763,l75
p1418,l75
p61,l77
p561,l77
p1545,l77
p1562,l77
p1024,l77
p117,l77
p1055,l77
p1283,l77
p415,l77
p752,l78
p1640,l78
p1186,l78
p580,l78
p1827,l78
p1999,l78
p975,l79
p1708,l79
p1280,l80
p1291,l80
p1535,l80
p22,l81
p1830,l81
p1263,l82
p531,l82
p981,l82
p1885,l82
p509,l82
p806,l82
p1639,l82
p1696,l82
p207,l82
p133,l82
p1953,l83
p631,l83
p1589,l83
p1508,l83
p1636,l83
p43,l83
p1122,l83
p1772,l83
p196,l83
p1822,l83
p274,l84
p1593,l84
p654,l84
p461,l84
p1167,l84
p1087,l84
p1490,l84
p1966,l84
p724,l84
p882,l85
p1277,l85
p1470,l85
p835,l85
p1464,l85
p991,l85
p175,l87
p1512,l87
p1707,l89
p367,l89
p1302,l89
p1066,l89
p1577,l89
p776,l89
p1261,l89
p1058,l89
p752,l90
p364,l90
p896,l90
p65,l90
p1035,l90
p676,l90
p1705,l90
p1253,l91
p1382,l91
p328,l91
p66,l92
p1663,l92
p1371,l92
p247,l92
p347,l92
p1772,l92
p782,l92
p744,l92
p1139,l92
p163,l93
p573,l93
p595,l93
p230,l93
p1952,l93
p327,l93
p376,l93
p1355,l96
p735,l96
p1487,l96
p640,l96
p230,l97
p656,l97
p1640,l97
p658,l97
p1939,l102
p1227,l102
p803,l104
p1752,l104
p986,l105
p1381,l105
p991,l105
p1472,l105
p1177,l105
p138,l105
p715,l106
p1567,l106
p1111,l106
p1217,l106
p59,l106
p1461,l106
p1493,l106
p1369,l106
p62,l106
p405,l106
p1379,l107
p1895,l109
p1511,l109
p758,l110
p326,l110
p1532,l110
p18,l110
p402,l111
p1948,l111
p683,l112
p1823,l112
p1428,l112
p1281,l112
p1734,l112
p500,l112
p1460,l113
p1327,l113
p617,l113
p1309,l113
p1555,l113
p1445,l113
p108,l114
p738,l114
p111,l114
p1391,l114
p534,l114
p700,l114
p769,l114
p1827,l114
p138,l115
p888,l115
p372,l115
p1427,l115
p1339,l115
p1249,l115
p1695,l115
p1609,l115
p1902,l115
p1859,l115
p1870,l117
p641,l117
p215,l117
p1465,l117
p1244,l117
p1814,l117
p1344,l117
p1735,l117
p70,l117
p660,l117
p680,l118
p241,l118
p631,l118
p904,l118
p775,l118
p303,l118
p1759,l118
p1603,l118
p1393,l119
p77,l120
p1632,l120
p1114,l120
p328,l120
p704,l121
p1528,l121
p459,l121
p1932,l122
p1560,l123
p817,l123
p1052,l123
p1056,l124
p539,l124
p114,l124
p1624,l124
p370,l128
p1828,l128
p263,l128
p729,l128
p1249,l128
p1169,l128
p644,l129
p1390,l131
p636,l131
p1444,l131
p1144,l131
p1162,l131
p210,l131
p993,l133
p665,l133
p1085,l133
p74,l133
p1917,l134
p743,l134
p344,l134
p242,l134
p1543,l134
p1678,l136
p539,l136
p1339,l136
p1927,l136
p1414,l137
p1908,l137
p944,l137
p1860,l137
p1144,l137
p1142,l137
p1306,l137
p167,l137
p1520,l138
p1074,l138
p1939,l138
p1372,l138
p1001,l138
p218,l140
p1818,l140
p1990,l140
p650,l140
p149,l140
p1681,l140
p1958,l143
p1285,l143
p698,l143
p1462,l144
p830,l145
p1062,l146
p649,l149
p819,l149
p842,l149
p1373,l149
p604,l151
p1088,l151
p527,l151
p318,l151
p726,l151
p1445,l151
p102,l151
p96,l151
p1474,l153
p619,l153
p70,l153
p1890,l153
p1790,l153
p1695,l153
p33,l154
p1153,l154
p693,l154
p1343,l160
p1339,l160
p1539,l160
p1618,l160
p1266,l160
p1017,l160
p192,l160
p1325,l161
p848,l161
p9,l161
p1965,l161
p190,l165
p447,l167
p1279,l167
p885,l170
p497,l170
p893,l170
p1929,l170
p1004,l171
p1732,l172
p73,l172
p961,l179
p153,l179
p1157,l179
p1664,l179
p1518,l179
p1321,l179
p829,l181
p1936,l181
p590,l181
p615,l183
p140,l183
p368,l183
p1063,l183
p571,l183
p1636,l183
p1743,l183
p882,l183
p738,l187
p1961,l187
p809,l190
p1038,l192
p1519,l192
p1851,l192
p1696,l192
p176,l195
p1961,l195
p701,l195
p1765,l195
p796,l195
p1175,l195
p1671,l195
p1797,l195
p1847,l195
p1633,l197
p279,l197
p1054,l197
p313,l197
p648,l197
p1188,l197
p71,l197
p827,l197
p681,l197
p1607,l198
p239,l198
p1042,l199
p371,l199
p697,l199
p581,l199
p1425,l199
p1000,l199
p1235,l199
p1302,l199
p703,l200
p576,l200
p1512,l200
p522,l200
p814,l200
p847,l200
p1121,l201
p1688,l201
p1586,l201
p1601,l201
p1275,l201
p1705,l201
p951,l201
p1254,l201
p32,l201
p981,l203
p419,l204
p1912,l204
p555,l204
p1255,l204
p1440,l204
p1173,l204
p1650,l206
p1113,l206
p1458,l206
p956,l206
p1703,l206
p639,l206
p1121,l206
p1770,l207
p507,l208
p1287,l208
p794,l208
p1168,l208
p1420,l208
p1175,l208
p862,l209
p1462,l209
p1606,l210
p549,l210
p39,l210
p815,l210
p1579,l210
p959,l210
p872,l210
p1434,l210
p659,l210
p411,l210
p1055,l211
p1373,l212
p1760,l213
p560,l213
p1624,l213
p1239,l213
p1420,l213
p324,l213
p1379,l214
p1911,l214
p1426,l214
p290,l214
p1969,l215
p1084,l216
p666,l216
p313,l217
p411,l217
p1978,l217
p1073,l217
p1620,l217
p1838,l217
p439,l219
p1953,l220
p374,l220
p120,l220
p1665,l220
p1648,l220
p146,l220
p442,l220
p583,l220
p1741,l222
p144,l222
p541,l222
p1159,l222
p341,l222
p540,l222
p1341,l222
p1776,l222
p954,l222
p1817,l223
p20,l223
p579,l223
p1351,l223
p1257,l223
p241,l223
p411,l223
p375,l223
p1792,l223
p1955,l224
p1715,l224
p948,l225
p642,l225
p1951,l225
p780,l225
p1387,l225
p1299,l225
p901,l226
p1510,l226
p494,l226
p435,l226
p1952,l226
p1531,l226
p970,l227
p884,l227
p161,l227
p1154,l227
p630,l227
p26,l227
p1387,l227
p1484,l227
p910,l227
p1151,l228
p1054,l228
p1284,l228
p915,l228
p1511,l228
p43,l228
p60,l228
p1610,l229
p1522,l229
p778,l230
p445,l230
p1408,l230
p1445,l230
p165,l230
p832,l230
p335,l230
p849,l231
p1331,l231
p261,l231
p765,l232
p430,l232
p1282,l232
p249,l232
p1204,l232
p1877,l232
p1232,l232
p1075,l232
p1548,l232
p1741,l232
p1131,l233
p1492,l233
p496,l233
p962,l233
p188,l233
p491,l234
p1014,l234
p855,l234
p1168,l234
p573,l234
p1728,l234
p1685,l234
p668,l234
p1290,l234
p468,l234
p875,l235
p795,l235
p987,l235
p1920,l235
p795,l235
p761,l235
p1464,l235
p615,l235
p393,l235
p881,l235
p1843,l236
p1743,l236
p1243,l236
p1595,l236
p1309,l236
p862,l236
p239,l237
p1941,l237
p1478,l237
p1440,l238
p779,l239
p1210,l239
p1824,l239
p1647,l239
p1620,l239
p1407,l239
p1649,l239
p758,l239
p1848,l239
p371,l239
p243,l240
p765,l240
p255,l240
p1534,l240
p1077,l240
p1367,l240
p1708,l240
p981,l240
p1008,l241
p115,l242
p1614,l242
p537,l242
p1666,l242
p666,l242
p1994,l242
p1720,l242
p260,l243
p1294,l243
p1951,l243
p352,l243
p1550,l243
p351,l243
p1871,l243
p1205,l243
p287,l244
p1419,l244
p1236,l244
p43,l244
p336,l244
p1785,l244
p1246,l245
p1252,l245
p1461,l246
p278,l246
p154,l246
p886,l246
p137,l246
p744,l246
p949,l247
p1551,l247
p1454,l247
p682,l247
p363,l247
p1544,l247
p1421,l247
p1123,l247
p1421,l247
p990,l247
p720,l248
p399,l248
p149,l248
p296,l248
p1577,l248
p1259,l248
p1237,l248
p1849,l248
p1005,l248
p232,l248
p1543,l250
p816,l250
p500,l250
p1109,l252
p1160,l252
p17,l252
p1884,l252
p214,l252
p4,l252
p506,l252
p1748,l253
p1715,l253
p593,l253
p1688,l253
p613,l253
p1393,l253
p1437,l254
p59,l254
p1280,l254
p1055,l254
p682,l254
p703,l254
p1549,l254
p1348,l255
p1524,l255
p296,l255
p518,l255
p1063,l255
p1936,l255
p455,l255
p1323,l255
p0,l256
p1539,l256
p1324,l256
p980,l257
p371,l257
p1254,l257
p140,l257
p4,l257
p367,l257
p294,l257
p457,l257
p1350,l258
p1810,l258
p1161,l258
p1826,l259
p1367,l259
p421,l259
p1887,l259
p552,l260
p1688,l260
p1379,l260
p1874,l260
p1138,l260
p893,l260
p985,l260
p1083,l260
p1418,l260
p1094,l261
p1585,l261
p1100,l261
p1738,l261
p1954,l261
p1360,l261
p717,l262
p1833,l262
p1511,l262
p1580,l262
p1439,l262
p1942,l262
p1939,l263
p1075,l263
p979,l263
p654,l263
p923,l263
p1542,l263
p1554,l263
p1246,l263
p220,l263
p1663,l264
p309,l264
p1881,l264
p1775,l264
p116,l264
p391,l264
p1037,l264
p1326,l264
p189,l264
p858,l265
p1463,l265
p260,l265
p1858,l265
p346,l265
p639,l265
p1252,l265
p1611,l265
p1724,l266
p1972,l266
p1508,l266
p1351,l266
p132,l266
p937,l266
p624,l266
p1658,l266
p723,l266
p520,l267
p1863,l267
p1923,l267
p104,l267
p1027,l267
p688,l268
p625,l268
p1350,l268
p891,l268
p1323,l268
p768,l268
p280,l268
p1926,l268
p194,l269
p1385,l269
p1111,l269
p405,l269
p967,l269
p1208,l269
p1637,l269
p1923,l269
p1167,l270
p155,l270
p1483,l270
p980,l271
p276,l271
p283,l271
p197,l272
p752,l272
p822,l272
p906,l273
p1213,l273
p780,l273
p1819,l273
p369,l274
p357,l274
p139,l274
p1326,l274
p1428,l275
p596,l275
p1685,l275
p1293,l275
p406,l275
p1199,l275
p671,l275
p1585,l275
p1068,l275
p481,l275
p1958,l276
p1015,l276
p505,l276
p1693,l277
p1520,l277
p1281,l277
p1202,l277
p1832,l277
p1609,l277
p990,l277
p72,l277
p1688,l277
p703,l277
p886,l278
p508,l278
p686,l278
p196,l278
p1629,l278
p1130,l278
p482,l278
p903,l278
p1105,l278
p1341,l278
p1733,l279
p1895,l279
p543,l279
p575,l279
p1302,l279
p1112,l279
p662,l279
p766,l280
p1903,l280
p747,l280
p1001,l281
p632,l281
p1596,l281
p1419,l281
p1164,l281
p1280,l282
p492,l283
p1721,l283
p481,l283
p845,l283
p530,l283
p1678,l283
p53,l283
p585,l283
p990,l284
p1867,l284
p1585,l285
p1516,l285
p160,l285
p325,l285
p1838,l286
p1822,l286
p1339,l286
p664,l286
p1091,l286
p1443,l286
p1455,l286
p167,l286
p1897,l287
p1724,l287
p1930,l287
p600,l287
p1565,l287
p1976,l288
p303,l288
p840,l288
p1058,l288
p1779,l288
p1618,l288
p1050,l288
p1269,l288
p1572,l288
p1108,l288
p1670,l289
p1641,l290
p1358,l290
p1667,l290
p813,l290
p879,l290
p1830,l290
p1863,l291
p1669,l291
p299,l291
p1980,l291
p884,l291
p893,l291
p1286,l291
p734,l291
p945,l291
p355,l292
p1248,l293
p291,l293
p8,l293
p783,l293
p1539,l293
p899,l293
p626,l293
p576,l293
p1622,l293
p1782,l293
p722,l294
p1946,l294
p1157,l294
p650,l294
p1286,l294
p1901,l294
p1922,l294
p1505,l295
p616,l295
p1604,l296
p1657,l296
p501,l296
p1952,l296
p306,l296
p47,l296
p1887,l297
p944,l297
p541,l297
p1375,l298
p1991,l298
p1085,l298
p1518,l298
p1525,l298
p635,l298
p190,l298
p1546,l298
p270,l298
p1740,l299
p500,l299
p1171,l299
p1255,l299
p658,l299
