p1686,p69
p1686,p10
p1686,p599
p1686,p25
p1686,p90
p1686,p51
p1686,p85
p1686,p39
p1686,p289
p1686,p151
p1686,p290
p1686,p77
p1686,p114
p1686,p35
p1686,p17
p1686,p19
p1686,p227
p1686,p153
p1686,p88
p1686,p623
p1686,p614
p1686,p288
p1686,p1
p1686,p83
p1686,p100
p1686,p179
p1686,p195
p1686,p268
p1686,p31
p1686,p490
p1686,p57
p1686,p357
p1686,p360
p1686,p82
p1686,p214
p1686,p589
p1686,p29
p1686,p411
p1686,p476
p1686,p34
p1686,p113
p1686,p391
p1686,p104
p1686,p84
p1686,p37
p1686,p316
p1686,p300
p1686,p512
p1686,p8
p1686,p250
p1686,p81
p1686,p1128
p1686,p72
p1686,p313
p1686,p309
p1686,p236
p1686,p539
p1686,p260
p1686,p154
p1686,p73
p462,p69
p462,p10
p462,p599
p462,p25
p462,p90
p462,p51
p462,p85
p462,p39
p462,p289
p462,p151
p462,p290
p462,p77
p462,p114
p462,p35
p462,p17
p462,p19
p462,p227
p462,p153
p462,p88
p462,p623
p462,p614
p462,p288
p462,p1
p462,p83
p462,p100
p462,p179
p462,p195
p462,p268
p462,p31
p462,p490
p462,p57
p462,p357
p462,p360
p462,p82
p462,p214
p462,p589
p462,p29
p462,p411
p462,p476
p462,p34
p462,p113
p462,p391
p462,p104
p462,p84
p462,p37
p462,p316
p462,p300
p462,p512
p462,p8
p462,p250
p462,p81
p462,p1128
p462,p72
p462,p313
p462,p309
p462,p236
p462,p539
p462,p260
p462,p154
p462,p73
p661,p69
p661,p10
p661,p599
p661,p25
p661,p90
p661,p51
p661,p85
p661,p39
p661,p289
p661,p151
p661,p290
p661,p77
p661,p114
p661,p35
p661,p17
p661,p19
p661,p227
p661,p153
p661,p88
p661,p623
p661,p614
p661,p288
p661,p1
p661,p83
p661,p100
p661,p179
p661,p195
p661,p268
p661,p31
p661,p490
p661,p57
p661,p357
p661,p360
p661,p82
p661,p214
p661,p589
p661,p29
p661,p411
p661,p476
p661,p34
p661,p113
p661,p391
p661,p104
p661,p84
p661,p37
p661,p316
p661,p300
p661,p512
p661,p8
p661,p250
p661,p81
p661,p1128
p661,p72
p661,p313
p661,p309
p661,p236
p661,p539
p661,p260
p661,p154
p661,p73
p372,p69
p372,p10
p372,p599
p372,p25
p372,p90
p372,p51
p372,p85
p372,p39
p372,p289
p372,p151
p372,p290
p372,p77
p372,p114
p372,p35
p372,p17
p372,p19
p372,p227
p372,p153
p372,p88
p372,p623
p372,p614
p372,p288
p372,p1
p372,p83
p372,p100
p372,p179
p372,p195
p372,p268
p372,p31
p372,p490
p372,p57
p372,p357
p372,p360
p372,p82
p372,p214
p372,p589
p372,p29
p372,p411
p372,p476
p372,p34
p372,p113
p372,p391
p372,p104
p372,p84
p372,p37
p372,p316
p372,p300
p372,p512
p372,p8
p372,p250
p372,p81
p372,p1128
p372,p72
p372,p313
p372,p309
p372,p236
p372,p539
p372,p260
p372,p154
p372,p73
p641,p69
p641,p10
p641,p599
p641,p25
p641,p90
p641,p51
p641,p85
p641,p39
p641,p289
p641,p151
p641,p290
p641,p77
p641,p114
p641,p35
p641,p17
p641,p19
p641,p227
p641,p153
p641,p88
p641,p623
p641,p614
p641,p288
p641,p1
p641,p83
p641,p100
p641,p179
p641,p195
p641,p268
p641,p31
p641,p490
p641,p57
p641,p357
p641,p360
p641,p82
p641,p214
p641,p589
p641,p29
p641,p411
p641,p476
p641,p34
p641,p113
p641,p391
p641,p104
p641,p84
p641,p37
p641,p316
p641,p300
p641,p512
p641,p8
p641,p250
p641,p81
p641,p1128
p641,p72
p641,p313
p641,p309
p641,p236
p641,p539
p641,p260
p641,p154
p641,p73
p387,p69
p387,p10
p387,p599
p387,p90
p387,p51
p387,p85
p387,p39
p387,p289
p387,p151
p387,p290
p387,p77
p387,p114
p387,p35
p387,p17
p387,p19
p387,p227
p387,p153
p387,p88
p387,p623
p387,p614
p387,p288
p387,p1
p387,p83
p387,p100
p387,p179
p387,p195
p387,p268
p387,p31
p387,p490
p387,p57
p387,p357
p387,p360
p387,p82
p387,p214
p387,p589
p387,p29
p387,p411
p387,p476
p387,p34
p387,p113
p387,p391
p387,p104
p387,p84
p387,p37
p387,p316
p387,p300
p387,p512
p387,p8
p387,p250
p387,p81
p387,p1128
p387,p72
p387,p313
p387,p309
p387,p236
p387,p539
p387,p260
p387,p154
p387,p73
p1491,p69
p1491,p10
p1491,p599
p1491,p25
p1491,p90
p1491,p51
p1491,p85
p1491,p39
p1491,p289
p1491,p151
p1491,p290
p1491,p77
p1491,p114
p1491,p35
p1491,p17
p1491,p19
p1491,p227
p1491,p153
p1491,p88
p1491,p623
p1491,p614
p1491,p288
p1491,p1
p1491,p83
p1491,p100
p1491,p179
p1491,p195
p1491,p268
p1491,p31
p1491,p490
p1491,p57
p1491,p357
p1491,p360
p1491,p82
p1491,p214
p1491,p589
p1491,p29
p1491,p411
p1491,p476
p1491,p34
p1491,p113
p1491,p391
p1491,p104
p1491,p84
p1491,p37
p1491,p316
p1491,p300
p1491,p512
p1491,p8
p1491,p250
p1491,p81
p1491,p1128
p1491,p72
p1491,p313
p1491,p309
p1491,p236
p1491,p539
p1491,p260
p1491,p154
p1491,p73
p341,p69
p341,p10
p341,p599
p341,p25
p341,p90
p341,p51
p341,p85
p341,p39
p341,p289
p341,p151
p341,p290
p341,p77
p341,p114
p341,p35
p341,p17
p341,p19
p341,p227
p341,p153
p341,p88
p341,p623
p341,p614
p341,p288
p341,p1
p341,p83
p341,p100
p341,p179
p341,p195
p341,p268
p341,p31
p341,p490
p341,p57
p341,p357
p341,p360
p341,p82
p341,p214
p341,p589
p341,p29
p341,p411
p341,p476
p341,p34
p341,p113
p341,p391
p341,p104
p341,p84
p341,p37
p341,p316
p341,p300
p341,p512
p341,p8
p341,p250
p341,p81
p341,p1128
p341,p72
p341,p313
p341,p309
p341,p236
p341,p539
p341,p260
p341,p154
p341,p73
p1978,p69
p1978,p10
p1978,p599
p1978,p25
p1978,p90
p1978,p51
p1978,p85
p1978,p39
p1978,p289
p1978,p151
p1978,p290
p1978,p77
p1978,p114
p1978,p35
p1978,p17
p1978,p19
p1978,p227
p1978,p153
p1978,p88
p1978,p623
p1978,p614
p1978,p288
p1978,p1
p1978,p83
p1978,p100
p1978,p179
p1978,p195
p1978,p268
p1978,p31
p1978,p490
p1978,p57
p1978,p357
p1978,p360
p1978,p82
p1978,p214
p1978,p589
p1978,p29
p1978,p411
p1978,p476
p1978,p34
p1978,p113
p1978,p391
p1978,p104
p1978,p84
p1978,p37
p1978,p316
p1978,p300
p1978,p512
p1978,p8
p1978,p250
p1978,p81
p1978,p1128
p1978,p72
p1978,p313
p1978,p309
p1978,p236
p1978,p539
p1978,p260
p1978,p154
p1978,p73
p1113,p69
p1113,p10
p1113,p599
p1113,p25
p1113,p90
p1113,p51
p1113,p85
p1113,p39
p1113,p289
p1113,p151
p1113,p290
p1113,p77
p1113,p114
p1113,p35
p1113,p17
p1113,p19
p1113,p227
p1113,p153
p1113,p88
p1113,p623
p1113,p614
p1113,p288
p1113,p1
p1113,p83
p1113,p100
p1113,p179
p1113,p195
p1113,p268
p1113,p31
p1113,p490
p1113,p57
p1113,p357
p1113,p360
p1113,p82
p1113,p214
p1113,p589
p1113,p29
p1113,p411
p1113,p476
p1113,p34
p1113,p113
p1113,p391
p1113,p104
p1113,p84
p1113,p37
p1113,p316
p1113,p300
p1113,p512
p1113,p8
p1113,p250
p1113,p81
p1113,p1128
p1113,p72
p1113,p313
p1113,p309
p1113,p236
p1113,p539
p1113,p260
p1113,p154
p1113,p73
p739,p69
p739,p10
p739,p599
p739,p25
p739,p90
p739,p51
p739,p85
p739,p39
p739,p289
p739,p151
p739,p290
p739,p77
p739,p114
p739,p35
p739,p17
p739,p19
p739,p227
p739,p153
p739,p88
p739,p623
p739,p614
p739,p288
p739,p1
p739,p83
p739,p100
p739,p179
p739,p195
p739,p268
p739,p31
p739,p490
p739,p57
p739,p357
p739,p360
p739,p82
p739,p214
p739,p589
p739,p29
p739,p411
p739,p476
p739,p34
p739,p113
