p1433,p116
p1433,p407
p1433,p147
p1433,p59
p1433,p109
p1433,p311
p1433,p22
p1433,p75
p1433,p577
p1433,p330
p1433,p511
p1433,p696
p1433,p40
p1433,p159
p1433,p296
p1433,p16
p1433,p563
p1433,p10
p1433,p393
p1433,p80
p1433,p680
p1433,p197
p1433,p124
p1433,p56
p1433,p117
p1433,p838
p1433,p71
p1433,p185
p1433,p181
p1433,p614
p1433,p60
p1433,p585
p1433,p205
p1433,p169
p1433,p227
p1433,p50
p1433,p901
p1433,p199
p1433,p430
p1433,p759
p1433,p447
p1433,p353
p1433,p99
p1433,p12
p1433,p19
p1433,p468
p1433,p332
p1433,p90
p1433,p7
p1433,p443
p1433,p532
p1433,p1502
p1433,p537
p1433,p103
p1433,p83
p1433,p494
p1433,p174
p1433,p166
p1433,p92
p1433,p798
p1565,p116
p1565,p407
p1565,p147
p1565,p59
p1565,p109
p1565,p311
p1565,p22
p1565,p75
p1565,p577
p1565,p330
p1565,p511
p1565,p696
p1565,p40
p1565,p159
p1565,p296
p1565,p16
p1565,p563
p1565,p10
p1565,p393
p1565,p80
p1565,p680
p1565,p197
p1565,p124
p1565,p56
p1565,p117
p1565,p838
p1565,p71
p1565,p185
p1565,p181
p1565,p614
p1565,p60
p1565,p585
p1565,p205
p1565,p169
p1565,p227
p1565,p50
p1565,p901
p1565,p199
p1565,p430
p1565,p759
p1565,p447
p1565,p353
p1565,p99
p1565,p12
p1565,p19
p1565,p468
p1565,p332
p1565,p90
p1565,p7
p1565,p443
p1565,p532
p1565,p1502
p1565,p103
p1565,p83
p1565,p494
p1565,p174
p1565,p166
p1565,p92
p1565,p798
p1751,p116
p1751,p407
p1751,p147
p1751,p59
p1751,p109
p1751,p311
p1751,p22
p1751,p75
p1751,p577
p1751,p330
p1751,p511
p1751,p696
p1751,p40
p1751,p159
p1751,p296
p1751,p16
p1751,p563
p1751,p10
p1751,p393
p1751,p80
p1751,p680
p1751,p197
p1751,p124
p1751,p56
p1751,p117
p1751,p838
p1751,p71
p1751,p185
p1751,p181
p1751,p614
p1751,p60
p1751,p585
p1751,p205
p1751,p169
p1751,p227
p1751,p50
p1751,p901
p1751,p199
p1751,p430
p1751,p759
p1751,p447
p1751,p353
p1751,p99
p1751,p12
p1751,p19
p1751,p468
p1751,p332
p1751,p90
p1751,p7
p1751,p443
p1751,p532
p1751,p1502
p1751,p537
p1751,p103
p1751,p83
p1751,p494
p1751,p174
p1751,p166
p1751,p92
p1751,p798
p510,p116
p510,p407
p510,p147
p510,p59
p510,p109
p510,p311
p510,p22
p510,p75
p510,p577
p510,p330
p510,p511
p510,p696
p510,p40
p510,p159
p510,p296
p510,p16
p510,p563
p510,p10
p510,p393
p510,p80
p510,p680
p510,p197
p510,p124
p510,p56
p510,p117
p510,p838
p510,p71
p510,p185
p510,p181
p510,p614
p510,p60
p510,p585
p510,p205
p510,p169
p510,p227
p510,p50
p510,p901
p510,p199
p510,p430
p510,p759
p510,p447
p510,p353
p510,p99
p510,p12
p510,p19
p510,p468
p510,p332
p510,p90
p510,p7
p510,p443
p510,p532
p510,p1502
p510,p537
p510,p103
p510,p83
p510,p494
p510,p174
p510,p166
p510,p92
p510,p798
p1901,p116
p1901,p407
p1901,p147
p1901,p59
p1901,p109
p1901,p311
p1901,p22
p1901,p75
p1901,p577
p1901,p330
p1901,p511
p1901,p696
p1901,p40
p1901,p159
p1901,p296
p1901,p16
p1901,p563
p1901,p10
p1901,p393
p1901,p80
p1901,p680
p1901,p197
p1901,p124
p1901,p56
p1901,p117
p1901,p838
p1901,p71
p1901,p185
p1901,p181
p1901,p614
p1901,p60
p1901,p585
p1901,p205
p1901,p169
p1901,p227
p1901,p50
p1901,p901
p1901,p199
p1901,p430
p1901,p759
p1901,p447
p1901,p353
p1901,p99
p1901,p12
p1901,p19
p1901,p468
p1901,p332
p1901,p90
p1901,p7
p1901,p443
p1901,p532
p1901,p1502
p1901,p537
p1901,p103
p1901,p83
p1901,p494
p1901,p174
p1901,p166
p1901,p92
p1901,p798
p1745,p116
p1745,p407
p1745,p147
p1745,p59
p1745,p109
p1745,p311
p1745,p22
p1745,p75
p1745,p577
p1745,p330
p1745,p511
p1745,p696
p1745,p40
p1745,p159
p1745,p296
p1745,p16
p1745,p563
p1745,p10
p1745,p393
p1745,p80
p1745,p680
p1745,p197
p1745,p124
p1745,p56
p1745,p117
p1745,p838
p1745,p71
p1745,p185
p1745,p181
p1745,p614
p1745,p60
p1745,p585
p1745,p205
p1745,p169
p1745,p227
p1745,p50
p1745,p901
p1745,p199
p1745,p430
p1745,p759
p1745,p447
p1745,p353
p1745,p99
p1745,p12
p1745,p19
p1745,p468
p1745,p332
p1745,p90
p1745,p7
p1745,p443
p1745,p532
p1745,p1502
p1745,p537
p1745,p103
p1745,p83
p1745,p494
p1745,p174
p1745,p166
p1745,p92
p1745,p798
p1495,p116
p1495,p407
p1495,p147
p1495,p59
p1495,p109
p1495,p311
p1495,p22
p1495,p75
p1495,p577
p1495,p330
p1495,p511
p1495,p696
p1495,p40
p1495,p159
p1495,p296
p1495,p16
p1495,p563
p1495,p10
p1495,p393
p1495,p80
p1495,p680
p1495,p197
p1495,p124
p1495,p56
p1495,p117
p1495,p838
p1495,p71
p1495,p185
p1495,p181
p1495,p614
p1495,p60
p1495,p585
p1495,p205
p1495,p169
p1495,p227
p1495,p50
p1495,p901
p1495,p199
p1495,p430
p1495,p759
p1495,p447
p1495,p353
p1495,p99
p1495,p12
p1495,p19
p1495,p468
p1495,p332
p1495,p90
p1495,p7
p1495,p443
p1495,p532
p1495,p1502
p1495,p537
p1495,p103
p1495,p83
p1495,p494
p1495,p174
p1495,p166
p1495,p92
p1495,p798
p1913,p116
p1913,p407
p1913,p147
p1913,p59
p1913,p109
p1913,p311
p1913,p22
p1913,p75
p1913,p577
p1913,p330
p1913,p511
p1913,p696
p1913,p40
p1913,p159
p1913,p296
p1913,p16
p1913,p563
p1913,p10
p1913,p393
p1913,p80
p1913,p680
p1913,p197
p1913,p124
p1913,p56
p1913,p117
p1913,p838
p1913,p71
p1913,p185
p1913,p181
p1913,p614
p1913,p60
p1913,p585
p1913,p205
p1913,p169
p1913,p227
p1913,p50
p1913,p901
p1913,p199
p1913,p430
p1913,p759
p1913,p447
p1913,p353
p1913,p99
p1913,p12
p1913,p19
p1913,p468
p1913,p332
p1913,p90
p1913,p7
p1913,p443
p1913,p532
p1913,p1502
p1913,p537
p1913,p103
p1913,p83
p1913,p494
p1913,p174
p1913,p166
p1913,p92
p1913,p798
p388,p116
p388,p407
p388,p147
p388,p59
p388,p109
p388,p311
p388,p22
p388,p75
p388,p577
p388,p330
p388,p511
p388,p696
p388,p40
p388,p159
p388,p296
p388,p16
p388,p563
p388,p10
p388,p393
p388,p80
p388,p680
p388,p197
p388,p124
p388,p56
p388,p117
p388,p838
p388,p71
p388,p185
p388,p181
p388,p614
p388,p60
p388,p585
p388,p205
p388,p169
p388,p227
p388,p50
p388,p901
p388,p199
p388,p430
p388,p759
p388,p447
p388,p353
p388,p99
p388,p12
p388,p19
p388,p468
p388,p332
p388,p90
p388,p7
p388,p443
p388,p532
p388,p1502
p388,p537
p388,p103
p388,p83
p388,p494
p388,p174
p388,p166
p388,p92
p388,p798
p1914,p116
p1914,p407
p1914,p147
p1914,p59
p1914,p109
p1914,p311
p1914,p22
p1914,p75
p1914,p577
p1914,p330
p1914,p511
p1914,p696
p1914,p40
p1914,p159
p1914,p296
p1914,p16
p1914,p563
p1914,p10
p1914,p393
p1914,p80
p1914,p680
p1914,p197
p1914,p124
p1914,p56
p1914,p117
p1914,p838
p1914,p71
p1914,p185
p1914,p181
p1914,p614
p1914,p60
p1914,p585
p1914,p205
p1914,p169
p1914,p227
p1914,p50
p1914,p901
p1914,p199
p1914,p430
p1914,p759
p1914,p447
p1914,p353
p1914,p99
p1914,p12
p1914,p19
p1914,p468
p1914,p332
p1914,p90
p1914,p7
p1914,p443
p1914,p532
p1914,p1502
p1914,p537
p1914,p103
p1914,p83
p1914,p494
p1914,p174
p1914,p166
p1914,p92
p1914,p798
p1591,p116
p1591,p407
p1591,p147
p1591,p59
p1591,p109
p1591,p311
p1591,p22
p1591,p75
p1591,p577
p1591,p330
p1591,p511
p1591,p696
p1591,p40
p1591,p159
p1591,p296
p1591,p16
p1591,p563
p1591,p10
p1591,p393
p1591,p80
p1591,p680
p1591,p197
p1591,p124
p1591,p56
p1591,p117
p1591,p838
p1591,p71
p1591,p185
p1591,p181
p1591,p614
p1591,p60
p1591,p585
p1591,p205
p1591,p169
p1591,p227
p1591,p50
p1591,p901
p1591,p199
p1591,p430
p1591,p759
p1591,p447
