p448,p316
p448,p806
p448,p1071
p448,p1412
p448,p1873
p448,p1549
p448,p1086
p448,p204
p448,p1096
p448,p1888
p448,p1396
p448,p810
p448,p1107
p448,p186
p448,p528
p448,p1117
p448,p583
p448,p1700
p448,p1900
p448,p1561
p448,p172
p448,p1565
p448,p1379
p448,p554
p448,p1372
p448,p1158
p448,p570
p448,p1171
p448,p748
p448,p580
p448,p1721
p448,p237
p448,p239
p448,p1418
p448,p1482
p448,p940
p448,p1496
p448,p1800
p448,p1768
p448,p332
p448,p329
p448,p1464
p448,p1764
p448,p1501
p448,p317
p448,p1623
p448,p300
p448,p429
p448,p873
p448,p1826
p448,p287
p448,p863
p448,p1521
p448,p1018
p448,p1838
p448,p1020
p448,p268
p448,p855
p448,p262
p448,p256
p822,p316
p822,p806
p822,p1071
p822,p1412
p822,p1873
p822,p1549
p822,p1086
p822,p204
p822,p1096
p822,p1888
p822,p1396
p822,p810
p822,p1107
p822,p186
p822,p528
p822,p1117
p822,p583
p822,p1700
p822,p1900
p822,p1561
p822,p172
p822,p1565
p822,p1379
p822,p554
p822,p1372
p822,p1158
p822,p570
p822,p1171
p822,p748
p822,p580
p822,p1721
p822,p237
p822,p239
p822,p1418
p822,p1482
p822,p940
p822,p1496
p822,p1800
p822,p1768
p822,p332
p822,p329
p822,p1464
p822,p1764
p822,p1501
p822,p317
p822,p300
p822,p429
p822,p873
p822,p1826
p822,p287
p822,p863
p822,p1521
p822,p1018
p822,p1838
p822,p1020
p822,p268
p822,p855
p822,p262
p822,p256
p1722,p316
p1722,p806
p1722,p1071
p1722,p1412
p1722,p1873
p1722,p1549
p1722,p1086
p1722,p204
p1722,p1096
p1722,p1888
p1722,p1396
p1722,p810
p1722,p1107
p1722,p186
p1722,p528
p1722,p1117
p1722,p583
p1722,p1700
p1722,p1900
p1722,p1561
p1722,p172
p1722,p1565
p1722,p1379
p1722,p554
p1722,p1372
p1722,p1158
p1722,p570
p1722,p1171
p1722,p748
p1722,p580
p1722,p1721
p1722,p237
p1722,p239
p1722,p1418
p1722,p1482
p1722,p940
p1722,p1496
p1722,p1800
p1722,p1768
p1722,p332
p1722,p329
p1722,p1464
p1722,p1764
p1722,p1501
p1722,p317
p1722,p1623
p1722,p300
p1722,p429
p1722,p873
p1722,p1826
p1722,p287
p1722,p863
p1722,p1521
p1722,p1018
p1722,p1838
p1722,p1020
p1722,p268
p1722,p855
p1722,p262
p1722,p256
p390,p316
p390,p806
p390,p1071
p390,p1412
p390,p1873
p390,p1549
p390,p1086
p390,p204
p390,p1096
p390,p1888
p390,p1396
p390,p810
p390,p1107
p390,p186
p390,p528
p390,p1117
p390,p583
p390,p1700
p390,p1900
p390,p1561
p390,p172
p390,p1565
p390,p1379
p390,p554
p390,p1372
p390,p1158
p390,p570
p390,p1171
p390,p748
p390,p580
p390,p1721
p390,p237
p390,p239
p390,p1418
p390,p1482
p390,p940
p390,p1496
p390,p1800
p390,p1768
p390,p332
p390,p329
p390,p1464
p390,p1764
p390,p1501
p390,p317
p390,p1623
p390,p300
p390,p429
p390,p873
p390,p1826
p390,p287
p390,p863
p390,p1521
p390,p1018
p390,p1838
p390,p1020
p390,p268
p390,p855
p390,p262
p390,p256
p1163,p316
p1163,p806
p1163,p1071
p1163,p1412
p1163,p1873
p1163,p1549
p1163,p1086
p1163,p204
p1163,p1096
p1163,p1888
p1163,p1396
p1163,p810
p1163,p1107
p1163,p186
p1163,p528
p1163,p1117
p1163,p583
p1163,p1700
p1163,p1900
p1163,p1561
p1163,p172
p1163,p1565
p1163,p1379
p1163,p554
p1163,p1372
p1163,p1158
p1163,p570
p1163,p1171
p1163,p748
p1163,p580
p1163,p1721
p1163,p237
p1163,p239
p1163,p1418
p1163,p1482
p1163,p940
p1163,p1496
p1163,p1800
p1163,p1768
p1163,p332
p1163,p329
p1163,p1464
p1163,p1764
p1163,p1501
p1163,p317
p1163,p1623
p1163,p300
p1163,p429
p1163,p873
p1163,p1826
p1163,p287
p1163,p863
p1163,p1521
p1163,p1018
p1163,p1838
p1163,p1020
p1163,p268
p1163,p855
p1163,p262
p1163,p256
p1542,p316
p1542,p806
p1542,p1071
p1542,p1412
p1542,p1873
p1542,p1549
p1542,p1086
p1542,p204
p1542,p1096
p1542,p1888
p1542,p1396
p1542,p810
p1542,p1107
p1542,p186
p1542,p528
p1542,p1117
p1542,p583
p1542,p1700
p1542,p1900
p1542,p1561
p1542,p172
p1542,p1565
p1542,p1379
p1542,p554
p1542,p1372
p1542,p1158
p1542,p570
p1542,p1171
p1542,p748
p1542,p580
p1542,p1721
p1542,p237
p1542,p239
p1542,p1418
p1542,p1482
p1542,p940
p1542,p1496
p1542,p1800
p1542,p1768
p1542,p332
p1542,p329
p1542,p1464
p1542,p1764
p1542,p1501
p1542,p317
p1542,p1623
p1542,p300
p1542,p429
p1542,p873
p1542,p1826
p1542,p287
p1542,p863
p1542,p1521
p1542,p1018
p1542,p1838
p1542,p1020
p1542,p268
p1542,p855
p1542,p262
p1542,p256
p1016,p316
p1016,p806
p1016,p1071
p1016,p1412
p1016,p1873
p1016,p1549
p1016,p1086
p1016,p204
p1016,p1096
p1016,p1888
p1016,p1396
p1016,p810
p1016,p1107
p1016,p186
p1016,p528
p1016,p1117
p1016,p583
p1016,p1700
p1016,p1900
p1016,p1561
p1016,p172
p1016,p1565
p1016,p1379
p1016,p554
p1016,p1372
p1016,p1158
p1016,p570
p1016,p1171
p1016,p748
p1016,p580
p1016,p1721
p1016,p237
p1016,p239
p1016,p1418
p1016,p1482
p1016,p940
p1016,p1496
p1016,p1800
p1016,p1768
p1016,p332
p1016,p329
p1016,p1464
p1016,p1764
p1016,p1501
p1016,p317
p1016,p1623
p1016,p300
p1016,p429
p1016,p873
p1016,p1826
p1016,p287
p1016,p863
p1016,p1521
p1016,p1018
p1016,p1838
p1016,p1020
p1016,p268
p1016,p855
p1016,p262
p1016,p256
p1168,p316
p1168,p806
p1168,p1071
p1168,p1412
p1168,p1873
p1168,p1549
p1168,p1086
p1168,p204
p1168,p1096
p1168,p1888
p1168,p1396
p1168,p810
p1168,p1107
p1168,p186
p1168,p528
p1168,p1117
p1168,p583
p1168,p1700
p1168,p1900
p1168,p1561
p1168,p172
p1168,p1565
p1168,p1379
p1168,p554
p1168,p1372
p1168,p1158
p1168,p570
p1168,p1171
p1168,p748
p1168,p580
p1168,p1721
p1168,p237
p1168,p239
p1168,p1418
p1168,p1482
p1168,p940
p1168,p1496
p1168,p1800
p1168,p1768
p1168,p332
p1168,p329
p1168,p1464
p1168,p1764
p1168,p1501
p1168,p317
p1168,p1623
p1168,p300
p1168,p429
p1168,p873
p1168,p1826
p1168,p287
p1168,p863
p1168,p1521
p1168,p1018
p1168,p1838
p1168,p1020
p1168,p268
p1168,p855
p1168,p262
p1168,p256
p832,p316
p832,p806
p832,p1071
p832,p1412
p832,p1873
p832,p1549
p832,p1086
p832,p204
p832,p1096
p832,p1888
p832,p1396
p832,p810
p832,p1107
p832,p186
p832,p528
p832,p1117
p832,p583
p832,p1700
p832,p1900
p832,p1561
p832,p172
p832,p1565
p832,p1379
p832,p554
p832,p1372
p832,p1158
p832,p570
p832,p1171
p832,p748
p832,p580
p832,p1721
p832,p237
p832,p239
p832,p1418
p832,p1482
p832,p940
p832,p1496
p832,p1800
p832,p1768
p832,p332
p832,p329
p832,p1464
p832,p1764
p832,p1501
p832,p317
p832,p1623
p832,p300
p832,p429
p832,p873
p832,p1826
p832,p287
p832,p863
p832,p1521
p832,p1018
p832,p1838
p832,p1020
p832,p268
p832,p855
p832,p262
p832,p256
p1360,p316
p1360,p806
p1360,p1071
p1360,p1412
p1360,p1873
p1360,p1549
p1360,p1086
p1360,p204
p1360,p1096
p1360,p1888
p1360,p1396
p1360,p810
p1360,p1107
p1360,p186
p1360,p528
p1360,p1117
p1360,p583
p1360,p1700
p1360,p1900
p1360,p1561
p1360,p172
p1360,p1565
p1360,p1379
p1360,p554
p1360,p1372
p1360,p1158
p1360,p570
p1360,p1171
p1360,p748
p1360,p580
p1360,p1721
p1360,p237
p1360,p239
p1360,p1418
p1360,p1482
p1360,p940
p1360,p1496
p1360,p1800
p1360,p1768
p1360,p332
p1360,p329
p1360,p1464
p1360,p1764
p1360,p1501
p1360,p317
p1360,p1623
p1360,p300
p1360,p429
p1360,p873
p1360,p1826
p1360,p287
p1360,p863
p1360,p1521
p1360,p1018
p1360,p1838
p1360,p1020
p1360,p268
p1360,p855
p1360,p262
p1360,p256
p1359,p316
p1359,p806
p1359,p1071
p1359,p1412
p1359,p1873
p1359,p1549
p1359,p1086
p1359,p204
p1359,p1096
p1359,p1888
p1359,p1396
p1359,p810
p1359,p1107
p1359,p186
p1359,p528
p1359,p1117
p1359,p583
p1359,p1700
p1359,p1900
p1359,p1561
p1359,p172
p1359,p1565
p1359,p1379
p1359,p554
p1359,p1372
p1359,p1158
p1359,p570
p1359,p1171
p1359,p748
p1359,p580
p1359,p1721
p1359,p237
p1359,p239
p1359,p1418
p1359,p1482
p1359,p940
p1359,p1496
p1359,p1800
p1359,p1768
p1359,p332
p1359,p329
